variable,group,bin,left,right,count,share_pct
funding_hours,结果变量,0,0.03,29.311364791667614,473283,38.3495
funding_hours,结果变量,1,29.311364791667614,58.59272958333523,105246,8.5279
funding_hours,结果变量,2,58.59272958333523,87.87409437500284,65529,5.3097
funding_hours,结果变量,3,87.87409437500284,117.15545916667045,50601,4.1001
funding_hours,结果变量,4,117.15545916667045,146.43682395833807,40871,3.3117
funding_hours,结果变量,5,146.43682395833807,175.71818875000568,32185,2.6079
funding_hours,结果变量,6,175.71818875000568,204.9995535416733,27319,2.2136
funding_hours,结果变量,7,204.9995535416733,234.2809183333409,24580,1.9917
funding_hours,结果变量,8,234.2809183333409,263.5622831250085,21341,1.7292
funding_hours,结果变量,9,263.5622831250085,292.8436479166761,19625,1.5902
funding_hours,结果变量,10,292.8436479166761,322.1250127083437,17867,1.4477
funding_hours,结果变量,11,322.1250127083437,351.40637750001133,16414,1.33
funding_hours,结果变量,12,351.40637750001133,380.68774229167894,15602,1.2642
funding_hours,结果变量,13,380.68774229167894,409.96910708334656,14023,1.1363
funding_hours,结果变量,14,409.96910708334656,439.25047187501417,13558,1.0986
funding_hours,结果变量,15,439.25047187501417,468.5318366666818,12851,1.0413
funding_hours,结果变量,16,468.5318366666818,497.8132014583494,12163,0.9856
funding_hours,结果变量,17,497.8132014583494,527.094566250017,12128,0.9827
funding_hours,结果变量,18,527.094566250017,556.3759310416847,11645,0.9436
funding_hours,结果变量,19,556.3759310416847,585.6572958333522,11426,0.9258
funding_hours,结果变量,20,585.6572958333522,614.9386606250198,13754,1.1145
funding_hours,结果变量,21,614.9386606250198,644.2200254166875,14668,1.1885
funding_hours,结果变量,22,644.2200254166875,673.5013902083551,17480,1.4164
funding_hours,结果变量,23,673.5013902083551,702.7827550000227,34817,2.8212
funding_hours,结果变量,24,702.7827550000227,732.0641197916902,43433,3.5193
funding_hours,结果变量,25,732.0641197916902,761.3454845833579,6298,0.5103
funding_hours,结果变量,26,761.3454845833579,790.6268493750256,7904,0.6405
funding_hours,结果变量,27,790.6268493750256,819.9082141666931,23682,1.9189
funding_hours,结果变量,28,819.9082141666931,849.1895789583607,41345,3.3501
funding_hours,结果变量,29,849.1895789583607,878.4709437500284,1348,0.1092
funding_hours,结果变量,30,878.4709437500284,907.752308541696,1263,0.1023
funding_hours,结果变量,31,907.752308541696,937.0336733333636,1245,0.1009
funding_hours,结果变量,32,937.0336733333636,966.3150381250312,1716,0.139
funding_hours,结果变量,33,966.3150381250312,995.5964029166988,1670,0.1353
funding_hours,结果变量,34,995.5964029166988,1024.8777677083665,1902,0.1541
funding_hours,结果变量,35,1024.8777677083665,1054.159132500034,2933,0.2377
funding_hours,结果变量,36,1054.159132500034,1083.4404972917016,19003,1.5398
funding_hours,结果变量,37,1083.4404972917016,1112.7218620833694,75,0.0061
funding_hours,结果变量,38,1112.7218620833694,1142.003226875037,48,0.0039
funding_hours,结果变量,39,1142.003226875037,1171.2845916667045,1290,0.1045
log_funding_hours,结果变量,0,0.02955880224154443,0.20548757622538014,15509,1.2567
log_funding_hours,结果变量,1,0.20548757622538014,0.3814163502092159,37259,3.019
log_funding_hours,结果变量,2,0.3814163502092159,0.5573451241930515,18650,1.5112
log_funding_hours,结果变量,3,0.5573451241930515,0.7332738981768873,18576,1.5052
log_funding_hours,结果变量,4,0.7332738981768873,0.909202672160723,21535,1.745
log_funding_hours,结果变量,5,0.909202672160723,1.0851314461445587,23198,1.8797
log_funding_hours,结果变量,6,1.0851314461445587,1.2610602201283945,23929,1.9389
log_funding_hours,结果变量,7,1.2610602201283945,1.4369889941122302,24171,1.9585
log_funding_hours,结果变量,8,1.4369889941122302,1.612917768096066,24125,1.9548
log_funding_hours,结果变量,9,1.612917768096066,1.7888465420799018,23424,1.898
log_funding_hours,结果变量,10,1.7888465420799018,1.9647753160637373,23161,1.8767
log_funding_hours,结果变量,11,1.9647753160637373,2.140704090047573,23277,1.8861
log_funding_hours,结果变量,12,2.140704090047573,2.316632864031409,23028,1.8659
log_funding_hours,结果变量,13,2.316632864031409,2.4925616380152444,23518,1.9056
log_funding_hours,结果变量,14,2.4925616380152444,2.6684904119990804,24395,1.9767
log_funding_hours,结果变量,15,2.6684904119990804,2.844419185982916,25815,2.0918
log_funding_hours,结果变量,16,2.844419185982916,3.0203479599667515,29356,2.3787
log_funding_hours,结果变量,17,3.0203479599667515,3.1962767339505875,33661,2.7275
log_funding_hours,结果变量,18,3.1962767339505875,3.372205507934423,30675,2.4856
log_funding_hours,结果变量,19,3.372205507934423,3.548134281918259,25376,2.0562
log_funding_hours,结果变量,20,3.548134281918259,3.7240630559020946,25786,2.0894
log_funding_hours,结果变量,21,3.7240630559020946,3.89999182988593,30599,2.4794
log_funding_hours,结果变量,22,3.89999182988593,4.075920603869766,27834,2.2554
log_funding_hours,结果变量,23,4.075920603869766,4.251849377853601,28528,2.3116
log_funding_hours,结果变量,24,4.251849377853601,4.427778151837437,29654,2.4028
log_funding_hours,结果变量,25,4.427778151837437,4.603706925821273,31141,2.5233
log_funding_hours,结果变量,26,4.603706925821273,4.779635699805109,30055,2.4353
log_funding_hours,结果变量,27,4.779635699805109,4.955564473788944,31589,2.5596
log_funding_hours,结果变量,28,4.955564473788944,5.13149324777278,32084,2.5997
log_funding_hours,结果变量,29,5.13149324777278,5.307422021756616,31741,2.5719
log_funding_hours,结果变量,30,5.307422021756616,5.483350795740451,32414,2.6265
log_funding_hours,结果变量,31,5.483350795740451,5.659279569724287,31531,2.5549
log_funding_hours,结果变量,32,5.659279569724287,5.835208343708123,34083,2.7617
log_funding_hours,结果变量,33,5.835208343708123,6.011137117691958,33250,2.6942
log_funding_hours,结果变量,34,6.011137117691958,6.187065891675794,35300,2.8603
log_funding_hours,结果变量,35,6.187065891675794,6.36299466565963,37400,3.0305
log_funding_hours,结果变量,36,6.36299466565963,6.538923439643465,61476,4.9813
log_funding_hours,结果变量,37,6.538923439643465,6.714852213627301,107881,8.7415
log_funding_hours,结果变量,38,6.714852213627301,6.890780987611137,43113,3.4934
log_funding_hours,结果变量,39,6.890780987611137,7.066709761594973,26034,2.1095
funded_within_72h,结果变量,0,0.0,0.025,621618,50.3689
funded_within_72h,结果变量,1,0.025,0.05,0,0.0
funded_within_72h,结果变量,2,0.05,0.07500000000000001,0,0.0
funded_within_72h,结果变量,3,0.07500000000000001,0.1,0,0.0
funded_within_72h,结果变量,4,0.1,0.125,0,0.0
funded_within_72h,结果变量,5,0.125,0.15000000000000002,0,0.0
funded_within_72h,结果变量,6,0.15000000000000002,0.17500000000000002,0,0.0
funded_within_72h,结果变量,7,0.17500000000000002,0.2,0,0.0
funded_within_72h,结果变量,8,0.2,0.225,0,0.0
funded_within_72h,结果变量,9,0.225,0.25,0,0.0
funded_within_72h,结果变量,10,0.25,0.275,0,0.0
funded_within_72h,结果变量,11,0.275,0.30000000000000004,0,0.0
funded_within_72h,结果变量,12,0.30000000000000004,0.325,0,0.0
funded_within_72h,结果变量,13,0.325,0.35000000000000003,0,0.0
funded_within_72h,结果变量,14,0.35000000000000003,0.375,0,0.0
funded_within_72h,结果变量,15,0.375,0.4,0,0.0
funded_within_72h,结果变量,16,0.4,0.42500000000000004,0,0.0
funded_within_72h,结果变量,17,0.42500000000000004,0.45,0,0.0
funded_within_72h,结果变量,18,0.45,0.47500000000000003,0,0.0
funded_within_72h,结果变量,19,0.47500000000000003,0.5,0,0.0
funded_within_72h,结果变量,20,0.5,0.525,0,0.0
funded_within_72h,结果变量,21,0.525,0.55,0,0.0
funded_within_72h,结果变量,22,0.55,0.5750000000000001,0,0.0
funded_within_72h,结果变量,23,0.5750000000000001,0.6000000000000001,0,0.0
funded_within_72h,结果变量,24,0.6000000000000001,0.625,0,0.0
funded_within_72h,结果变量,25,0.625,0.65,0,0.0
funded_within_72h,结果变量,26,0.65,0.675,0,0.0
funded_within_72h,结果变量,27,0.675,0.7000000000000001,0,0.0
funded_within_72h,结果变量,28,0.7000000000000001,0.7250000000000001,0,0.0
funded_within_72h,结果变量,29,0.7250000000000001,0.75,0,0.0
funded_within_72h,结果变量,30,0.75,0.775,0,0.0
funded_within_72h,结果变量,31,0.775,0.8,0,0.0
funded_within_72h,结果变量,32,0.8,0.8250000000000001,0,0.0
funded_within_72h,结果变量,33,0.8250000000000001,0.8500000000000001,0,0.0
funded_within_72h,结果变量,34,0.8500000000000001,0.875,0,0.0
funded_within_72h,结果变量,35,0.875,0.9,0,0.0
funded_within_72h,结果变量,36,0.9,0.925,0,0.0
funded_within_72h,结果变量,37,0.925,0.9500000000000001,0,0.0
funded_within_72h,结果变量,38,0.9500000000000001,0.9750000000000001,0,0.0
funded_within_72h,结果变量,39,0.9750000000000001,1.0,612513,49.6311
pool_size_active,池规模,0,10.0,112.05,178681,14.4783
pool_size_active,池规模,1,112.05,214.1,91803,7.4387
pool_size_active,池规模,2,214.1,316.15,57445,4.6547
pool_size_active,池规模,3,316.15,418.2,67929,5.5042
pool_size_active,池规模,4,418.2,520.25,75466,6.1149
pool_size_active,池规模,5,520.25,622.3,54821,4.4421
pool_size_active,池规模,6,622.3,724.35,48750,3.9501
pool_size_active,池规模,7,724.35,826.4,53066,4.2999
pool_size_active,池规模,8,826.4,928.4499999999999,63583,5.152
pool_size_active,池规模,9,928.4499999999999,1030.5,70986,5.7519
pool_size_active,池规模,10,1030.5,1132.55,69051,5.5951
pool_size_active,池规模,11,1132.55,1234.6,63568,5.1508
pool_size_active,池规模,12,1234.6,1336.6499999999999,55684,4.512
pool_size_active,池规模,13,1336.6499999999999,1438.7,47110,3.8173
pool_size_active,池规模,14,1438.7,1540.75,34801,2.8199
pool_size_active,池规模,15,1540.75,1642.8,23898,1.9364
pool_size_active,池规模,16,1642.8,1744.85,22013,1.7837
pool_size_active,池规模,17,1744.85,1846.8999999999999,20261,1.6417
pool_size_active,池规模,18,1846.8999999999999,1948.95,17791,1.4416
pool_size_active,池规模,19,1948.95,2051.0,16100,1.3046
pool_size_active,池规模,20,2051.0,2153.0499999999997,14430,1.1692
pool_size_active,池规模,21,2153.0499999999997,2255.1,9332,0.7562
pool_size_active,池规模,22,2255.1,2357.15,7751,0.6281
pool_size_active,池规模,23,2357.15,2459.2,8382,0.6792
pool_size_active,池规模,24,2459.2,2561.25,9378,0.7599
pool_size_active,池规模,25,2561.25,2663.2999999999997,6587,0.5337
pool_size_active,池规模,26,2663.2999999999997,2765.35,7091,0.5746
pool_size_active,池规模,27,2765.35,2867.4,7110,0.5761
pool_size_active,池规模,28,2867.4,2969.45,5889,0.4772
pool_size_active,池规模,29,2969.45,3071.5,5842,0.4734
pool_size_active,池规模,30,3071.5,3173.5499999999997,4068,0.3296
pool_size_active,池规模,31,3173.5499999999997,3275.6,4136,0.3351
pool_size_active,池规模,32,3275.6,3377.65,2440,0.1977
pool_size_active,池规模,33,3377.65,3479.7,2417,0.1958
pool_size_active,池规模,34,3479.7,3581.75,1905,0.1544
pool_size_active,池规模,35,3581.75,3683.7999999999997,1146,0.0929
pool_size_active,池规模,36,3683.7999999999997,3785.85,856,0.0694
pool_size_active,池规模,37,3785.85,3887.9,718,0.0582
pool_size_active,池规模,38,3887.9,3989.95,391,0.0317
pool_size_active,池规模,39,3989.95,4092.0,1455,0.1179
pool_size_14d,池规模,0,18.0,136.35,112980,9.1546
pool_size_14d,池规模,1,136.35,254.7,105243,8.5277
pool_size_14d,池规模,2,254.7,373.04999999999995,58883,4.7712
pool_size_14d,池规模,3,373.04999999999995,491.4,38136,3.0901
pool_size_14d,池规模,4,491.4,609.75,32216,2.6104
pool_size_14d,池规模,5,609.75,728.0999999999999,34336,2.7822
pool_size_14d,池规模,6,728.0999999999999,846.4499999999999,43956,3.5617
pool_size_14d,池规模,7,846.4499999999999,964.8,63634,5.1562
pool_size_14d,池规模,8,964.8,1083.1499999999999,77728,6.2982
pool_size_14d,池规模,9,1083.1499999999999,1201.5,74795,6.0605
pool_size_14d,池规模,10,1201.5,1319.85,76753,6.2192
pool_size_14d,池规模,11,1319.85,1438.1999999999998,74900,6.069
pool_size_14d,池规模,12,1438.1999999999998,1556.55,73053,5.9194
pool_size_14d,池规模,13,1556.55,1674.8999999999999,63532,5.1479
pool_size_14d,池规模,14,1674.8999999999999,1793.25,59557,4.8258
pool_size_14d,池规模,15,1793.25,1911.6,50927,4.1265
pool_size_14d,池规模,16,1911.6,2029.9499999999998,42194,3.4189
pool_size_14d,池规模,17,2029.9499999999998,2148.2999999999997,34612,2.8046
pool_size_14d,池规模,18,2148.2999999999997,2266.65,26845,2.1752
pool_size_14d,池规模,19,2266.65,2385.0,24333,1.9717
pool_size_14d,池规模,20,2385.0,2503.35,15629,1.2664
pool_size_14d,池规模,21,2503.35,2621.7,11376,0.9218
pool_size_14d,池规模,22,2621.7,2740.0499999999997,10141,0.8217
pool_size_14d,池规模,23,2740.0499999999997,2858.3999999999996,7187,0.5824
pool_size_14d,池规模,24,2858.3999999999996,2976.75,6079,0.4926
pool_size_14d,池规模,25,2976.75,3095.1,3198,0.2591
pool_size_14d,池规模,26,3095.1,3213.45,2016,0.1634
pool_size_14d,池规模,27,3213.45,3331.7999999999997,1411,0.1143
pool_size_14d,池规模,28,3331.7999999999997,3450.1499999999996,1084,0.0878
pool_size_14d,池规模,29,3450.1499999999996,3568.5,983,0.0797
pool_size_14d,池规模,30,3568.5,3686.85,760,0.0616
pool_size_14d,池规模,31,3686.85,3805.2,360,0.0292
pool_size_14d,池规模,32,3805.2,3923.5499999999997,637,0.0516
pool_size_14d,池规模,33,3923.5499999999997,4041.8999999999996,536,0.0434
pool_size_14d,池规模,34,4041.8999999999996,4160.25,484,0.0392
pool_size_14d,池规模,35,4160.25,4278.599999999999,417,0.0338
pool_size_14d,池规模,36,4278.599999999999,4396.95,466,0.0378
pool_size_14d,池规模,37,4396.95,4515.3,451,0.0365
pool_size_14d,池规模,38,4515.3,4633.65,535,0.0434
pool_size_14d,池规模,39,4633.65,4752.0,1768,0.1433
pool_size_16d,池规模,0,22.0,153.4185000000056,110764,8.9751
pool_size_16d,池规模,1,153.4185000000056,284.8370000000112,106517,8.6309
pool_size_16d,池规模,2,284.8370000000112,416.2555000000168,57745,4.679
pool_size_16d,池规模,3,416.2555000000168,547.6740000000224,37599,3.0466
pool_size_16d,池规模,4,547.6740000000224,679.0925000000279,30144,2.4425
pool_size_16d,池规模,5,679.0925000000279,810.5110000000336,31499,2.5523
pool_size_16d,池规模,6,810.5110000000336,941.9295000000392,39963,3.2381
pool_size_16d,池规模,7,941.9295000000392,1073.3480000000447,58642,4.7517
pool_size_16d,池规模,8,1073.3480000000447,1204.7665000000504,74812,6.0619
pool_size_16d,池规模,9,1204.7665000000504,1336.1850000000559,78011,6.3211
pool_size_16d,池规模,10,1336.1850000000559,1467.6035000000616,78713,6.378
pool_size_16d,池规模,11,1467.6035000000616,1599.0220000000672,77929,6.3145
pool_size_16d,池规模,12,1599.0220000000672,1730.4405000000727,75523,6.1195
pool_size_16d,池规模,13,1730.4405000000727,1861.8590000000784,66099,5.3559
pool_size_16d,池规模,14,1861.8590000000784,1993.2775000000838,57911,4.6925
pool_size_16d,池规模,15,1993.2775000000838,2124.6960000000895,56210,4.5546
pool_size_16d,池规模,16,2124.6960000000895,2256.114500000095,43442,3.52
pool_size_16d,池规模,17,2256.114500000095,2387.533000000101,34880,2.8263
pool_size_16d,池规模,18,2387.533000000101,2518.951500000106,27997,2.2686
pool_size_16d,池规模,19,2518.951500000106,2650.3700000001118,23771,1.9261
pool_size_16d,池规模,20,2650.3700000001118,2781.7885000001174,16540,1.3402
pool_size_16d,池规模,21,2781.7885000001174,2913.207000000123,11132,0.902
pool_size_16d,池规模,22,2913.207000000123,3044.625500000129,8924,0.7231
pool_size_16d,池规模,23,3044.625500000129,3176.0440000001345,7511,0.6086
pool_size_16d,池规模,24,3176.0440000001345,3307.4625000001397,5994,0.4857
pool_size_16d,池规模,25,3307.4625000001397,3438.8810000001454,3818,0.3094
pool_size_16d,池规模,26,3438.8810000001454,3570.299500000151,2302,0.1865
pool_size_16d,池规模,27,3570.299500000151,3701.7180000001567,1277,0.1035
pool_size_16d,池规模,28,3701.7180000001567,3833.1365000001624,996,0.0807
pool_size_16d,池规模,29,3833.1365000001624,3964.5550000001676,954,0.0773
pool_size_16d,池规模,30,3964.5550000001676,4095.9735000001733,840,0.0681
pool_size_16d,池规模,31,4095.9735000001733,4227.392000000179,549,0.0445
pool_size_16d,池规模,32,4227.392000000179,4358.810500000184,489,0.0396
pool_size_16d,池规模,33,4358.810500000184,4490.22900000019,311,0.0252
pool_size_16d,池规模,34,4490.22900000019,4621.647500000196,334,0.0271
pool_size_16d,池规模,35,4621.647500000196,4753.066000000202,305,0.0247
pool_size_16d,池规模,36,4753.066000000202,4884.484500000207,624,0.0506
pool_size_16d,池规模,37,4884.484500000207,5015.903000000212,921,0.0746
pool_size_16d,池规模,38,5015.903000000212,5147.321500000218,399,0.0323
pool_size_16d,池规模,39,5147.321500000218,5278.7400000002235,1740,0.141
lag_pool_raw_count,池规模,0,44.0,249.3,87637,7.1011
lag_pool_raw_count,池规模,1,249.3,454.6,106828,8.6561
lag_pool_raw_count,池规模,2,454.6,659.9000000000001,56725,4.5964
lag_pool_raw_count,池规模,3,659.9000000000001,865.2,48254,3.91
lag_pool_raw_count,池规模,4,865.2,1070.5,18153,1.4709
lag_pool_raw_count,池规模,5,1070.5,1275.8000000000002,9139,0.7405
lag_pool_raw_count,池规模,6,1275.8000000000002,1481.1000000000001,9757,0.7906
lag_pool_raw_count,池规模,7,1481.1000000000001,1686.4,20667,1.6746
lag_pool_raw_count,池规模,8,1686.4,1891.7,32439,2.6285
lag_pool_raw_count,池规模,9,1891.7,2097.0,53938,4.3705
lag_pool_raw_count,池规模,10,2097.0,2302.3,81280,6.586
lag_pool_raw_count,池规模,11,2302.3,2507.6000000000004,97451,7.8963
lag_pool_raw_count,池规模,12,2507.6000000000004,2712.9,93152,7.548
lag_pool_raw_count,池规模,13,2712.9,2918.2000000000003,88997,7.2113
lag_pool_raw_count,池规模,14,2918.2000000000003,3123.5,66956,5.4254
lag_pool_raw_count,池规模,15,3123.5,3328.8,43200,3.5004
lag_pool_raw_count,池规模,16,3328.8,3534.1000000000004,44902,3.6383
lag_pool_raw_count,池规模,17,3534.1000000000004,3739.4,50320,4.0774
lag_pool_raw_count,池规模,18,3739.4,3944.7000000000003,57107,4.6273
lag_pool_raw_count,池规模,19,3944.7000000000003,4150.0,46932,3.8028
lag_pool_raw_count,池规模,20,4150.0,4355.3,31116,2.5213
lag_pool_raw_count,池规模,21,4355.3,4560.6,28673,2.3233
lag_pool_raw_count,池规模,22,4560.6,4765.900000000001,16374,1.3268
lag_pool_raw_count,池规模,23,4765.900000000001,4971.200000000001,9239,0.7486
lag_pool_raw_count,池规模,24,4971.200000000001,5176.5,7637,0.6188
lag_pool_raw_count,池规模,25,5176.5,5381.8,4612,0.3737
lag_pool_raw_count,池规模,26,5381.8,5587.1,2963,0.2401
lag_pool_raw_count,池规模,27,5587.1,5792.400000000001,4802,0.3891
lag_pool_raw_count,池规模,28,5792.400000000001,5997.700000000001,5376,0.4356
lag_pool_raw_count,池规模,29,5997.700000000001,6203.0,2278,0.1846
lag_pool_raw_count,池规模,30,6203.0,6408.3,954,0.0773
lag_pool_raw_count,池规模,31,6408.3,6613.6,448,0.0363
lag_pool_raw_count,池规模,32,6613.6,6818.900000000001,186,0.0151
lag_pool_raw_count,池规模,33,6818.900000000001,7024.200000000001,569,0.0461
lag_pool_raw_count,池规模,34,7024.200000000001,7229.5,571,0.0463
lag_pool_raw_count,池规模,35,7229.5,7434.8,1589,0.1288
lag_pool_raw_count,池规模,36,7434.8,7640.1,185,0.015
lag_pool_raw_count,池规模,37,7640.1,7845.400000000001,46,0.0037
lag_pool_raw_count,池规模,38,7845.400000000001,8050.700000000001,1146,0.0929
lag_pool_raw_count,池规模,39,8050.700000000001,8256.0,1533,0.1242
lag_weight,池规模,0,10.528908024323128,83.82098968396252,108567,8.797
lag_weight,池规模,1,83.82098968396252,157.11307134360192,116119,9.409
lag_weight,池规模,2,157.11307134360192,230.4051530032413,56075,4.5437
lag_weight,池规模,3,230.4051530032413,303.6972346628807,34619,2.8051
lag_weight,池规模,4,303.6972346628807,376.9893163225201,26407,2.1397
lag_weight,池规模,5,376.9893163225201,450.2813979821595,33087,2.681
lag_weight,池规模,6,450.2813979821595,523.5734796417988,51238,4.1517
lag_weight,池规模,7,523.5734796417988,596.8655613014382,53545,4.3387
lag_weight,池规模,8,596.8655613014382,670.1576429610776,71450,5.7895
lag_weight,池规模,9,670.1576429610776,743.449724620717,73197,5.9311
lag_weight,池规模,10,743.449724620717,816.7418062803564,74964,6.0742
lag_weight,池规模,11,816.7418062803564,890.0338879399958,71983,5.8327
lag_weight,池规模,12,890.0338879399958,963.3259695996352,66893,5.4203
lag_weight,池规模,13,963.3259695996352,1036.6180512592746,68410,5.5432
lag_weight,池规模,14,1036.6180512592746,1109.910132918914,54122,4.3854
lag_weight,池规模,15,1109.910132918914,1183.2022145785534,44445,3.6013
lag_weight,池规模,16,1183.2022145785534,1256.4942962381926,46704,3.7844
lag_weight,池规模,17,1256.4942962381926,1329.7863778978322,44507,3.6063
lag_weight,池规模,18,1329.7863778978322,1403.0784595574717,31509,2.5531
lag_weight,池规模,19,1403.0784595574717,1476.370541217111,29297,2.3739
lag_weight,池规模,20,1476.370541217111,1549.6626228767502,20411,1.6539
lag_weight,池规模,21,1549.6626228767502,1622.9547045363897,12756,1.0336
lag_weight,池规模,22,1622.9547045363897,1696.2467861960292,9986,0.8092
lag_weight,池规模,23,1696.2467861960292,1769.5388678556685,9256,0.75
lag_weight,池规模,24,1769.5388678556685,1842.8309495153078,6126,0.4964
lag_weight,池规模,25,1842.8309495153078,1916.1230311749473,4978,0.4034
lag_weight,池规模,26,1916.1230311749473,1989.4151128345868,3081,0.2496
lag_weight,池规模,27,1989.4151128345868,2062.7071944942263,2160,0.175
lag_weight,池规模,28,2062.7071944942263,2135.9992761538656,2002,0.1622
lag_weight,池规模,29,2135.9992761538656,2209.2913578135053,895,0.0725
lag_weight,池规模,30,2209.2913578135053,2282.5834394731446,902,0.0731
lag_weight,池规模,31,2282.5834394731446,2355.875521132784,791,0.0641
lag_weight,池规模,32,2355.875521132784,2429.167602792423,522,0.0423
lag_weight,池规模,33,2429.167602792423,2502.4596844520624,548,0.0444
lag_weight,池规模,34,2502.4596844520624,2575.751766111702,252,0.0204
lag_weight,池规模,35,2575.751766111702,2649.0438477713415,237,0.0192
lag_weight,池规模,36,2649.0438477713415,2722.3359294309807,348,0.0282
lag_weight,池规模,37,2722.3359294309807,2795.6280110906205,90,0.0073
lag_weight,池规模,38,2795.6280110906205,2868.9200927502598,137,0.0111
lag_weight,池规模,39,2868.9200927502598,2942.212174409899,1515,0.1228
lag_kish_n,池规模,0,24.55001326857652,155.65979896245065,92215,7.4721
lag_kish_n,池规模,1,155.65979896245065,286.7695846563248,108500,8.7916
lag_kish_n,池规模,2,286.7695846563248,417.8793703501989,59962,4.8586
lag_kish_n,池规模,3,417.8793703501989,548.9891560440731,41427,3.3568
lag_kish_n,池规模,4,548.9891560440731,680.0989417379471,15827,1.2824
lag_kish_n,池规模,5,680.0989417379471,811.2087274318213,11441,0.927
lag_kish_n,池规模,6,811.2087274318213,942.3185131256955,22559,1.8279
lag_kish_n,池规模,7,942.3185131256955,1073.4282988195696,35661,2.8896
lag_kish_n,池规模,8,1073.4282988195696,1204.5380845134437,57238,4.6379
lag_kish_n,池规模,9,1204.5380845134437,1335.6478702073177,76873,6.2289
lag_kish_n,池规模,10,1335.6478702073177,1466.757655901192,88618,7.1806
lag_kish_n,池规模,11,1466.757655901192,1597.867441595066,86976,7.0476
lag_kish_n,池规模,12,1597.867441595066,1728.9772272889402,79845,6.4697
lag_kish_n,池规模,13,1728.9772272889402,1860.0870129828145,59585,4.8281
lag_kish_n,池规模,14,1860.0870129828145,1991.1967986766886,59150,4.7928
lag_kish_n,池规模,15,1991.1967986766886,2122.3065843705626,54702,4.4324
lag_kish_n,池规模,16,2122.3065843705626,2253.4163700644367,54437,4.411
lag_kish_n,池规模,17,2253.4163700644367,2384.526155758311,46604,3.7763
lag_kish_n,池规模,18,2384.526155758311,2515.635941452185,50851,4.1204
lag_kish_n,池规模,19,2515.635941452185,2646.745727146059,30924,2.5057
lag_kish_n,池规模,20,2646.745727146059,2777.8555128399335,28932,2.3443
lag_kish_n,池规模,21,2777.8555128399335,2908.9652985338075,21298,1.7257
lag_kish_n,池规模,22,2908.9652985338075,3040.0750842276816,13243,1.0731
lag_kish_n,池规模,23,3040.0750842276816,3171.1848699215557,5702,0.462
lag_kish_n,池规模,24,3171.1848699215557,3302.2946556154297,5961,0.483
lag_kish_n,池规模,25,3302.2946556154297,3433.404441309304,4083,0.3308
lag_kish_n,池规模,26,3433.404441309304,3564.514227003178,4703,0.3811
lag_kish_n,池规模,27,3564.514227003178,3695.6240126970524,5753,0.4662
lag_kish_n,池规模,28,3695.6240126970524,3826.7337983909265,2220,0.1799
lag_kish_n,池规模,29,3826.7337983909265,3957.8435840848006,1667,0.1351
lag_kish_n,池规模,30,3957.8435840848006,4088.9533697786746,713,0.0578
lag_kish_n,池规模,31,4088.9533697786746,4220.063155472549,1037,0.084
lag_kish_n,池规模,32,4220.063155472549,4351.172941166423,1819,0.1474
lag_kish_n,池规模,33,4351.172941166423,4482.282726860297,63,0.0051
lag_kish_n,池规模,34,4482.282726860297,4613.392512554171,419,0.034
lag_kish_n,池规模,35,4613.392512554171,4744.502298248045,90,0.0073
lag_kish_n,池规模,36,4744.502298248045,4875.612083941919,204,0.0165
lag_kish_n,池规模,37,4875.612083941919,5006.721869635793,276,0.0224
lag_kish_n,池规模,38,5006.721869635793,5137.831655329667,207,0.0168
lag_kish_n,池规模,39,5137.831655329667,5268.941441023542,2346,0.1901
lag_completed_raw_count,池规模,0,43.0,248.325,87522,7.0918
lag_completed_raw_count,池规模,1,248.325,453.65,107664,8.7239
lag_completed_raw_count,池规模,2,453.65,658.9749999999999,55794,4.5209
lag_completed_raw_count,池规模,3,658.9749999999999,864.3,48470,3.9275
lag_completed_raw_count,池规模,4,864.3,1069.625,18263,1.4798
lag_completed_raw_count,池规模,5,1069.625,1274.9499999999998,10206,0.827
lag_completed_raw_count,池规模,6,1274.9499999999998,1480.2749999999999,9880,0.8006
lag_completed_raw_count,池规模,7,1480.2749999999999,1685.6,21110,1.7105
lag_completed_raw_count,池规模,8,1685.6,1890.925,35199,2.8521
lag_completed_raw_count,池规模,9,1890.925,2096.25,53018,4.296
lag_completed_raw_count,池规模,10,2096.25,2301.575,83360,6.7546
lag_completed_raw_count,池规模,11,2301.575,2506.8999999999996,95854,7.7669
lag_completed_raw_count,池规模,12,2506.8999999999996,2712.225,95141,7.7091
lag_completed_raw_count,池规模,13,2712.225,2917.5499999999997,92728,7.5136
lag_completed_raw_count,池规模,14,2917.5499999999997,3122.875,67573,5.4754
lag_completed_raw_count,池规模,15,3122.875,3328.2,45563,3.6919
lag_completed_raw_count,池规模,16,3328.2,3533.5249999999996,40015,3.2424
lag_completed_raw_count,池规模,17,3533.5249999999996,3738.85,47634,3.8597
lag_completed_raw_count,池规模,18,3738.85,3944.1749999999997,58614,4.7494
lag_completed_raw_count,池规模,19,3944.1749999999997,4149.5,50914,4.1255
lag_completed_raw_count,池规模,20,4149.5,4354.825,30396,2.4629
lag_completed_raw_count,池规模,21,4354.825,4560.15,25755,2.0869
lag_completed_raw_count,池规模,22,4560.15,4765.474999999999,13795,1.1178
lag_completed_raw_count,池规模,23,4765.474999999999,4970.799999999999,8997,0.729
lag_completed_raw_count,池规模,24,4970.799999999999,5176.125,5243,0.4248
lag_completed_raw_count,池规模,25,5176.125,5381.45,4131,0.3347
lag_completed_raw_count,池规模,26,5381.45,5586.775,4828,0.3912
lag_completed_raw_count,池规模,27,5586.775,5792.099999999999,3700,0.2998
lag_completed_raw_count,池规模,28,5792.099999999999,5997.424999999999,4062,0.3291
lag_completed_raw_count,池规模,29,5997.424999999999,6202.75,1977,0.1602
lag_completed_raw_count,池规模,30,6202.75,6408.075,568,0.046
lag_completed_raw_count,池规模,31,6408.075,6613.4,340,0.0275
lag_completed_raw_count,池规模,32,6613.4,6818.724999999999,232,0.0188
lag_completed_raw_count,池规模,33,6818.724999999999,7024.049999999999,515,0.0417
lag_completed_raw_count,池规模,34,7024.049999999999,7229.375,578,0.0468
lag_completed_raw_count,池规模,35,7229.375,7434.7,1582,0.1282
lag_completed_raw_count,池规模,36,7434.7,7640.025,185,0.015
lag_completed_raw_count,池规模,37,7640.025,7845.349999999999,46,0.0037
lag_completed_raw_count,池规模,38,7845.349999999999,8050.674999999999,1146,0.0929
lag_completed_raw_count,池规模,39,8050.674999999999,8256.0,1533,0.1242
lag_completed_weight,池规模,0,10.518023450437834,83.79245479238499,110275,8.9354
lag_completed_weight,池规模,1,83.79245479238499,157.06688613433212,115187,9.3335
lag_completed_weight,池规模,2,157.06688613433212,230.34131747627927,55390,4.4882
lag_completed_weight,池规模,3,230.34131747627927,303.61574881822645,34897,2.8277
lag_completed_weight,池规模,4,303.61574881822645,376.8901801601736,28299,2.293
lag_completed_weight,池规模,5,376.8901801601736,450.16461150212075,33334,2.701
lag_completed_weight,池规模,6,450.16461150212075,523.4390428440679,51616,4.1824
lag_completed_weight,池规模,7,523.4390428440679,596.713474186015,56986,4.6175
lag_completed_weight,池规模,8,596.713474186015,669.9879055279621,72707,5.8914
lag_completed_weight,池规模,9,669.9879055279621,743.2623368699093,76361,6.1874
lag_completed_weight,池规模,10,743.2623368699093,816.5367682118565,77319,6.2651
lag_completed_weight,池规模,11,816.5367682118565,889.8111995538036,77877,6.3103
lag_completed_weight,池规模,12,889.8111995538036,963.0856308957507,69314,5.6164
lag_completed_weight,池规模,13,963.0856308957507,1036.360062237698,67850,5.4978
lag_completed_weight,池规模,14,1036.360062237698,1109.634493579645,53546,4.3388
lag_completed_weight,池规模,15,1109.634493579645,1182.9089249215922,46477,3.766
lag_completed_weight,池规模,16,1182.9089249215922,1256.1833562635393,42188,3.4184
lag_completed_weight,池规模,17,1256.1833562635393,1329.4577876054864,41743,3.3824
lag_completed_weight,池规模,18,1329.4577876054864,1402.7322189474337,28595,2.317
lag_completed_weight,池规模,19,1402.7322189474337,1476.0066502893808,27168,2.2014
lag_completed_weight,池规模,20,1476.0066502893808,1549.2810816313279,17963,1.4555
lag_completed_weight,池规模,21,1549.2810816313279,1622.5555129732752,12884,1.044
lag_completed_weight,池规模,22,1622.5555129732752,1695.8299443152223,8815,0.7143
lag_completed_weight,池规模,23,1695.8299443152223,1769.1043756571694,6000,0.4862
lag_completed_weight,池规模,24,1769.1043756571694,1842.3788069991165,5050,0.4092
lag_completed_weight,池规模,25,1842.3788069991165,1915.6532383410636,4057,0.3287
lag_completed_weight,池规模,26,1915.6532383410636,1988.927669683011,2680,0.2172
lag_completed_weight,池规模,27,1988.927669683011,2062.202101024958,1676,0.1358
lag_completed_weight,池规模,28,2062.202101024958,2135.4765323669053,1995,0.1617
lag_completed_weight,池规模,29,2135.4765323669053,2208.7509637088524,1000,0.081
lag_completed_weight,池规模,30,2208.7509637088524,2282.0253950507995,739,0.0599
lag_completed_weight,池规模,31,2282.0253950507995,2355.2998263927466,800,0.0648
lag_completed_weight,池规模,32,2355.2998263927466,2428.5742577346937,515,0.0417
lag_completed_weight,池规模,33,2428.5742577346937,2501.8486890766408,526,0.0426
lag_completed_weight,池规模,34,2501.8486890766408,2575.123120418588,386,0.0313
lag_completed_weight,池规模,35,2575.123120418588,2648.397551760535,80,0.0065
lag_completed_weight,池规模,36,2648.397551760535,2721.6719831024825,129,0.0105
lag_completed_weight,池规模,37,2721.6719831024825,2794.9464144444296,55,0.0045
lag_completed_weight,池规模,38,2794.9464144444296,2868.2208457863767,139,0.0113
lag_completed_weight,池规模,39,2868.2208457863767,2941.495277128324,1513,0.1226
lag_completed_kish_n,池规模,0,24.550013268576503,155.65979896245074,92601,7.5033
lag_completed_kish_n,池规模,1,155.65979896245074,286.769584656325,109396,8.8642
lag_completed_kish_n,池规模,2,286.769584656325,417.8793703501992,58912,4.7736
lag_completed_kish_n,池规模,3,417.8793703501992,548.9891560440735,41638,3.3739
lag_completed_kish_n,池规模,4,548.9891560440735,680.0989417379478,15565,1.2612
lag_completed_kish_n,池规模,5,680.0989417379478,811.208727431822,12581,1.0194
lag_completed_kish_n,池规模,6,811.208727431822,942.3185131256962,22364,1.8121
lag_completed_kish_n,池规模,7,942.3185131256962,1073.4282988195705,36744,2.9773
lag_completed_kish_n,池规模,8,1073.4282988195705,1204.5380845134448,62157,5.0365
lag_completed_kish_n,池规模,9,1204.5380845134448,1335.647870207319,77557,6.2843
lag_completed_kish_n,池规模,10,1335.647870207319,1466.7576559011932,88507,7.1716
lag_completed_kish_n,池规模,11,1466.7576559011932,1597.8674415950675,87202,7.0659
lag_completed_kish_n,池规模,12,1597.8674415950675,1728.9772272889418,82588,6.692
lag_completed_kish_n,池规模,13,1728.9772272889418,1860.0870129828158,63159,5.1177
lag_completed_kish_n,池规模,14,1860.0870129828158,1991.1967986766902,59613,4.8304
lag_completed_kish_n,池规模,15,1991.1967986766902,2122.3065843705645,53294,4.3183
lag_completed_kish_n,池规模,16,2122.3065843705645,2253.4163700644385,50683,4.1068
lag_completed_kish_n,池规模,17,2253.4163700644385,2384.526155758313,48524,3.9318
lag_completed_kish_n,池规模,18,2384.526155758313,2515.635941452187,51697,4.1889
lag_completed_kish_n,池规模,19,2515.635941452187,2646.7457271460617,30129,2.4413
lag_completed_kish_n,池规模,20,2646.7457271460617,2777.8555128399357,26123,2.1167
lag_completed_kish_n,池规模,21,2777.8555128399357,2908.96529853381,17303,1.402
lag_completed_kish_n,池规模,22,2908.96529853381,3040.0750842276843,10994,0.8908
lag_completed_kish_n,池规模,23,3040.0750842276843,3171.1848699215584,6753,0.5472
lag_completed_kish_n,池规模,24,3171.1848699215584,3302.2946556154325,6409,0.5193
lag_completed_kish_n,池规模,25,3302.2946556154325,3433.404441309307,3916,0.3173
lag_completed_kish_n,池规模,26,3433.404441309307,3564.514227003181,2089,0.1693
lag_completed_kish_n,池规模,27,3564.514227003181,3695.624012697055,5267,0.4268
lag_completed_kish_n,池规模,28,3695.624012697055,3826.7337983909297,2253,0.1826
lag_completed_kish_n,池规模,29,3826.7337983909297,3957.8435840848038,1131,0.0916
lag_completed_kish_n,池规模,30,3957.8435840848038,4088.9533697786783,753,0.061
lag_completed_kish_n,池规模,31,4088.9533697786783,4220.063155472552,2092,0.1695
lag_completed_kish_n,池规模,32,4220.063155472552,4351.172941166426,532,0.0431
lag_completed_kish_n,池规模,33,4351.172941166426,4482.2827268603005,63,0.0051
lag_completed_kish_n,池规模,34,4482.2827268603005,4613.3925125541755,419,0.034
lag_completed_kish_n,池规模,35,4613.3925125541755,4744.50229824805,90,0.0073
lag_completed_kish_n,池规模,36,4744.50229824805,4875.612083941924,204,0.0165
lag_completed_kish_n,池规模,37,4875.612083941924,5006.721869635798,276,0.0224
lag_completed_kish_n,池规模,38,5006.721869635798,5137.831655329672,207,0.0168
lag_completed_kish_n,池规模,39,5137.831655329672,5268.941441023547,2346,0.1901
C_active,拥挤度 C/V,0,2.3978952727983707,2.5458737278907213,4881,0.3955
C_active,拥挤度 C/V,1,2.5458737278907213,2.6938521829830724,5028,0.4074
C_active,拥挤度 C/V,2,2.6938521829830724,2.841830638075423,7951,0.6443
C_active,拥挤度 C/V,3,2.841830638075423,2.989809093167774,5600,0.4538
C_active,拥挤度 C/V,4,2.989809093167774,3.1377875482601247,10641,0.8622
C_active,拥挤度 C/V,5,3.1377875482601247,3.2857660033524754,7821,0.6337
C_active,拥挤度 C/V,6,3.2857660033524754,3.433744458444826,10280,0.833
C_active,拥挤度 C/V,7,3.433744458444826,3.581722913537177,12700,1.0291
C_active,拥挤度 C/V,8,3.581722913537177,3.729701368629528,13214,1.0707
C_active,拥挤度 C/V,9,3.729701368629528,3.877679823721879,14062,1.1394
C_active,拥挤度 C/V,10,3.877679823721879,4.025658278814229,14148,1.1464
C_active,拥挤度 C/V,11,4.025658278814229,4.17363673390658,12662,1.026
C_active,拥挤度 C/V,12,4.17363673390658,4.321615188998932,15590,1.2632
C_active,拥挤度 C/V,13,4.321615188998932,4.469593644091281,15012,1.2164
C_active,拥挤度 C/V,14,4.469593644091281,4.617572099183633,16092,1.3039
C_active,拥挤度 C/V,15,4.617572099183633,4.7655505542759835,17545,1.4216
C_active,拥挤度 C/V,16,4.7655505542759835,4.913529009368334,20985,1.7004
C_active,拥挤度 C/V,17,4.913529009368334,5.061507464460686,21999,1.7825
C_active,拥挤度 C/V,18,5.061507464460686,5.209485919553035,20528,1.6634
C_active,拥挤度 C/V,19,5.209485919553035,5.357464374645387,21822,1.7682
C_active,拥挤度 C/V,20,5.357464374645387,5.505442829737738,21338,1.729
C_active,拥挤度 C/V,21,5.505442829737738,5.653421284830088,20141,1.632
C_active,拥挤度 C/V,22,5.653421284830088,5.80139973992244,25223,2.0438
C_active,拥挤度 C/V,23,5.80139973992244,5.9493781950147895,35115,2.8453
C_active,拥挤度 C/V,24,5.9493781950147895,6.097356650107141,44028,3.5675
C_active,拥挤度 C/V,25,6.097356650107141,6.245335105199492,52726,4.2723
C_active,拥挤度 C/V,26,6.245335105199492,6.393313560291842,46842,3.7955
C_active,拥挤度 C/V,27,6.393313560291842,6.541292015384193,44893,3.6376
C_active,拥挤度 C/V,28,6.541292015384193,6.6892704704765436,55959,4.5343
C_active,拥挤度 C/V,29,6.6892704704765436,6.837248925568895,78286,6.3434
C_active,拥挤度 C/V,30,6.837248925568895,6.985227380661246,103873,8.4167
C_active,拥挤度 C/V,31,6.985227380661246,7.133205835753596,107912,8.744
C_active,拥挤度 C/V,32,7.133205835753596,7.281184290845947,98454,7.9776
C_active,拥挤度 C/V,33,7.281184290845947,7.429162745938298,63128,5.1152
C_active,拥挤度 C/V,34,7.429162745938298,7.577141201030649,50954,4.1287
C_active,拥挤度 C/V,35,7.577141201030649,7.725119656123,39896,3.2327
C_active,拥挤度 C/V,36,7.725119656123,7.87309811121535,29135,2.3608
C_active,拥挤度 C/V,37,7.87309811121535,8.021076566307702,26477,2.1454
C_active,拥挤度 C/V,38,8.021076566307702,8.169055021400052,15992,1.2958
C_active,拥挤度 C/V,39,8.169055021400052,8.317033476492403,5198,0.4212
C_14d,拥挤度 C/V,0,2.9444389791664403,3.0824912866026297,1718,0.1392
C_14d,拥挤度 C/V,1,3.0824912866026297,3.2205435940388187,1330,0.1078
C_14d,拥挤度 C/V,2,3.2205435940388187,3.3585959014750078,1404,0.1138
C_14d,拥挤度 C/V,3,3.3585959014750078,3.496648208911197,2914,0.2361
C_14d,拥挤度 C/V,4,3.496648208911197,3.6347005163473867,2821,0.2286
C_14d,拥挤度 C/V,5,3.6347005163473867,3.7727528237835757,5314,0.4306
C_14d,拥挤度 C/V,6,3.7727528237835757,3.9108051312197647,6335,0.5133
C_14d,拥挤度 C/V,7,3.9108051312197647,4.048857438655954,9451,0.7658
C_14d,拥挤度 C/V,8,4.048857438655954,4.186909746092144,9402,0.7618
C_14d,拥挤度 C/V,9,4.186909746092144,4.324962053528333,11900,0.9642
C_14d,拥挤度 C/V,10,4.324962053528333,4.463014360964522,11388,0.9228
C_14d,拥挤度 C/V,11,4.463014360964522,4.601066668400711,12160,0.9853
C_14d,拥挤度 C/V,12,4.601066668400711,4.739118975836901,14106,1.143
C_14d,拥挤度 C/V,13,4.739118975836901,4.877171283273089,16528,1.3392
C_14d,拥挤度 C/V,14,4.877171283273089,5.015223590709279,19754,1.6006
C_14d,拥挤度 C/V,15,5.015223590709279,5.153275898145468,22133,1.7934
C_14d,拥挤度 C/V,16,5.153275898145468,5.2913282055816575,26093,2.1143
C_14d,拥挤度 C/V,17,5.2913282055816575,5.429380513017847,25651,2.0785
C_14d,拥挤度 C/V,18,5.429380513017847,5.5674328204540355,21271,1.7236
C_14d,拥挤度 C/V,19,5.5674328204540355,5.705485127890225,21155,1.7142
C_14d,拥挤度 C/V,20,5.705485127890225,5.8435374353264145,21397,1.7338
C_14d,拥挤度 C/V,21,5.8435374353264145,5.981589742762603,21819,1.768
C_14d,拥挤度 C/V,22,5.981589742762603,6.1196420501987925,18202,1.4749
C_14d,拥挤度 C/V,23,6.1196420501987925,6.257694357634982,19282,1.5624
C_14d,拥挤度 C/V,24,6.257694357634982,6.395746665071171,20874,1.6914
C_14d,拥挤度 C/V,25,6.395746665071171,6.533798972507361,24395,1.9767
C_14d,拥挤度 C/V,26,6.533798972507361,6.671851279943549,34174,2.7691
C_14d,拥挤度 C/V,27,6.671851279943549,6.809903587379739,52413,4.247
C_14d,拥挤度 C/V,28,6.809903587379739,6.947955894815928,83767,6.7875
C_14d,拥挤度 C/V,29,6.947955894815928,7.086008202252117,98206,7.9575
C_14d,拥挤度 C/V,30,7.086008202252117,7.224060509688306,114678,9.2922
C_14d,拥挤度 C/V,31,7.224060509688306,7.362112817124496,125182,10.1433
C_14d,拥挤度 C/V,32,7.362112817124496,7.500165124560685,118924,9.6363
C_14d,拥挤度 C/V,33,7.500165124560685,7.638217431996875,101738,8.2437
C_14d,拥挤度 C/V,34,7.638217431996875,7.776269739433063,70350,5.7004
C_14d,拥挤度 C/V,35,7.776269739433063,7.914322046869253,37220,3.0159
C_14d,拥挤度 C/V,36,7.914322046869253,8.052374354305442,17542,1.4214
C_14d,拥挤度 C/V,37,8.052374354305442,8.19042666174163,5039,0.4083
C_14d,拥挤度 C/V,38,8.19042666174163,8.32847896917782,2383,0.1931
C_14d,拥挤度 C/V,39,8.32847896917782,8.46653127661401,3718,0.3013
C_16d,拥挤度 C/V,0,3.1354942159291497,3.2713976636546094,1976,0.1601
C_16d,拥挤度 C/V,1,3.2713976636546094,3.407301111380069,1261,0.1022
C_16d,拥挤度 C/V,2,3.407301111380069,3.5432045591055283,1785,0.1446
C_16d,拥挤度 C/V,3,3.5432045591055283,3.679108006830988,2733,0.2215
C_16d,拥挤度 C/V,4,3.679108006830988,3.8150114545564477,4214,0.3415
C_16d,拥挤度 C/V,5,3.8150114545564477,3.9509149022819074,5115,0.4145
C_16d,拥挤度 C/V,6,3.9509149022819074,4.086818350007367,7792,0.6314
C_16d,拥挤度 C/V,7,4.086818350007367,4.222721797732826,9771,0.7917
C_16d,拥挤度 C/V,8,4.222721797732826,4.358625245458287,10471,0.8485
C_16d,拥挤度 C/V,9,4.358625245458287,4.494528693183746,11149,0.9034
C_16d,拥挤度 C/V,10,4.494528693183746,4.630432140909205,11081,0.8979
C_16d,拥挤度 C/V,11,4.630432140909205,4.766335588634665,11941,0.9676
C_16d,拥挤度 C/V,12,4.766335588634665,4.9022390363601245,13701,1.1102
C_16d,拥挤度 C/V,13,4.9022390363601245,5.038142484085585,17774,1.4402
C_16d,拥挤度 C/V,14,5.038142484085585,5.174045931811044,20166,1.634
C_16d,拥挤度 C/V,15,5.174045931811044,5.309949379536503,23758,1.9251
C_16d,拥挤度 C/V,16,5.309949379536503,5.445852827261963,25384,2.0568
C_16d,拥挤度 C/V,17,5.445852827261963,5.581756274987423,25327,2.0522
C_16d,拥挤度 C/V,18,5.581756274987423,5.717659722712883,21655,1.7547
C_16d,拥挤度 C/V,19,5.717659722712883,5.853563170438342,19945,1.6161
C_16d,拥挤度 C/V,20,5.853563170438342,5.989466618163801,20954,1.6979
C_16d,拥挤度 C/V,21,5.989466618163801,6.125370065889261,21997,1.7824
C_16d,拥挤度 C/V,22,6.125370065889261,6.2612735136147215,16984,1.3762
C_16d,拥挤度 C/V,23,6.2612735136147215,6.397176961340181,18008,1.4592
C_16d,拥挤度 C/V,24,6.397176961340181,6.53308040906564,19393,1.5714
C_16d,拥挤度 C/V,25,6.53308040906564,6.668983856791099,24100,1.9528
C_16d,拥挤度 C/V,26,6.668983856791099,6.804887304516559,32942,2.6692
C_16d,拥挤度 C/V,27,6.804887304516559,6.94079075224202,51764,4.1944
C_16d,拥挤度 C/V,28,6.94079075224202,7.076694199967479,81173,6.5773
C_16d,拥挤度 C/V,29,7.076694199967479,7.212597647692938,102193,8.2806
C_16d,拥挤度 C/V,30,7.212597647692938,7.348501095418398,117763,9.5422
C_16d,拥挤度 C/V,31,7.348501095418398,7.4844045431438575,129936,10.5285
C_16d,拥挤度 C/V,32,7.4844045431438575,7.620307990869317,117632,9.5316
C_16d,拥挤度 C/V,33,7.620307990869317,7.756211438594777,102114,8.2742
C_16d,拥挤度 C/V,34,7.756211438594777,7.892114886320236,68296,5.5339
C_16d,拥挤度 C/V,35,7.892114886320236,8.028018334045697,33624,2.7245
C_16d,拥挤度 C/V,36,8.028018334045697,8.163921781771155,17863,1.4474
C_16d,拥挤度 C/V,37,8.163921781771155,8.299825229496616,4329,0.3508
C_16d,拥挤度 C/V,38,8.299825229496616,8.435728677222075,2036,0.165
C_16d,拥挤度 C/V,39,8.435728677222075,8.571632124947534,4031,0.3266
V_lag,拥挤度 C/V,0,2.444857620019286,2.5834176005246245,1680,0.1361
V_lag,拥挤度 C/V,1,2.5834176005246245,2.7219775810299627,701,0.0568
V_lag,拥挤度 C/V,2,2.7219775810299627,2.8605375615353013,1445,0.1171
V_lag,拥挤度 C/V,3,2.8605375615353013,2.99909754204064,2159,0.1749
V_lag,拥挤度 C/V,4,2.99909754204064,3.137657522545978,3035,0.2459
V_lag,拥挤度 C/V,5,3.137657522545978,3.2762175030513165,4414,0.3577
V_lag,拥挤度 C/V,6,3.2762175030513165,3.414777483556655,6003,0.4864
V_lag,拥挤度 C/V,7,3.414777483556655,3.5533374640619932,8675,0.7029
V_lag,拥挤度 C/V,8,3.5533374640619932,3.691897444567332,9962,0.8072
V_lag,拥挤度 C/V,9,3.691897444567332,3.8304574250726704,11282,0.9142
V_lag,拥挤度 C/V,10,3.8304574250726704,3.9690174055780085,11966,0.9696
V_lag,拥挤度 C/V,11,3.9690174055780085,4.1075773860833475,11303,0.9159
V_lag,拥挤度 C/V,12,4.1075773860833475,4.246137366588686,12462,1.0098
V_lag,拥挤度 C/V,13,4.246137366588686,4.384697347094024,15886,1.2872
V_lag,拥挤度 C/V,14,4.384697347094024,4.523257327599362,19902,1.6126
V_lag,拥挤度 C/V,15,4.523257327599362,4.661817308104701,23451,1.9002
V_lag,拥挤度 C/V,16,4.661817308104701,4.80037728861004,28461,2.3062
V_lag,拥挤度 C/V,17,4.80037728861004,4.938937269115378,27836,2.2555
V_lag,拥挤度 C/V,18,4.938937269115378,5.077497249620716,26426,2.1413
V_lag,拥挤度 C/V,19,5.077497249620716,5.216057230126054,21756,1.7629
V_lag,拥挤度 C/V,20,5.216057230126054,5.3546172106313925,18776,1.5214
V_lag,拥挤度 C/V,21,5.3546172106313925,5.4931771911367315,20330,1.6473
V_lag,拥挤度 C/V,22,5.4931771911367315,5.6317371716420705,20274,1.6428
V_lag,拥挤度 C/V,23,5.6317371716420705,5.770297152147409,12793,1.0366
V_lag,拥挤度 C/V,24,5.770297152147409,5.908857132652747,14293,1.1581
V_lag,拥挤度 C/V,25,5.908857132652747,6.047417113158085,25679,2.0807
V_lag,拥挤度 C/V,26,6.047417113158085,6.185977093663424,40400,3.2736
V_lag,拥挤度 C/V,27,6.185977093663424,6.324537074168762,50588,4.0991
V_lag,拥挤度 C/V,28,6.324537074168762,6.463097054674101,68263,5.5313
V_lag,拥挤度 C/V,29,6.463097054674101,6.601657035179439,96285,7.8018
V_lag,拥挤度 C/V,30,6.601657035179439,6.740217015684777,110605,8.9622
V_lag,拥挤度 C/V,31,6.740217015684777,6.8787769961901155,117911,9.5542
V_lag,拥挤度 C/V,32,6.8787769961901155,7.017336976695454,118734,9.6209
V_lag,拥挤度 C/V,33,7.017336976695454,7.1558969572007936,104653,8.4799
V_lag,拥挤度 C/V,34,7.1558969572007936,7.294456937706132,86699,7.0251
V_lag,拥挤度 C/V,35,7.294456937706132,7.43301691821147,44203,3.5817
V_lag,拥挤度 C/V,36,7.43301691821147,7.571576898716808,22532,1.8257
V_lag,拥挤度 C/V,37,7.571576898716808,7.710136879222146,7302,0.5917
V_lag,拥挤度 C/V,38,7.710136879222146,7.848696859727484,2632,0.2133
V_lag,拥挤度 C/V,39,7.848696859727484,7.987256840232823,2374,0.1924
V_lag_completed,拥挤度 C/V,0,2.4439130408488,2.5824905456794895,1726,0.1399
V_lag_completed,拥挤度 C/V,1,2.5824905456794895,2.721068050510179,737,0.0597
V_lag_completed,拥挤度 C/V,2,2.721068050510179,2.8596455553408684,1517,0.1229
V_lag_completed,拥挤度 C/V,3,2.8596455553408684,2.998223060171558,2227,0.1805
V_lag_completed,拥挤度 C/V,4,2.998223060171558,3.1368005650022472,3130,0.2536
V_lag_completed,拥挤度 C/V,5,3.1368005650022472,3.2753780698329367,4615,0.3739
V_lag_completed,拥挤度 C/V,6,3.2753780698329367,3.4139555746636256,6288,0.5095
V_lag_completed,拥挤度 C/V,7,3.4139555746636256,3.5525330794943155,8893,0.7206
V_lag_completed,拥挤度 C/V,8,3.5525330794943155,3.6911105843250045,10046,0.814
V_lag_completed,拥挤度 C/V,9,3.6911105843250045,3.8296880891556944,11229,0.9099
V_lag_completed,拥挤度 C/V,10,3.8296880891556944,3.9682655939863833,11660,0.9448
V_lag_completed,拥挤度 C/V,11,3.9682655939863833,4.106843098817073,11665,0.9452
V_lag_completed,拥挤度 C/V,12,4.106843098817073,4.245420603647762,12687,1.028
V_lag_completed,拥挤度 C/V,13,4.245420603647762,4.383998108478451,15856,1.2848
V_lag_completed,拥挤度 C/V,14,4.383998108478451,4.522575613309141,20364,1.6501
V_lag_completed,拥挤度 C/V,15,4.522575613309141,4.661153118139831,23688,1.9194
V_lag_completed,拥挤度 C/V,16,4.661153118139831,4.79973062297052,28123,2.2788
V_lag_completed,拥挤度 C/V,17,4.79973062297052,4.938308127801209,28010,2.2696
V_lag_completed,拥挤度 C/V,18,4.938308127801209,5.076885632631899,25738,2.0855
V_lag_completed,拥挤度 C/V,19,5.076885632631899,5.215463137462589,21958,1.7792
V_lag_completed,拥挤度 C/V,20,5.215463137462589,5.354040642293278,18164,1.4718
V_lag_completed,拥挤度 C/V,21,5.354040642293278,5.492618147123967,19707,1.5968
V_lag_completed,拥挤度 C/V,22,5.492618147123967,5.631195651954656,20564,1.6663
V_lag_completed,拥挤度 C/V,23,5.631195651954656,5.769773156785345,13738,1.1132
V_lag_completed,拥挤度 C/V,24,5.769773156785345,5.908350661616035,15271,1.2374
V_lag_completed,拥挤度 C/V,25,5.908350661616035,6.046928166446724,25250,2.046
V_lag_completed,拥挤度 C/V,26,6.046928166446724,6.185505671277413,40980,3.3206
V_lag_completed,拥挤度 C/V,27,6.185505671277413,6.324083176108103,52380,4.2443
V_lag_completed,拥挤度 C/V,28,6.324083176108103,6.462660680938793,70657,5.7252
V_lag_completed,拥挤度 C/V,29,6.462660680938793,6.601238185769482,100196,8.1187
V_lag_completed,拥挤度 C/V,30,6.601238185769482,6.739815690600172,115567,9.3642
V_lag_completed,拥挤度 C/V,31,6.739815690600172,6.878393195430861,123675,10.0212
V_lag_completed,拥挤度 C/V,32,6.878393195430861,7.01697070026155,117633,9.5316
V_lag_completed,拥挤度 C/V,33,7.01697070026155,7.15554820509224,100579,8.1498
V_lag_completed,拥挤度 C/V,34,7.15554820509224,7.294125709922929,80857,6.5517
V_lag_completed,拥挤度 C/V,35,7.294125709922929,7.4327032147536185,40759,3.3026
V_lag_completed,拥挤度 C/V,36,7.4327032147536185,7.5712807195843075,16839,1.3644
V_lag_completed,拥挤度 C/V,37,7.5712807195843075,7.709858224414997,6631,0.5373
V_lag_completed,拥挤度 C/V,38,7.709858224414997,7.848435729245686,2565,0.2078
V_lag_completed,拥挤度 C/V,39,7.848435729245686,7.987013234076376,1962,0.159
H_active_raw,相似度 H/G,0,0.0034715987538759267,0.026607758217019946,316017,25.6064
H_active_raw,相似度 H/G,1,0.026607758217019946,0.049743917680163965,317408,25.7191
H_active_raw,相似度 H/G,2,0.049743917680163965,0.07288007714330799,164748,13.3493
H_active_raw,相似度 H/G,3,0.07288007714330799,0.096016236606452,99237,8.041
H_active_raw,相似度 H/G,4,0.096016236606452,0.11915239606959602,61355,4.9715
H_active_raw,相似度 H/G,5,0.11915239606959602,0.14228855553274006,42549,3.4477
H_active_raw,相似度 H/G,6,0.14228855553274006,0.16542471499588407,32943,2.6693
H_active_raw,相似度 H/G,7,0.16542471499588407,0.18856087445902808,25440,2.0614
H_active_raw,相似度 H/G,8,0.18856087445902808,0.2116970339221721,18992,1.5389
H_active_raw,相似度 H/G,9,0.2116970339221721,0.2348331933853161,15535,1.2588
H_active_raw,相似度 H/G,10,0.2348331933853161,0.2579693528484601,13669,1.1076
H_active_raw,相似度 H/G,11,0.2579693528484601,0.2811055123116042,12201,0.9886
H_active_raw,相似度 H/G,12,0.2811055123116042,0.3042416717747482,11171,0.9052
H_active_raw,相似度 H/G,13,0.3042416717747482,0.3273778312378922,10195,0.8261
H_active_raw,相似度 H/G,14,0.3273778312378922,0.3505139907010362,10401,0.8428
H_active_raw,相似度 H/G,15,0.3505139907010362,0.37365015016418024,9603,0.7781
H_active_raw,相似度 H/G,16,0.37365015016418024,0.39678630962732425,8277,0.6707
H_active_raw,相似度 H/G,17,0.39678630962732425,0.41992246909046826,6768,0.5484
H_active_raw,相似度 H/G,18,0.41992246909046826,0.4430586285536123,5359,0.4342
H_active_raw,相似度 H/G,19,0.4430586285536123,0.4661947880167563,4153,0.3365
H_active_raw,相似度 H/G,20,0.4661947880167563,0.48933094747990036,3489,0.2827
H_active_raw,相似度 H/G,21,0.48933094747990036,0.5124671069430443,2851,0.231
H_active_raw,相似度 H/G,22,0.5124671069430443,0.5356032664061884,2698,0.2186
H_active_raw,相似度 H/G,23,0.5356032664061884,0.5587394258693325,2455,0.1989
H_active_raw,相似度 H/G,24,0.5587394258693325,0.5818755853324764,2309,0.1871
H_active_raw,相似度 H/G,25,0.5818755853324764,0.6050117447956205,2323,0.1882
H_active_raw,相似度 H/G,26,0.6050117447956205,0.6281479042587644,2435,0.1973
H_active_raw,相似度 H/G,27,0.6281479042587644,0.6512840637219085,2225,0.1803
H_active_raw,相似度 H/G,28,0.6512840637219085,0.6744202231850525,2126,0.1723
H_active_raw,相似度 H/G,29,0.6744202231850525,0.6975563826481965,2328,0.1886
H_active_raw,相似度 H/G,30,0.6975563826481965,0.7206925421113405,2360,0.1912
H_active_raw,相似度 H/G,31,0.7206925421113405,0.7438287015744846,2775,0.2249
H_active_raw,相似度 H/G,32,0.7438287015744846,0.7669648610376286,2277,0.1845
H_active_raw,相似度 H/G,33,0.7669648610376286,0.7901010205007726,2150,0.1742
H_active_raw,相似度 H/G,34,0.7901010205007726,0.8132371799639166,2320,0.188
H_active_raw,相似度 H/G,35,0.8132371799639166,0.8363733394270606,2151,0.1743
H_active_raw,相似度 H/G,36,0.8363733394270606,0.8595094988902047,2272,0.1841
H_active_raw,相似度 H/G,37,0.8595094988902047,0.8826456583533486,2125,0.1722
H_active_raw,相似度 H/G,38,0.8826456583533486,0.9057818178164927,1982,0.1606
H_active_raw,相似度 H/G,39,0.9057818178164927,0.9289179772796368,2459,0.1992
H_active_residual,相似度 H/G,0,0.0,0.02239655421871018,349486,30.4111
H_active_residual,相似度 H/G,1,0.02239655421871018,0.04479310843742036,375831,32.7035
H_active_residual,相似度 H/G,2,0.04479310843742036,0.06718966265613055,125397,10.9116
H_active_residual,相似度 H/G,3,0.06718966265613055,0.08958621687484072,66076,5.7497
H_active_residual,相似度 H/G,4,0.08958621687484072,0.1119827710935509,43789,3.8104
H_active_residual,相似度 H/G,5,0.1119827710935509,0.1343793253122611,30728,2.6738
H_active_residual,相似度 H/G,6,0.1343793253122611,0.15677587953097127,23778,2.0691
H_active_residual,相似度 H/G,7,0.15677587953097127,0.17917243374968145,17637,1.5347
H_active_residual,相似度 H/G,8,0.17917243374968145,0.20156898796839162,13878,1.2076
H_active_residual,相似度 H/G,9,0.20156898796839162,0.2239655421871018,12315,1.0716
H_active_residual,相似度 H/G,10,0.2239655421871018,0.246362096405812,9918,0.863
H_active_residual,相似度 H/G,11,0.246362096405812,0.2687586506245222,7823,0.6807
H_active_residual,相似度 H/G,12,0.2687586506245222,0.2911552048432324,6592,0.5736
H_active_residual,相似度 H/G,13,0.2911552048432324,0.31355175906194255,6021,0.5239
H_active_residual,相似度 H/G,14,0.31355175906194255,0.3359483132806527,5403,0.4702
H_active_residual,相似度 H/G,15,0.3359483132806527,0.3583448674993629,5189,0.4515
H_active_residual,相似度 H/G,16,0.3583448674993629,0.38074142171807307,4563,0.3971
H_active_residual,相似度 H/G,17,0.38074142171807307,0.40313797593678324,3752,0.3265
H_active_residual,相似度 H/G,18,0.40313797593678324,0.4255345301554934,3247,0.2825
H_active_residual,相似度 H/G,19,0.4255345301554934,0.4479310843742036,2723,0.2369
H_active_residual,相似度 H/G,20,0.4479310843742036,0.4703276385929138,2351,0.2046
H_active_residual,相似度 H/G,21,0.4703276385929138,0.492724192811624,2265,0.1971
H_active_residual,相似度 H/G,22,0.492724192811624,0.5151207470303342,2224,0.1935
H_active_residual,相似度 H/G,23,0.5151207470303342,0.5375173012490444,1896,0.165
H_active_residual,相似度 H/G,24,0.5375173012490444,0.5599138554677545,1800,0.1566
H_active_residual,相似度 H/G,25,0.5599138554677545,0.5823104096864647,1639,0.1426
H_active_residual,相似度 H/G,26,0.5823104096864647,0.6047069639051749,1635,0.1423
H_active_residual,相似度 H/G,27,0.6047069639051749,0.6271035181238851,1608,0.1399
H_active_residual,相似度 H/G,28,0.6271035181238851,0.6495000723425952,1519,0.1322
H_active_residual,相似度 H/G,29,0.6495000723425952,0.6718966265613054,1348,0.1173
H_active_residual,相似度 H/G,30,0.6718966265613054,0.6942931807800156,1564,0.1361
H_active_residual,相似度 H/G,31,0.6942931807800156,0.7166897349987258,1572,0.1368
H_active_residual,相似度 H/G,32,0.7166897349987258,0.739086289217436,1864,0.1622
H_active_residual,相似度 H/G,33,0.739086289217436,0.7614828434361461,1372,0.1194
H_active_residual,相似度 H/G,34,0.7614828434361461,0.7838793976548564,1372,0.1194
H_active_residual,相似度 H/G,35,0.7838793976548564,0.8062759518735665,1390,0.121
H_active_residual,相似度 H/G,36,0.8062759518735665,0.8286725060922767,1502,0.1307
H_active_residual,相似度 H/G,37,0.8286725060922767,0.8510690603109868,1606,0.1397
H_active_residual,相似度 H/G,38,0.8510690603109868,0.8734656145296971,1540,0.134
H_active_residual,相似度 H/G,39,0.8734656145296971,0.8958621687484072,2993,0.2604
H_14d_raw,相似度 H/G,0,0.003771798578574708,0.026417724076627194,292826,23.7273
H_14d_raw,相似度 H/G,1,0.026417724076627194,0.04906364957467968,300142,24.3201
H_14d_raw,相似度 H/G,2,0.04906364957467968,0.07170957507273217,155971,12.6381
H_14d_raw,相似度 H/G,3,0.07170957507273217,0.09435550057078465,96559,7.824
H_14d_raw,相似度 H/G,4,0.09435550057078465,0.11700142606883714,66395,5.3799
H_14d_raw,相似度 H/G,5,0.11700142606883714,0.13964735156688962,49331,3.9972
H_14d_raw,相似度 H/G,6,0.13964735156688962,0.1622932770649421,36786,2.9807
H_14d_raw,相似度 H/G,7,0.1622932770649421,0.1849392025629946,27936,2.2636
H_14d_raw,相似度 H/G,8,0.1849392025629946,0.2075851280610471,20325,1.6469
H_14d_raw,相似度 H/G,9,0.2075851280610471,0.23023105355909956,15410,1.2487
H_14d_raw,相似度 H/G,10,0.23023105355909956,0.252876979057152,13070,1.059
H_14d_raw,相似度 H/G,11,0.252876979057152,0.2755229045552045,11522,0.9336
H_14d_raw,相似度 H/G,12,0.2755229045552045,0.298168830053257,10000,0.8103
H_14d_raw,相似度 H/G,13,0.298168830053257,0.32081475555130945,8891,0.7204
H_14d_raw,相似度 H/G,14,0.32081475555130945,0.34346068104936195,8588,0.6959
H_14d_raw,相似度 H/G,15,0.34346068104936195,0.36610660654741445,8409,0.6814
H_14d_raw,相似度 H/G,16,0.36610660654741445,0.38875253204546695,8169,0.6619
H_14d_raw,相似度 H/G,17,0.38875253204546695,0.41139845754351945,8065,0.6535
H_14d_raw,相似度 H/G,18,0.41139845754351945,0.4340443830415719,7591,0.6151
H_14d_raw,相似度 H/G,19,0.4340443830415719,0.4566903085396244,6458,0.5233
H_14d_raw,相似度 H/G,20,0.4566903085396244,0.4793362340376769,5457,0.4422
H_14d_raw,相似度 H/G,21,0.4793362340376769,0.5019821595357293,4656,0.3773
H_14d_raw,相似度 H/G,22,0.5019821595357293,0.5246280850337819,3490,0.2828
H_14d_raw,相似度 H/G,23,0.5246280850337819,0.5472740105318343,3327,0.2696
H_14d_raw,相似度 H/G,24,0.5472740105318343,0.5699199360298868,3192,0.2586
H_14d_raw,相似度 H/G,25,0.5699199360298868,0.5925658615279393,2985,0.2419
H_14d_raw,相似度 H/G,26,0.5925658615279393,0.6152117870259918,3048,0.247
H_14d_raw,相似度 H/G,27,0.6152117870259918,0.6378577125240442,3449,0.2795
H_14d_raw,相似度 H/G,28,0.6378577125240442,0.6605036380220968,3317,0.2688
H_14d_raw,相似度 H/G,29,0.6605036380220968,0.6831495635201492,3610,0.2925
H_14d_raw,相似度 H/G,30,0.6831495635201492,0.7057954890182018,4210,0.3411
H_14d_raw,相似度 H/G,31,0.7057954890182018,0.7284414145162542,4607,0.3733
H_14d_raw,相似度 H/G,32,0.7284414145162542,0.7510873400143067,4821,0.3906
H_14d_raw,相似度 H/G,33,0.7510873400143067,0.7737332655123592,4631,0.3752
H_14d_raw,相似度 H/G,34,0.7737332655123592,0.7963791910104117,5034,0.4079
H_14d_raw,相似度 H/G,35,0.7963791910104117,0.8190251165084642,5297,0.4292
H_14d_raw,相似度 H/G,36,0.8190251165084642,0.8416710420065167,4405,0.3569
H_14d_raw,相似度 H/G,37,0.8416710420065167,0.8643169675045691,3695,0.2994
H_14d_raw,相似度 H/G,38,0.8643169675045691,0.8869628930026217,4400,0.3565
H_14d_raw,相似度 H/G,39,0.8869628930026217,0.9096088185006741,4056,0.3287
H_14d_residual,相似度 H/G,0,0.00014836387620765823,0.022772313530076298,347633,30.2498
H_14d_residual,相似度 H/G,1,0.022772313530076298,0.04539626318394494,355090,30.8987
H_14d_residual,相似度 H/G,2,0.04539626318394494,0.06802021283781358,129720,11.2878
H_14d_residual,相似度 H/G,3,0.06802021283781358,0.09064416249168222,70325,6.1194
H_14d_residual,相似度 H/G,4,0.09064416249168222,0.11326811214555087,44695,3.8892
H_14d_residual,相似度 H/G,5,0.11326811214555087,0.13589206179941948,29166,2.5379
H_14d_residual,相似度 H/G,6,0.13589206179941948,0.15851601145328814,19415,1.6894
H_14d_residual,相似度 H/G,7,0.15851601145328814,0.18113996110715677,14294,1.2438
H_14d_residual,相似度 H/G,8,0.18113996110715677,0.2037639107610254,11303,0.9835
H_14d_residual,相似度 H/G,9,0.2037639107610254,0.22638786041489406,9029,0.7857
H_14d_residual,相似度 H/G,10,0.22638786041489406,0.2490118100687627,8886,0.7732
H_14d_residual,相似度 H/G,11,0.2490118100687627,0.2716357597226313,7453,0.6485
H_14d_residual,相似度 H/G,12,0.2716357597226313,0.2942597093765,5707,0.4966
H_14d_residual,相似度 H/G,13,0.2942597093765,0.31688365903036864,4716,0.4104
H_14d_residual,相似度 H/G,14,0.31688365903036864,0.33950760868423724,4521,0.3934
H_14d_residual,相似度 H/G,15,0.33950760868423724,0.3621315583381059,4810,0.4185
H_14d_residual,相似度 H/G,16,0.3621315583381059,0.38475550799197455,5030,0.4377
H_14d_residual,相似度 H/G,17,0.38475550799197455,0.40737945764584316,5317,0.4627
H_14d_residual,相似度 H/G,18,0.40737945764584316,0.4300034072997118,5209,0.4533
H_14d_residual,相似度 H/G,19,0.4300034072997118,0.4526273569535805,5055,0.4399
H_14d_residual,相似度 H/G,20,0.4526273569535805,0.4752513066074491,5300,0.4612
H_14d_residual,相似度 H/G,21,0.4752513066074491,0.49787525626131773,4652,0.4048
H_14d_residual,相似度 H/G,22,0.49787525626131773,0.5204992059151864,3859,0.3358
H_14d_residual,相似度 H/G,23,0.5204992059151864,0.543123155569055,3542,0.3082
H_14d_residual,相似度 H/G,24,0.543123155569055,0.5657471052229237,2752,0.2395
H_14d_residual,相似度 H/G,25,0.5657471052229237,0.5883710548767923,2521,0.2194
H_14d_residual,相似度 H/G,26,0.5883710548767923,0.6109950045306609,2785,0.2423
H_14d_residual,相似度 H/G,27,0.6109950045306609,0.6336189541845296,2611,0.2272
H_14d_residual,相似度 H/G,28,0.6336189541845296,0.6562429038383982,2203,0.1917
H_14d_residual,相似度 H/G,29,0.6562429038383982,0.6788668534922668,2006,0.1746
H_14d_residual,相似度 H/G,30,0.6788668534922668,0.7014908031461355,1956,0.1702
H_14d_residual,相似度 H/G,31,0.7014908031461355,0.7241147528000041,2222,0.1934
H_14d_residual,相似度 H/G,32,0.7241147528000041,0.7467387024538727,2537,0.2208
H_14d_residual,相似度 H/G,33,0.7467387024538727,0.7693626521077415,2389,0.2079
H_14d_residual,相似度 H/G,34,0.7693626521077415,0.7919866017616101,3020,0.2628
H_14d_residual,相似度 H/G,35,0.7919866017616101,0.8146105514154787,3157,0.2747
H_14d_residual,相似度 H/G,36,0.8146105514154787,0.8372345010693474,3461,0.3012
H_14d_residual,相似度 H/G,37,0.8372345010693474,0.859858450723216,3077,0.2678
H_14d_residual,相似度 H/G,38,0.859858450723216,0.8824824003770846,3805,0.3311
H_14d_residual,相似度 H/G,39,0.8824824003770846,0.9051063500309533,3977,0.3461
H_16d_raw,相似度 H/G,0,0.0038244703163765334,0.02640612502539067,293201,23.7577
H_16d_raw,相似度 H/G,1,0.02640612502539067,0.04898777973440481,301956,24.4671
H_16d_raw,相似度 H/G,2,0.04898777973440481,0.07156943444341896,157259,12.7425
H_16d_raw,相似度 H/G,3,0.07156943444341896,0.09415108915243309,98483,7.9799
H_16d_raw,相似度 H/G,4,0.09415108915243309,0.11673274386144722,66951,5.425
H_16d_raw,相似度 H/G,5,0.11673274386144722,0.13931439857046138,49427,4.005
H_16d_raw,相似度 H/G,6,0.13931439857046138,0.1618960532794755,37397,3.0302
H_16d_raw,相似度 H/G,7,0.1618960532794755,0.18447770798848964,26437,2.1422
H_16d_raw,相似度 H/G,8,0.18447770798848964,0.20705936269750377,19916,1.6138
H_16d_raw,相似度 H/G,9,0.20705936269750377,0.2296410174065179,14774,1.1971
H_16d_raw,相似度 H/G,10,0.2296410174065179,0.25222267211553207,13226,1.0717
H_16d_raw,相似度 H/G,11,0.25222267211553207,0.27480432682454625,11009,0.892
H_16d_raw,相似度 H/G,12,0.27480432682454625,0.2973859815335604,10078,0.8166
H_16d_raw,相似度 H/G,13,0.2973859815335604,0.3199676362425745,8809,0.7138
H_16d_raw,相似度 H/G,14,0.3199676362425745,0.34254929095158865,8082,0.6549
H_16d_raw,相似度 H/G,15,0.34254929095158865,0.3651309456606028,8285,0.6713
H_16d_raw,相似度 H/G,16,0.3651309456606028,0.3877126003696169,8011,0.6491
H_16d_raw,相似度 H/G,17,0.3877126003696169,0.41029425507863104,8400,0.6806
H_16d_raw,相似度 H/G,18,0.41029425507863104,0.4328759097876452,7141,0.5786
H_16d_raw,相似度 H/G,19,0.4328759097876452,0.4554575644966593,5980,0.4846
H_16d_raw,相似度 H/G,20,0.4554575644966593,0.4780392192056735,5011,0.406
H_16d_raw,相似度 H/G,21,0.4780392192056735,0.5006208739146876,4157,0.3368
H_16d_raw,相似度 H/G,22,0.5006208739146876,0.5232025286237018,3585,0.2905
H_16d_raw,相似度 H/G,23,0.5232025286237018,0.5457841833327159,3465,0.2808
H_16d_raw,相似度 H/G,24,0.5457841833327159,0.56836583804173,2968,0.2405
H_16d_raw,相似度 H/G,25,0.56836583804173,0.5909474927507442,2927,0.2372
H_16d_raw,相似度 H/G,26,0.5909474927507442,0.6135291474597583,3258,0.264
H_16d_raw,相似度 H/G,27,0.6135291474597583,0.6361108021687725,3258,0.264
H_16d_raw,相似度 H/G,28,0.6361108021687725,0.6586924568777865,3414,0.2766
H_16d_raw,相似度 H/G,29,0.6586924568777865,0.6812741115868007,3546,0.2873
H_16d_raw,相似度 H/G,30,0.6812741115868007,0.7038557662958148,4069,0.3297
H_16d_raw,相似度 H/G,31,0.7038557662958148,0.726437421004829,4497,0.3644
H_16d_raw,相似度 H/G,32,0.726437421004829,0.7490190757138432,4853,0.3932
H_16d_raw,相似度 H/G,33,0.7490190757138432,0.7716007304228573,4716,0.3821
H_16d_raw,相似度 H/G,34,0.7716007304228573,0.7941823851318714,4810,0.3897
H_16d_raw,相似度 H/G,35,0.7941823851318714,0.8167640398408855,5129,0.4156
H_16d_raw,相似度 H/G,36,0.8167640398408855,0.8393456945498997,3914,0.3171
H_16d_raw,相似度 H/G,37,0.8393456945498997,0.8619273492589138,3812,0.3089
H_16d_raw,相似度 H/G,38,0.8619273492589138,0.884509003967928,4173,0.3381
H_16d_raw,相似度 H/G,39,0.884509003967928,0.9070906586769422,3747,0.3036
H_16d_residual,相似度 H/G,0,0.00017791340909818236,0.02271758370850263,348142,30.2941
H_16d_residual,相似度 H/G,1,0.02271758370850263,0.04525725400790708,357411,31.1007
H_16d_residual,相似度 H/G,2,0.04525725400790708,0.06779692430731153,130889,11.3895
H_16d_residual,相似度 H/G,3,0.06779692430731153,0.09033659460671599,70763,6.1576
H_16d_residual,相似度 H/G,4,0.09033659460671599,0.11287626490612045,44579,3.8791
H_16d_residual,相似度 H/G,5,0.11287626490612045,0.13541593520552486,28763,2.5029
H_16d_residual,相似度 H/G,6,0.13541593520552486,0.15795560550492932,18327,1.5948
H_16d_residual,相似度 H/G,7,0.15795560550492932,0.18049527580433378,13701,1.1922
H_16d_residual,相似度 H/G,8,0.18049527580433378,0.20303494610373823,11268,0.9805
H_16d_residual,相似度 H/G,9,0.20303494610373823,0.2255746164031427,8899,0.7744
H_16d_residual,相似度 H/G,10,0.2255746164031427,0.24811428670254712,8776,0.7637
H_16d_residual,相似度 H/G,11,0.24811428670254712,0.27065395700195155,7286,0.634
H_16d_residual,相似度 H/G,12,0.27065395700195155,0.293193627301356,5847,0.5088
H_16d_residual,相似度 H/G,13,0.293193627301356,0.31573329760076047,4850,0.422
H_16d_residual,相似度 H/G,14,0.31573329760076047,0.3382729679001649,4318,0.3757
H_16d_residual,相似度 H/G,15,0.3382729679001649,0.3608126381995694,4586,0.3991
H_16d_residual,相似度 H/G,16,0.3608126381995694,0.38335230849897384,5188,0.4514
H_16d_residual,相似度 H/G,17,0.38335230849897384,0.4058919787983783,5298,0.461
H_16d_residual,相似度 H/G,18,0.4058919787983783,0.42843164909778275,5481,0.4769
H_16d_residual,相似度 H/G,19,0.42843164909778275,0.4509713193971872,4700,0.409
H_16d_residual,相似度 H/G,20,0.4509713193971872,0.4735109896965916,4891,0.4256
H_16d_residual,相似度 H/G,21,0.4735109896965916,0.49605065999599607,4920,0.4281
H_16d_residual,相似度 H/G,22,0.49605065999599607,0.5185903302954006,3865,0.3363
H_16d_residual,相似度 H/G,23,0.5185903302954006,0.541130000594805,3414,0.2971
H_16d_residual,相似度 H/G,24,0.541130000594805,0.5636696708942095,2690,0.2341
H_16d_residual,相似度 H/G,25,0.5636696708942095,0.5862093411936139,2543,0.2213
H_16d_residual,相似度 H/G,26,0.5862093411936139,0.6087490114930184,2682,0.2334
H_16d_residual,相似度 H/G,27,0.6087490114930184,0.6312886817924228,2493,0.2169
H_16d_residual,相似度 H/G,28,0.6312886817924228,0.6538283520918273,2115,0.184
H_16d_residual,相似度 H/G,29,0.6538283520918273,0.6763680223912317,1893,0.1647
H_16d_residual,相似度 H/G,30,0.6763680223912317,0.6989076926906362,1965,0.171
H_16d_residual,相似度 H/G,31,0.6989076926906362,0.7214473629900406,2122,0.1846
H_16d_residual,相似度 H/G,32,0.7214473629900406,0.743987033289445,2565,0.2232
H_16d_residual,相似度 H/G,33,0.743987033289445,0.7665267035888496,2292,0.1994
H_16d_residual,相似度 H/G,34,0.7665267035888496,0.789066373888254,2763,0.2404
H_16d_residual,相似度 H/G,35,0.789066373888254,0.8116060441876585,3323,0.2892
H_16d_residual,相似度 H/G,36,0.8116060441876585,0.8341457144870629,2842,0.2473
H_16d_residual,相似度 H/G,37,0.8341457144870629,0.8566853847864674,3108,0.2704
H_16d_residual,相似度 H/G,38,0.8566853847864674,0.8792250550858718,3614,0.3145
H_16d_residual,相似度 H/G,39,0.8792250550858718,0.9017647253852762,4034,0.351
G_lag_raw,相似度 H/G,0,0.0035920485403265795,0.025714750523726192,300620,24.3588
G_lag_raw,相似度 H/G,1,0.025714750523726192,0.04783745250712581,324937,26.3292
G_lag_raw,相似度 H/G,2,0.04783745250712581,0.06996015449052542,177743,14.4023
G_lag_raw,相似度 H/G,3,0.06996015449052542,0.09208285647392503,106001,8.5891
G_lag_raw,相似度 H/G,4,0.09208285647392503,0.11420555845732464,60108,4.8705
G_lag_raw,相似度 H/G,5,0.11420555845732464,0.13632826044072427,40072,3.247
G_lag_raw,相似度 H/G,6,0.13632826044072427,0.15845096242412388,32340,2.6205
G_lag_raw,相似度 H/G,7,0.15845096242412388,0.18057366440752348,23280,1.8863
G_lag_raw,相似度 H/G,8,0.18057366440752348,0.2026963663909231,18576,1.5052
G_lag_raw,相似度 H/G,9,0.2026963663909231,0.2248190683743227,15931,1.2909
G_lag_raw,相似度 H/G,10,0.2248190683743227,0.24694177035772233,12331,0.9992
G_lag_raw,相似度 H/G,11,0.24694177035772233,0.26906447234112196,10047,0.8141
G_lag_raw,相似度 H/G,12,0.26906447234112196,0.29118717432452157,8551,0.6929
G_lag_raw,相似度 H/G,13,0.29118717432452157,0.3133098763079212,5324,0.4314
G_lag_raw,相似度 H/G,14,0.3133098763079212,0.3354325782913208,5021,0.4068
G_lag_raw,相似度 H/G,15,0.3354325782913208,0.3575552802747204,4936,0.4
G_lag_raw,相似度 H/G,16,0.3575552802747204,0.37967798225812,5914,0.4792
G_lag_raw,相似度 H/G,17,0.37967798225812,0.4018006842415196,6083,0.4929
G_lag_raw,相似度 H/G,18,0.4018006842415196,0.4239233862249192,5603,0.454
G_lag_raw,相似度 H/G,19,0.4239233862249192,0.4460460882083188,4218,0.3418
G_lag_raw,相似度 H/G,20,0.4460460882083188,0.4681687901917185,4557,0.3692
G_lag_raw,相似度 H/G,21,0.4681687901917185,0.4902914921751181,3824,0.3099
G_lag_raw,相似度 H/G,22,0.4902914921751181,0.5124141941585176,3011,0.244
G_lag_raw,相似度 H/G,23,0.5124141941585176,0.5345368961419174,2276,0.1844
G_lag_raw,相似度 H/G,24,0.5345368961419174,0.556659598125317,2816,0.2282
G_lag_raw,相似度 H/G,25,0.556659598125317,0.5787823001087166,3031,0.2456
G_lag_raw,相似度 H/G,26,0.5787823001087166,0.6009050020921162,5742,0.4653
G_lag_raw,相似度 H/G,27,0.6009050020921162,0.6230277040755158,2499,0.2025
G_lag_raw,相似度 H/G,28,0.6230277040755158,0.6451504060589154,2969,0.2406
G_lag_raw,相似度 H/G,29,0.6451504060589154,0.667273108042315,3487,0.2825
G_lag_raw,相似度 H/G,30,0.667273108042315,0.6893958100257146,3460,0.2804
G_lag_raw,相似度 H/G,31,0.6893958100257146,0.7115185120091142,5489,0.4448
G_lag_raw,相似度 H/G,32,0.7115185120091142,0.7336412139925138,5829,0.4723
G_lag_raw,相似度 H/G,33,0.7336412139925138,0.7557639159759134,3657,0.2963
G_lag_raw,相似度 H/G,34,0.7557639159759134,0.777886617959313,1954,0.1583
G_lag_raw,相似度 H/G,35,0.777886617959313,0.8000093199427126,2299,0.1863
G_lag_raw,相似度 H/G,36,0.8000093199427126,0.8221320219261122,2653,0.215
G_lag_raw,相似度 H/G,37,0.8221320219261122,0.8442547239095118,2379,0.1928
G_lag_raw,相似度 H/G,38,0.8442547239095118,0.8663774258929114,2690,0.218
G_lag_raw,相似度 H/G,39,0.8663774258929114,0.8885001278763112,1873,0.1518
G_lag_residual,相似度 H/G,0,5.7278407734761796e-05,0.02222878797960544,371331,32.312
G_lag_residual,相似度 H/G,1,0.02222878797960544,0.04440029755147611,384295,33.44
G_lag_residual,相似度 H/G,2,0.04440029755147611,0.06657180712334679,133264,11.5962
G_lag_residual,相似度 H/G,3,0.06657180712334679,0.08874331669521746,59921,5.2141
G_lag_residual,相似度 H/G,4,0.08874331669521746,0.11091482626708812,36386,3.1662
G_lag_residual,相似度 H/G,5,0.11091482626708812,0.13308633583895882,23834,2.074
G_lag_residual,相似度 H/G,6,0.13308633583895882,0.1552578454108295,16296,1.418
G_lag_residual,相似度 H/G,7,0.1552578454108295,0.17742935498270015,10436,0.9081
G_lag_residual,相似度 H/G,8,0.17742935498270015,0.19960086455457082,8777,0.7637
G_lag_residual,相似度 H/G,9,0.19960086455457082,0.2217723741264415,6319,0.5499
G_lag_residual,相似度 H/G,10,0.2217723741264415,0.24394388369831219,6564,0.5712
G_lag_residual,相似度 H/G,11,0.24394388369831219,0.2661153932701829,5672,0.4936
G_lag_residual,相似度 H/G,12,0.2661153932701829,0.28828690284205355,5120,0.4455
G_lag_residual,相似度 H/G,13,0.28828690284205355,0.31045841241392425,3662,0.3187
G_lag_residual,相似度 H/G,14,0.31045841241392425,0.3326299219857949,4117,0.3582
G_lag_residual,相似度 H/G,15,0.3326299219857949,0.3548014315576656,3598,0.3131
G_lag_residual,相似度 H/G,16,0.3548014315576656,0.3769729411295363,4785,0.4164
G_lag_residual,相似度 H/G,17,0.3769729411295363,0.3991444507014069,5514,0.4798
G_lag_residual,相似度 H/G,18,0.3991444507014069,0.4213159602732776,5141,0.4474
G_lag_residual,相似度 H/G,19,0.4213159602732776,0.44348746984514825,4946,0.4304
G_lag_residual,相似度 H/G,20,0.44348746984514825,0.46565897941701895,5267,0.4583
G_lag_residual,相似度 H/G,21,0.46565897941701895,0.48783048898888964,4286,0.373
G_lag_residual,相似度 H/G,22,0.48783048898888964,0.5100019985607602,3103,0.27
G_lag_residual,相似度 H/G,23,0.5100019985607602,0.532173508132631,2314,0.2014
G_lag_residual,相似度 H/G,24,0.532173508132631,0.5543450177045016,2478,0.2156
G_lag_residual,相似度 H/G,25,0.5543450177045016,0.5765165272763723,3146,0.2738
G_lag_residual,相似度 H/G,26,0.5765165272763723,0.5986880368482429,4182,0.3639
G_lag_residual,相似度 H/G,27,0.5986880368482429,0.6208595464201137,1948,0.1695
G_lag_residual,相似度 H/G,28,0.6208595464201137,0.6430310559919843,2294,0.1996
G_lag_residual,相似度 H/G,29,0.6430310559919843,0.6652025655638549,1961,0.1706
G_lag_residual,相似度 H/G,30,0.6652025655638549,0.6873740751357257,2270,0.1975
G_lag_residual,相似度 H/G,31,0.6873740751357257,0.7095455847075963,3514,0.3058
G_lag_residual,相似度 H/G,32,0.7095455847075963,0.731717094279467,3246,0.2825
G_lag_residual,相似度 H/G,33,0.731717094279467,0.7538886038513377,1466,0.1276
G_lag_residual,相似度 H/G,34,0.7538886038513377,0.7760601134232084,428,0.0372
G_lag_residual,相似度 H/G,35,0.7760601134232084,0.798231622995079,1024,0.0891
G_lag_residual,相似度 H/G,36,0.798231622995079,0.8204031325669497,1187,0.1033
G_lag_residual,相似度 H/G,37,0.8204031325669497,0.8425746421388204,1716,0.1493
G_lag_residual,相似度 H/G,38,0.8425746421388204,0.864746151710691,1902,0.1655
G_lag_residual,相似度 H/G,39,0.864746151710691,0.8869176612825618,1496,0.1302
G_lag_completed_raw,相似度 H/G,0,0.0035841812961186206,0.025742328200481904,301205,24.4062
G_lag_completed_raw,相似度 H/G,1,0.025742328200481904,0.047900475104845186,324833,26.3208
G_lag_completed_raw,相似度 H/G,2,0.047900475104845186,0.07005862200920847,177326,14.3685
G_lag_completed_raw,相似度 H/G,3,0.07005862200920847,0.09221676891357175,105866,8.5782
G_lag_completed_raw,相似度 H/G,4,0.09221676891357175,0.11437491581793503,60025,4.8637
G_lag_completed_raw,相似度 H/G,5,0.11437491581793503,0.13653306272229832,40150,3.2533
G_lag_completed_raw,相似度 H/G,6,0.13653306272229832,0.15869120962666158,31916,2.5861
G_lag_completed_raw,相似度 H/G,7,0.15869120962666158,0.18084935653102488,23257,1.8845
G_lag_completed_raw,相似度 H/G,8,0.18084935653102488,0.20300750343538818,18383,1.4896
G_lag_completed_raw,相似度 H/G,9,0.20300750343538818,0.22516565033975144,16422,1.3307
G_lag_completed_raw,相似度 H/G,10,0.22516565033975144,0.2473237972441147,12585,1.0197
G_lag_completed_raw,相似度 H/G,11,0.2473237972441147,0.269481944148478,10253,0.8308
G_lag_completed_raw,相似度 H/G,12,0.269481944148478,0.2916400910528413,8804,0.7134
G_lag_completed_raw,相似度 H/G,13,0.2916400910528413,0.3137982379572045,4873,0.3949
G_lag_completed_raw,相似度 H/G,14,0.3137982379572045,0.3359563848615678,4874,0.3949
G_lag_completed_raw,相似度 H/G,15,0.3359563848615678,0.3581145317659311,4927,0.3992
G_lag_completed_raw,相似度 H/G,16,0.3581145317659311,0.3802726786702944,5977,0.4843
G_lag_completed_raw,相似度 H/G,17,0.3802726786702944,0.4024308255746577,5939,0.4812
G_lag_completed_raw,相似度 H/G,18,0.4024308255746577,0.42458897247902094,5241,0.4247
G_lag_completed_raw,相似度 H/G,19,0.42458897247902094,0.44674711938338424,4567,0.3701
G_lag_completed_raw,相似度 H/G,20,0.44674711938338424,0.46890526628774754,4760,0.3857
G_lag_completed_raw,相似度 H/G,21,0.46890526628774754,0.4910634131921108,3813,0.309
G_lag_completed_raw,相似度 H/G,22,0.4910634131921108,0.5132215600964741,2960,0.2398
G_lag_completed_raw,相似度 H/G,23,0.5132215600964741,0.5353797070008374,2289,0.1855
G_lag_completed_raw,相似度 H/G,24,0.5353797070008374,0.5575378539052006,2978,0.2413
G_lag_completed_raw,相似度 H/G,25,0.5575378539052006,0.579696000809564,2966,0.2403
G_lag_completed_raw,相似度 H/G,26,0.579696000809564,0.6018541477139272,5708,0.4625
G_lag_completed_raw,相似度 H/G,27,0.6018541477139272,0.6240122946182904,2484,0.2013
G_lag_completed_raw,相似度 H/G,28,0.6240122946182904,0.6461704415226538,2999,0.243
G_lag_completed_raw,相似度 H/G,29,0.6461704415226538,0.668328588427017,2934,0.2377
G_lag_completed_raw,相似度 H/G,30,0.668328588427017,0.6904867353313804,3998,0.324
G_lag_completed_raw,相似度 H/G,31,0.6904867353313804,0.7126448822357436,5530,0.4481
G_lag_completed_raw,相似度 H/G,32,0.7126448822357436,0.7348030291401069,5629,0.4561
G_lag_completed_raw,相似度 H/G,33,0.7348030291401069,0.7569611760444702,3867,0.3133
G_lag_completed_raw,相似度 H/G,34,0.7569611760444702,0.7791193229488335,1896,0.1536
G_lag_completed_raw,相似度 H/G,35,0.7791193229488335,0.8012774698531968,2417,0.1958
G_lag_completed_raw,相似度 H/G,36,0.8012774698531968,0.82343561675756,2628,0.2129
G_lag_completed_raw,相似度 H/G,37,0.82343561675756,0.8455937636619233,2476,0.2006
G_lag_completed_raw,相似度 H/G,38,0.8455937636619233,0.8677519105662866,2505,0.203
G_lag_completed_raw,相似度 H/G,39,0.8677519105662866,0.8899100574706499,1871,0.1516
G_lag_completed_residual,相似度 H/G,0,5.7278407734761796e-05,0.022248039352665946,371972,32.3677
G_lag_completed_residual,相似度 H/G,1,0.022248039352665946,0.04443880029759713,383951,33.4101
G_lag_completed_residual,相似度 H/G,2,0.04443880029759713,0.0666295612425283,133273,11.597
G_lag_completed_residual,相似度 H/G,3,0.0666295612425283,0.08882032218745949,59927,5.2146
G_lag_completed_residual,相似度 H/G,4,0.08882032218745949,0.11101108313239066,35724,3.1086
G_lag_completed_residual,相似度 H/G,5,0.11101108313239066,0.13320184407732186,24286,2.1133
G_lag_completed_residual,相似度 H/G,6,0.13320184407732186,0.15539260502225302,16228,1.4121
G_lag_completed_residual,相似度 H/G,7,0.15539260502225302,0.17758336596718421,10384,0.9036
G_lag_completed_residual,相似度 H/G,8,0.17758336596718421,0.1997741269121154,8590,0.7475
G_lag_completed_residual,相似度 H/G,9,0.1997741269121154,0.22196488785704657,6470,0.563
G_lag_completed_residual,相似度 H/G,10,0.22196488785704657,0.24415564880197776,6476,0.5635
G_lag_completed_residual,相似度 H/G,11,0.24415564880197776,0.266346409746909,5665,0.4929
G_lag_completed_residual,相似度 H/G,12,0.266346409746909,0.28853717069184015,5206,0.453
G_lag_completed_residual,相似度 H/G,13,0.28853717069184015,0.3107279316367713,3424,0.2979
G_lag_completed_residual,相似度 H/G,14,0.3107279316367713,0.33291869258170254,3830,0.3333
G_lag_completed_residual,相似度 H/G,15,0.33291869258170254,0.3551094535266337,4165,0.3624
G_lag_completed_residual,相似度 H/G,16,0.3551094535266337,0.37730021447156487,4842,0.4213
G_lag_completed_residual,相似度 H/G,17,0.37730021447156487,0.3994909754164961,5426,0.4722
G_lag_completed_residual,相似度 H/G,18,0.3994909754164961,0.42168173636142725,4666,0.406
G_lag_completed_residual,相似度 H/G,19,0.42168173636142725,0.4438724973063584,5251,0.4569
G_lag_completed_residual,相似度 H/G,20,0.4438724973063584,0.46606325825128964,5453,0.4745
G_lag_completed_residual,相似度 H/G,21,0.46606325825128964,0.4882540191962208,4291,0.3734
G_lag_completed_residual,相似度 H/G,22,0.4882540191962208,0.5104447801411519,3096,0.2694
G_lag_completed_residual,相似度 H/G,23,0.5104447801411519,0.5326355410860831,2386,0.2076
G_lag_completed_residual,相似度 H/G,24,0.5326355410860831,0.5548263020310142,2353,0.2048
G_lag_completed_residual,相似度 H/G,25,0.5548263020310142,0.5770170629759455,3183,0.277
G_lag_completed_residual,相似度 H/G,26,0.5770170629759455,0.5992078239208767,4144,0.3606
G_lag_completed_residual,相似度 H/G,27,0.5992078239208767,0.6213985848658078,2020,0.1758
G_lag_completed_residual,相似度 H/G,28,0.6213985848658078,0.643589345810739,2275,0.198
G_lag_completed_residual,相似度 H/G,29,0.643589345810739,0.6657801067556702,1451,0.1263
G_lag_completed_residual,相似度 H/G,30,0.6657801067556702,0.6879708677006013,2092,0.182
G_lag_completed_residual,相似度 H/G,31,0.6879708677006013,0.7101616286455326,4268,0.3714
G_lag_completed_residual,相似度 H/G,32,0.7101616286455326,0.7323523895904638,3174,0.2762
G_lag_completed_residual,相似度 H/G,33,0.7323523895904638,0.7545431505353949,1437,0.125
G_lag_completed_residual,相似度 H/G,34,0.7545431505353949,0.7767339114803261,456,0.0397
G_lag_completed_residual,相似度 H/G,35,0.7767339114803261,0.7989246724252573,1097,0.0955
G_lag_completed_residual,相似度 H/G,36,0.7989246724252573,0.8211154333701884,1201,0.1045
G_lag_completed_residual,相似度 H/G,37,0.8211154333701884,0.8433061943151197,1680,0.1462
G_lag_completed_residual,相似度 H/G,38,0.8433061943151197,0.8654969552600509,1907,0.1659
G_lag_completed_residual,相似度 H/G,39,0.8654969552600509,0.887687716204982,1486,0.1293
boilerplate_share,文本,0,0.0,0.02500000037252903,732845,59.3815
boilerplate_share,文本,1,0.02500000037252903,0.05000000074505806,0,0.0
boilerplate_share,文本,2,0.05000000074505806,0.07500000298023224,0,0.0
boilerplate_share,文本,3,0.07500000298023224,0.10000000149011612,0,0.0
boilerplate_share,文本,4,0.10000000149011612,0.125,3,0.0002
boilerplate_share,文本,5,0.125,0.15000000596046448,37,0.003
boilerplate_share,文本,6,0.15000000596046448,0.17499999701976776,547,0.0443
boilerplate_share,文本,7,0.17499999701976776,0.20000000298023224,1296,0.105
boilerplate_share,文本,8,0.20000000298023224,0.22499999403953552,3592,0.2911
boilerplate_share,文本,9,0.22499999403953552,0.25,4069,0.3297
boilerplate_share,文本,10,0.25,0.2750000059604645,8872,0.7189
boilerplate_share,文本,11,0.2750000059604645,0.30000001192092896,11825,0.9582
boilerplate_share,文本,12,0.30000001192092896,0.32499998807907104,8913,0.7222
boilerplate_share,文本,13,0.32499998807907104,0.3499999940395355,10162,0.8234
boilerplate_share,文本,14,0.3499999940395355,0.375,23695,1.92
boilerplate_share,文本,15,0.375,0.4000000059604645,16817,1.3627
boilerplate_share,文本,16,0.4000000059604645,0.42500001192092896,17835,1.4451
boilerplate_share,文本,17,0.42500001192092896,0.44999998807907104,6090,0.4935
boilerplate_share,文本,18,0.44999998807907104,0.4749999940395355,22309,1.8077
boilerplate_share,文本,19,0.4749999940395355,0.5,1016,0.0823
boilerplate_share,文本,20,0.5,0.5249999761581421,36771,2.9795
boilerplate_share,文本,21,0.5249999761581421,0.550000011920929,11416,0.925
boilerplate_share,文本,22,0.550000011920929,0.574999988079071,19820,1.606
boilerplate_share,文本,23,0.574999988079071,0.6000000238418579,9961,0.8071
boilerplate_share,文本,24,0.6000000238418579,0.625,7873,0.6379
boilerplate_share,文本,25,0.625,0.6499999761581421,30054,2.4352
boilerplate_share,文本,26,0.6499999761581421,0.675000011920929,12864,1.0424
boilerplate_share,文本,27,0.675000011920929,0.699999988079071,6587,0.5337
boilerplate_share,文本,28,0.699999988079071,0.7250000238418579,15318,1.2412
boilerplate_share,文本,29,0.7250000238418579,0.75,15110,1.2243
boilerplate_share,文本,30,0.75,0.7749999761581421,46640,3.7792
boilerplate_share,文本,31,0.7749999761581421,0.800000011920929,3165,0.2565
boilerplate_share,文本,32,0.800000011920929,0.824999988079071,28289,2.2922
boilerplate_share,文本,33,0.824999988079071,0.8500000238418579,9297,0.7533
boilerplate_share,文本,34,0.8500000238418579,0.875,5211,0.4222
boilerplate_share,文本,35,0.875,0.8999999761581421,9454,0.766
boilerplate_share,文本,36,0.8999999761581421,0.925000011920929,7880,0.6385
boilerplate_share,文本,37,0.925000011920929,0.949999988079071,3243,0.2628
boilerplate_share,文本,38,0.949999988079071,0.9750000238418579,330,0.0267
boilerplate_share,文本,39,0.9750000238418579,1.0,84925,6.8814
loanAmount,控制变量,0,25.0,228.125,407303,33.0032
loanAmount,控制变量,1,228.125,431.25,364145,29.5062
loanAmount,控制变量,2,431.25,634.375,197834,16.0302
loanAmount,控制变量,3,634.375,837.5,81737,6.623
loanAmount,控制变量,4,837.5,1040.625,61961,5.0206
loanAmount,控制变量,5,1040.625,1243.75,27341,2.2154
loanAmount,控制变量,6,1243.75,1446.875,19276,1.5619
loanAmount,控制变量,7,1446.875,1650.0,17054,1.3819
loanAmount,控制变量,8,1650.0,1853.125,8316,0.6738
loanAmount,控制变量,9,1853.125,2056.25,9602,0.778
loanAmount,控制变量,10,2056.25,2259.375,4178,0.3385
loanAmount,控制变量,11,2259.375,2462.5,3875,0.314
loanAmount,控制变量,12,2462.5,2665.625,3828,0.3102
loanAmount,控制变量,13,2665.625,2868.75,3702,0.3
loanAmount,控制变量,14,2868.75,3071.875,5224,0.4233
loanAmount,控制变量,15,3071.875,3275.0,1746,0.1415
loanAmount,控制变量,16,3275.0,3478.125,1824,0.1478
loanAmount,控制变量,17,3478.125,3681.25,1755,0.1422
loanAmount,控制变量,18,3681.25,3884.375,1248,0.1011
loanAmount,控制变量,19,3884.375,4087.5,2551,0.2067
loanAmount,控制变量,20,4087.5,4290.625,993,0.0805
loanAmount,控制变量,21,4290.625,4493.75,847,0.0686
loanAmount,控制变量,22,4493.75,4696.875,859,0.0696
loanAmount,控制变量,23,4696.875,4900.0,783,0.0634
loanAmount,控制变量,24,4900.0,5103.125,996,0.0807
loanAmount,控制变量,25,5103.125,5306.25,648,0.0525
loanAmount,控制变量,26,5306.25,5509.375,524,0.0425
loanAmount,控制变量,27,5509.375,5712.5,458,0.0371
loanAmount,控制变量,28,5712.5,5915.625,382,0.031
loanAmount,控制变量,29,5915.625,6118.75,335,0.0271
loanAmount,控制变量,30,6118.75,6321.875,244,0.0198
loanAmount,控制变量,31,6321.875,6525.0,166,0.0135
loanAmount,控制变量,32,6525.0,6728.125,173,0.014
loanAmount,控制变量,33,6728.125,6931.25,154,0.0125
loanAmount,控制变量,34,6931.25,7134.375,177,0.0143
loanAmount,控制变量,35,7134.375,7337.5,127,0.0103
loanAmount,控制变量,36,7337.5,7540.625,147,0.0119
loanAmount,控制变量,37,7540.625,7743.75,103,0.0083
loanAmount,控制变量,38,7743.75,7946.875,128,0.0104
loanAmount,控制变量,39,7946.875,8150.0,1387,0.1124
log_loan_amount,控制变量,0,3.258096538021482,3.4017915220233066,1548,0.1254
log_loan_amount,控制变量,1,3.4017915220233066,3.545486506025131,1,0.0001
log_loan_amount,控制变量,2,3.545486506025131,3.6891814900269555,7,0.0006
log_loan_amount,控制变量,3,3.6891814900269555,3.8328764740287795,10,0.0008
log_loan_amount,控制变量,4,3.8328764740287795,3.9765714580306044,6938,0.5622
log_loan_amount,控制变量,5,3.9765714580306044,4.120266442032428,29,0.0023
log_loan_amount,控制变量,6,4.120266442032428,4.263961426034253,24,0.0019
log_loan_amount,控制变量,7,4.263961426034253,4.407656410036077,12327,0.9988
log_loan_amount,控制变量,8,4.407656410036077,4.551351394037901,31,0.0025
log_loan_amount,控制变量,9,4.551351394037901,4.695046378039726,55888,4.5285
log_loan_amount,控制变量,10,4.695046378039726,4.83874136204155,52557,4.2586
log_loan_amount,控制变量,11,4.83874136204155,4.982436346043375,72,0.0058
log_loan_amount,控制变量,12,4.982436346043375,5.126131330045199,46046,3.731
log_loan_amount,控制变量,13,5.126131330045199,5.269826314047023,54998,4.4564
log_loan_amount,控制变量,14,5.269826314047023,5.413521298048848,113539,9.1999
log_loan_amount,控制变量,15,5.413521298048848,5.557216282050673,108070,8.7568
log_loan_amount,控制变量,16,5.557216282050673,5.700911266052497,55809,4.5221
log_loan_amount,控制变量,17,5.700911266052497,5.844606250054321,112119,9.0849
log_loan_amount,控制变量,18,5.844606250054321,5.988301234056146,73024,5.917
log_loan_amount,控制变量,19,5.988301234056146,6.131996218057971,105801,8.5729
log_loan_amount,控制变量,20,6.131996218057971,6.275691202059795,85402,6.92
log_loan_amount,控制变量,21,6.275691202059795,6.419386186061619,68547,5.5543
log_loan_amount,控制变量,22,6.419386186061619,6.563081170063443,51924,4.2073
log_loan_amount,控制变量,23,6.563081170063443,6.706776154065268,37872,3.0687
log_loan_amount,控制变量,24,6.706776154065268,6.850471138067093,34018,2.7564
log_loan_amount,控制变量,25,6.850471138067093,6.994166122068917,44757,3.6266
log_loan_amount,控制变量,26,6.994166122068917,7.137861106070741,21416,1.7353
log_loan_amount,控制变量,27,7.137861106070741,7.281556090072565,18984,1.5382
log_loan_amount,控制变量,28,7.281556090072565,7.4252510740743904,16463,1.334
log_loan_amount,控制变量,29,7.4252510740743904,7.5689460580762145,9164,0.7425
log_loan_amount,控制变量,30,7.5689460580762145,7.7126410420780385,10912,0.8842
log_loan_amount,控制变量,31,7.7126410420780385,7.8563360260798625,6822,0.5528
log_loan_amount,控制变量,32,7.8563360260798625,8.000031010081686,7154,0.5797
log_loan_amount,控制变量,33,8.000031010081686,8.143725994083512,6325,0.5125
log_loan_amount,控制变量,34,8.143725994083512,8.287420978085336,3841,0.3112
log_loan_amount,控制变量,35,8.287420978085336,8.43111596208716,4319,0.35
log_loan_amount,控制变量,36,8.43111596208716,8.574810946088984,2791,0.2262
log_loan_amount,控制变量,37,8.574810946088984,8.71850593009081,1776,0.1439
log_loan_amount,控制变量,38,8.71850593009081,8.862200914092634,869,0.0704
log_loan_amount,控制变量,39,8.862200914092634,9.005895898094458,1937,0.157
borrowerCount,控制变量,0,1.0,1.675,1106410,89.6509
borrowerCount,控制变量,1,1.675,2.35,20858,1.6901
borrowerCount,控制变量,2,2.35,3.0250000000000004,18581,1.5056
borrowerCount,控制变量,3,3.0250000000000004,3.7,0,0.0
borrowerCount,控制变量,4,3.7,4.375,14190,1.1498
borrowerCount,控制变量,5,4.375,5.050000000000001,16485,1.3358
borrowerCount,控制变量,6,5.050000000000001,5.7250000000000005,0,0.0
borrowerCount,控制变量,7,5.7250000000000005,6.4,7122,0.5771
borrowerCount,控制变量,8,6.4,7.075,5620,0.4554
borrowerCount,控制变量,9,7.075,7.75,0,0.0
borrowerCount,控制变量,10,7.75,8.425,6211,0.5033
borrowerCount,控制变量,11,8.425,9.100000000000001,5445,0.4412
borrowerCount,控制变量,12,9.100000000000001,9.775,0,0.0
borrowerCount,控制变量,13,9.775,10.450000000000001,6159,0.4991
borrowerCount,控制变量,14,10.450000000000001,11.125,4178,0.3385
borrowerCount,控制变量,15,11.125,11.8,0,0.0
borrowerCount,控制变量,16,11.8,12.475000000000001,3332,0.27
borrowerCount,控制变量,17,12.475000000000001,13.15,2884,0.2337
borrowerCount,控制变量,18,13.15,13.825000000000001,0,0.0
borrowerCount,控制变量,19,13.825000000000001,14.5,2515,0.2038
borrowerCount,控制变量,20,14.5,15.175,2433,0.1971
borrowerCount,控制变量,21,15.175,15.850000000000001,0,0.0
borrowerCount,控制变量,22,15.850000000000001,16.525,1768,0.1433
borrowerCount,控制变量,23,16.525,17.200000000000003,1191,0.0965
borrowerCount,控制变量,24,17.200000000000003,17.875,0,0.0
borrowerCount,控制变量,25,17.875,18.55,1052,0.0852
borrowerCount,控制变量,26,18.55,19.225,1117,0.0905
borrowerCount,控制变量,27,19.225,19.900000000000002,0,0.0
borrowerCount,控制变量,28,19.900000000000002,20.575000000000003,1438,0.1165
borrowerCount,控制变量,29,20.575000000000003,21.25,770,0.0624
borrowerCount,控制变量,30,21.25,21.925,0,0.0
borrowerCount,控制变量,31,21.925,22.6,693,0.0562
borrowerCount,控制变量,32,22.6,23.275000000000002,619,0.0502
borrowerCount,控制变量,33,23.275000000000002,23.950000000000003,0,0.0
borrowerCount,控制变量,34,23.950000000000003,24.625,516,0.0418
borrowerCount,控制变量,35,24.625,25.3,595,0.0482
borrowerCount,控制变量,36,25.3,25.975,0,0.0
borrowerCount,控制变量,37,25.975,26.650000000000002,392,0.0318
borrowerCount,控制变量,38,26.650000000000002,27.325000000000003,285,0.0231
borrowerCount,控制变量,39,27.325000000000003,28.0,1272,0.1031
log_borrower_count,控制变量,0,0.6931471805599453,0.7600008967956084,1106410,89.6509
log_borrower_count,控制变量,1,0.7600008967956084,0.8268546130312717,0,0.0
log_borrower_count,控制变量,2,0.8268546130312717,0.893708329266935,0,0.0
log_borrower_count,控制变量,3,0.893708329266935,0.9605620455025982,0,0.0
log_borrower_count,控制变量,4,0.9605620455025982,1.0274157617382613,0,0.0
log_borrower_count,控制变量,5,1.0274157617382613,1.0942694779739246,0,0.0
log_borrower_count,控制变量,6,1.0942694779739246,1.1611231942095879,20858,1.6901
log_borrower_count,控制变量,7,1.1611231942095879,1.2279769104452511,0,0.0
log_borrower_count,控制变量,8,1.2279769104452511,1.2948306266809144,0,0.0
log_borrower_count,控制变量,9,1.2948306266809144,1.3616843429165775,0,0.0
log_borrower_count,控制变量,10,1.3616843429165775,1.4285380591522405,18581,1.5056
log_borrower_count,控制变量,11,1.4285380591522405,1.4953917753879038,0,0.0
log_borrower_count,控制变量,12,1.4953917753879038,1.562245491623567,0,0.0
log_borrower_count,控制变量,13,1.562245491623567,1.6290992078592303,14190,1.1498
log_borrower_count,控制变量,14,1.6290992078592303,1.6959529240948936,0,0.0
log_borrower_count,控制变量,15,1.6959529240948936,1.762806640330557,0,0.0
log_borrower_count,控制变量,16,1.762806640330557,1.8296603565662202,16485,1.3358
log_borrower_count,控制变量,17,1.8296603565662202,1.8965140728018834,0,0.0
log_borrower_count,控制变量,18,1.8965140728018834,1.9633677890375463,7122,0.5771
log_borrower_count,控制变量,19,1.9633677890375463,2.0302215052732095,0,0.0
log_borrower_count,控制变量,20,2.0302215052732095,2.097075221508873,5620,0.4554
log_borrower_count,控制变量,21,2.097075221508873,2.163928937744536,0,0.0
log_borrower_count,控制变量,22,2.163928937744536,2.2307826539801994,6211,0.5033
log_borrower_count,控制变量,23,2.2307826539801994,2.2976363702158626,0,0.0
log_borrower_count,控制变量,24,2.2976363702158626,2.364490086451526,5445,0.4412
log_borrower_count,控制变量,25,2.364490086451526,2.431343802687189,6159,0.4991
log_borrower_count,控制变量,26,2.431343802687189,2.498197518922852,4178,0.3385
log_borrower_count,控制变量,27,2.498197518922852,2.5650512351585153,3332,0.27
log_borrower_count,控制变量,28,2.5650512351585153,2.6319049513941786,0,0.0
log_borrower_count,控制变量,29,2.6319049513941786,2.698758667629842,2884,0.2337
log_borrower_count,控制变量,30,2.698758667629842,2.765612383865505,2515,0.2038
log_borrower_count,控制变量,31,2.765612383865505,2.8324661001011684,2433,0.1971
log_borrower_count,控制变量,32,2.8324661001011684,2.8993198163368317,2959,0.2398
log_borrower_count,控制变量,33,2.8993198163368317,2.966173532572495,1052,0.0852
log_borrower_count,控制变量,34,2.966173532572495,3.033027248808158,1117,0.0905
log_borrower_count,控制变量,35,3.033027248808158,3.0998809650438215,2208,0.1789
log_borrower_count,控制变量,36,3.0998809650438215,3.1667346812794843,693,0.0562
log_borrower_count,控制变量,37,3.1667346812794843,3.2335883975151476,1135,0.092
log_borrower_count,控制变量,38,3.2335883975151476,3.300442113750811,987,0.08
log_borrower_count,控制变量,39,3.300442113750811,3.367295829986474,1557,0.1262
lenderRepaymentTerm,控制变量,0,3.0,4.0,1549,0.1255
lenderRepaymentTerm,控制变量,1,4.0,5.0,1039,0.0842
lenderRepaymentTerm,控制变量,2,5.0,6.0,10835,0.8779
lenderRepaymentTerm,控制变量,3,6.0,7.0,22079,1.789
lenderRepaymentTerm,控制变量,4,7.0,8.0,83199,6.7415
lenderRepaymentTerm,控制变量,5,8.0,9.0,292135,23.6713
lenderRepaymentTerm,控制变量,6,9.0,10.0,38163,3.0923
lenderRepaymentTerm,控制变量,7,10.0,11.0,44783,3.6287
lenderRepaymentTerm,控制变量,8,11.0,12.0,103657,8.3992
lenderRepaymentTerm,控制变量,9,12.0,13.0,42060,3.4081
lenderRepaymentTerm,控制变量,10,13.0,14.0,77439,6.2748
lenderRepaymentTerm,控制变量,11,14.0,15.0,350486,28.3994
lenderRepaymentTerm,控制变量,12,15.0,16.0,34311,2.7802
lenderRepaymentTerm,控制变量,13,16.0,17.0,3366,0.2727
lenderRepaymentTerm,控制变量,14,17.0,18.0,5101,0.4133
lenderRepaymentTerm,控制变量,15,18.0,19.0,3493,0.283
lenderRepaymentTerm,控制变量,16,19.0,20.0,6922,0.5609
lenderRepaymentTerm,控制变量,17,20.0,21.0,48946,3.966
lenderRepaymentTerm,控制变量,18,21.0,22.0,7386,0.5985
lenderRepaymentTerm,控制变量,19,22.0,23.0,2975,0.2411
lenderRepaymentTerm,控制变量,20,23.0,24.0,305,0.0247
lenderRepaymentTerm,控制变量,21,24.0,25.0,401,0.0325
lenderRepaymentTerm,控制变量,22,25.0,26.0,2986,0.242
lenderRepaymentTerm,控制变量,23,26.0,27.0,27791,2.2519
lenderRepaymentTerm,控制变量,24,27.0,28.0,6497,0.5264
lenderRepaymentTerm,控制变量,25,28.0,29.0,2330,0.1888
lenderRepaymentTerm,控制变量,26,29.0,30.0,463,0.0375
lenderRepaymentTerm,控制变量,27,30.0,31.0,297,0.0241
lenderRepaymentTerm,控制变量,28,31.0,32.0,222,0.018
lenderRepaymentTerm,控制变量,29,32.0,33.0,478,0.0387
lenderRepaymentTerm,控制变量,30,33.0,34.0,428,0.0347
lenderRepaymentTerm,控制变量,31,34.0,35.0,247,0.02
lenderRepaymentTerm,控制变量,32,35.0,36.0,206,0.0167
lenderRepaymentTerm,控制变量,33,36.0,37.0,391,0.0317
lenderRepaymentTerm,控制变量,34,37.0,38.0,1064,0.0862
lenderRepaymentTerm,控制变量,35,38.0,39.0,5831,0.4725
lenderRepaymentTerm,控制变量,36,39.0,40.0,1411,0.1143
lenderRepaymentTerm,控制变量,37,40.0,41.0,611,0.0495
lenderRepaymentTerm,控制变量,38,41.0,42.0,225,0.0182
lenderRepaymentTerm,控制变量,39,42.0,43.0,2023,0.1639
log_repayment_term,控制变量,0,1.3862943611198906,1.4462417429398498,1549,0.1255
log_repayment_term,控制变量,1,1.4462417429398498,1.5061891247598092,0,0.0
log_repayment_term,控制变量,2,1.5061891247598092,1.5661365065797683,0,0.0
log_repayment_term,控制变量,3,1.5661365065797683,1.6260838883997277,1039,0.0842
log_repayment_term,控制变量,4,1.6260838883997277,1.686031270219687,0,0.0
log_repayment_term,控制变量,5,1.686031270219687,1.7459786520396463,0,0.0
log_repayment_term,控制变量,6,1.7459786520396463,1.8059260338596055,10835,0.8779
log_repayment_term,控制变量,7,1.8059260338596055,1.8658734156795647,0,0.0
log_repayment_term,控制变量,8,1.8658734156795647,1.925820797499524,0,0.0
log_repayment_term,控制变量,9,1.925820797499524,1.9857681793194832,22079,1.789
log_repayment_term,控制变量,10,1.9857681793194832,2.0457155611394424,0,0.0
log_repayment_term,控制变量,11,2.0457155611394424,2.105662942959402,83199,6.7415
log_repayment_term,控制变量,12,2.105662942959402,2.165610324779361,0,0.0
log_repayment_term,控制变量,13,2.165610324779361,2.22555770659932,292135,23.6713
log_repayment_term,控制变量,14,2.22555770659932,2.2855050884192796,0,0.0
log_repayment_term,控制变量,15,2.2855050884192796,2.345452470239239,38163,3.0923
log_repayment_term,控制变量,16,2.345452470239239,2.4053998520591984,44783,3.6287
log_repayment_term,控制变量,17,2.4053998520591984,2.4653472338791573,0,0.0
log_repayment_term,控制变量,18,2.4653472338791573,2.5252946156991167,103657,8.3992
log_repayment_term,控制变量,19,2.5252946156991167,2.585241997519076,42060,3.4081
log_repayment_term,控制变量,20,2.585241997519076,2.645189379339035,77439,6.2748
log_repayment_term,控制变量,21,2.645189379339035,2.7051367611589945,0,0.0
log_repayment_term,控制变量,22,2.7051367611589945,2.765084142978954,350486,28.3994
log_repayment_term,控制变量,23,2.765084142978954,2.825031524798913,34311,2.7802
log_repayment_term,控制变量,24,2.825031524798913,2.8849789066188722,3366,0.2727
log_repayment_term,控制变量,25,2.8849789066188722,2.9449262884388316,8594,0.6964
log_repayment_term,控制变量,26,2.9449262884388316,3.0048736702587906,6922,0.5609
log_repayment_term,控制变量,27,3.0048736702587906,3.06482105207875,48946,3.966
log_repayment_term,控制变量,28,3.06482105207875,3.1247684338987094,7386,0.5985
log_repayment_term,控制变量,29,3.1247684338987094,3.1847158157186684,3280,0.2658
log_repayment_term,控制变量,30,3.1847158157186684,3.244663197538628,401,0.0325
log_repayment_term,控制变量,31,3.244663197538628,3.304610579358587,30777,2.4938
log_repayment_term,控制变量,32,3.304610579358587,3.364557961178546,6497,0.5264
log_repayment_term,控制变量,33,3.364557961178546,3.424505342998506,2793,0.2263
log_repayment_term,控制变量,34,3.424505342998506,3.484452724818465,519,0.0421
log_repayment_term,控制变量,35,3.484452724818465,3.544400106638424,906,0.0734
log_repayment_term,控制变量,36,3.544400106638424,3.6043474884583837,453,0.0367
log_repayment_term,控制变量,37,3.6043474884583837,3.6642948702783427,7286,0.5904
log_repayment_term,控制变量,38,3.6642948702783427,3.7242422520983016,2022,0.1638
log_repayment_term,控制变量,39,3.7242422520983016,3.784189633918261,2248,0.1822
platform_posting_7d_count,控制变量,0,706.0,893.9,2582,0.2092
platform_posting_7d_count,控制变量,1,893.9,1081.8,10015,0.8115
platform_posting_7d_count,控制变量,2,1081.8,1269.7,19859,1.6091
platform_posting_7d_count,控制变量,3,1269.7,1457.6,28064,2.274
platform_posting_7d_count,控制变量,4,1457.6,1645.5,37878,3.0692
platform_posting_7d_count,控制变量,5,1645.5,1833.4,43736,3.5439
platform_posting_7d_count,控制变量,6,1833.4,2021.3,50913,4.1254
platform_posting_7d_count,控制变量,7,2021.3,2209.2,56312,4.5629
platform_posting_7d_count,控制变量,8,2209.2,2397.1000000000004,71110,5.7619
platform_posting_7d_count,控制变量,9,2397.1000000000004,2585.0,94855,7.686
platform_posting_7d_count,控制变量,10,2585.0,2772.9,95352,7.7262
platform_posting_7d_count,控制变量,11,2772.9,2960.8,111653,9.0471
platform_posting_7d_count,控制变量,12,2960.8,3148.7000000000003,98378,7.9714
platform_posting_7d_count,控制变量,13,3148.7000000000003,3336.6,94619,7.6669
platform_posting_7d_count,控制变量,14,3336.6,3524.5,83357,6.7543
platform_posting_7d_count,控制变量,15,3524.5,3712.4,65178,5.2813
platform_posting_7d_count,控制变量,16,3712.4,3900.3,50678,4.1064
platform_posting_7d_count,控制变量,17,3900.3,4088.2000000000003,45316,3.6719
platform_posting_7d_count,控制变量,18,4088.2000000000003,4276.1,32735,2.6525
platform_posting_7d_count,控制变量,19,4276.1,4464.0,20597,1.6689
platform_posting_7d_count,控制变量,20,4464.0,4651.9,19403,1.5722
platform_posting_7d_count,控制变量,21,4651.9,4839.8,19981,1.619
platform_posting_7d_count,控制变量,22,4839.8,5027.7,14503,1.1752
platform_posting_7d_count,控制变量,23,5027.7,5215.6,9292,0.7529
platform_posting_7d_count,控制变量,24,5215.6,5403.5,8785,0.7118
platform_posting_7d_count,控制变量,25,5403.5,5591.400000000001,8305,0.6729
platform_posting_7d_count,控制变量,26,5591.400000000001,5779.3,6716,0.5442
platform_posting_7d_count,控制变量,27,5779.3,5967.2,5236,0.4243
platform_posting_7d_count,控制变量,28,5967.2,6155.1,2781,0.2253
platform_posting_7d_count,控制变量,29,6155.1,6343.0,2683,0.2174
platform_posting_7d_count,控制变量,30,6343.0,6530.900000000001,2799,0.2268
platform_posting_7d_count,控制变量,31,6530.900000000001,6718.8,2745,0.2224
platform_posting_7d_count,控制变量,32,6718.8,6906.7,2066,0.1674
platform_posting_7d_count,控制变量,33,6906.7,7094.6,2731,0.2213
platform_posting_7d_count,控制变量,34,7094.6,7282.5,2126,0.1723
platform_posting_7d_count,控制变量,35,7282.5,7470.400000000001,2425,0.1965
platform_posting_7d_count,控制变量,36,7470.400000000001,7658.3,1684,0.1365
platform_posting_7d_count,控制变量,37,7658.3,7846.2,1892,0.1533
platform_posting_7d_count,控制变量,38,7846.2,8034.1,2413,0.1955
platform_posting_7d_count,控制变量,39,8034.1,8222.0,2378,0.1927
log_platform_posting_7d,控制变量,0,6.561030665896573,6.622372158873431,1328,0.1076
log_platform_posting_7d,控制变量,1,6.622372158873431,6.683713651850289,147,0.0119
log_platform_posting_7d,控制变量,2,6.683713651850289,6.745055144827147,392,0.0318
log_platform_posting_7d,控制变量,3,6.745055144827147,6.8063966378040055,917,0.0743
log_platform_posting_7d,控制变量,4,6.8063966378040055,6.867738130780864,2478,0.2008
log_platform_posting_7d,控制变量,5,6.867738130780864,6.929079623757722,3215,0.2605
log_platform_posting_7d,控制变量,6,6.929079623757722,6.99042111673458,4414,0.3577
log_platform_posting_7d,控制变量,7,6.99042111673458,7.051762609711438,5428,0.4398
log_platform_posting_7d,控制变量,8,7.051762609711438,7.113104102688296,6865,0.5563
log_platform_posting_7d,控制变量,9,7.113104102688296,7.174445595665154,12755,1.0335
log_platform_posting_7d,控制变量,10,7.174445595665154,7.235787088642012,12413,1.0058
log_platform_posting_7d,控制变量,11,7.235787088642012,7.29712858161887,13300,1.0777
log_platform_posting_7d,控制变量,12,7.29712858161887,7.358470074595728,18436,1.4938
log_platform_posting_7d,控制变量,13,7.358470074595728,7.419811567572586,21707,1.7589
log_platform_posting_7d,控制变量,14,7.419811567572586,7.4811530605494445,24309,1.9697
log_platform_posting_7d,控制变量,15,7.4811530605494445,7.542494553526303,27102,2.196
log_platform_posting_7d,控制变量,16,7.542494553526303,7.60383604650316,32242,2.6125
log_platform_posting_7d,控制变量,17,7.60383604650316,7.665177539480018,37757,3.0594
log_platform_posting_7d,控制变量,18,7.665177539480018,7.726519032456876,42722,3.4617
log_platform_posting_7d,控制变量,19,7.726519032456876,7.787860525433734,57840,4.6867
log_platform_posting_7d,控制变量,20,7.787860525433734,7.849202018410592,76480,6.1971
log_platform_posting_7d,控制变量,21,7.849202018410592,7.91054351138745,85357,6.9164
log_platform_posting_7d,控制变量,22,7.91054351138745,7.971885004364308,93140,7.547
log_platform_posting_7d,控制变量,23,7.971885004364308,8.033226497341166,107182,8.6848
log_platform_posting_7d,控制变量,24,8.033226497341166,8.094567990318025,95694,7.754
log_platform_posting_7d,控制变量,25,8.094567990318025,8.155909483294883,98725,7.9996
log_platform_posting_7d,控制变量,26,8.155909483294883,8.21725097627174,78872,6.3909
log_platform_posting_7d,控制变量,27,8.21725097627174,8.278592469248599,62309,5.0488
log_platform_posting_7d,控制变量,28,8.278592469248599,8.339933962225457,56722,4.5961
log_platform_posting_7d,控制变量,29,8.339933962225457,8.401275455202315,31788,2.5757
log_platform_posting_7d,控制变量,30,8.401275455202315,8.462616948179173,28830,2.3361
log_platform_posting_7d,控制变量,31,8.462616948179173,8.523958441156031,26506,2.1477
log_platform_posting_7d,控制变量,32,8.523958441156031,8.58529993413289,15644,1.2676
log_platform_posting_7d,控制变量,33,8.58529993413289,8.646641427109747,14042,1.1378
log_platform_posting_7d,控制变量,34,8.646641427109747,8.707982920086605,9681,0.7844
log_platform_posting_7d,控制变量,35,8.707982920086605,8.769324413063464,5581,0.4522
log_platform_posting_7d,控制变量,36,8.769324413063464,8.830665906040322,5444,0.4411
log_platform_posting_7d,控制变量,37,8.830665906040322,8.89200739901718,5447,0.4414
log_platform_posting_7d,控制变量,38,8.89200739901718,8.953348891994038,4998,0.405
log_platform_posting_7d,控制变量,39,8.953348891994038,9.014690384970896,5922,0.4799
country_ppp,控制变量,0,616.0,708.625,54921,4.4502
country_ppp,控制变量,1,708.625,801.25,10575,0.8569
country_ppp,控制变量,2,801.25,893.875,0,0.0
country_ppp,控制变量,3,893.875,986.5,41366,3.3518
country_ppp,控制变量,4,986.5,1079.125,11658,0.9446
country_ppp,控制变量,5,1079.125,1171.75,33690,2.7299
country_ppp,控制变量,6,1171.75,1264.375,13481,1.0923
country_ppp,控制变量,7,1264.375,1357.0,76995,6.2388
country_ppp,控制变量,8,1357.0,1449.625,0,0.0
country_ppp,控制变量,9,1449.625,1542.25,11299,0.9155
country_ppp,控制变量,10,1542.25,1634.875,2,0.0002
country_ppp,控制变量,11,1634.875,1727.5,99308,8.0468
country_ppp,控制变量,12,1727.5,1820.125,0,0.0
country_ppp,控制变量,13,1820.125,1912.75,0,0.0
country_ppp,控制变量,14,1912.75,2005.375,18001,1.4586
country_ppp,控制变量,15,2005.375,2098.0,3532,0.2862
country_ppp,控制变量,16,2098.0,2190.625,0,0.0
country_ppp,控制变量,17,2190.625,2283.25,3259,0.2641
country_ppp,控制变量,18,2283.25,2375.875,0,0.0
country_ppp,控制变量,19,2375.875,2468.5,6579,0.5331
country_ppp,控制变量,20,2468.5,2561.125,232250,18.8189
country_ppp,控制变量,21,2561.125,2653.75,0,0.0
country_ppp,控制变量,22,2653.75,2746.375,28,0.0023
country_ppp,控制变量,23,2746.375,2839.0,92707,7.5119
country_ppp,控制变量,24,2839.0,2931.625,0,0.0
country_ppp,控制变量,25,2931.625,3024.25,34921,2.8296
country_ppp,控制变量,26,3024.25,3116.875,6970,0.5648
country_ppp,控制变量,27,3116.875,3209.5,22371,1.8127
country_ppp,控制变量,28,3209.5,3302.125,0,0.0
country_ppp,控制变量,29,3302.125,3394.75,0,0.0
country_ppp,控制变量,30,3394.75,3487.375,0,0.0
country_ppp,控制变量,31,3487.375,3580.0,0,0.0
country_ppp,控制变量,32,3580.0,3672.625,17349,1.4058
country_ppp,控制变量,33,3672.625,3765.25,0,0.0
country_ppp,控制变量,34,3765.25,3857.875,0,0.0
country_ppp,控制变量,35,3857.875,3950.5,329,0.0267
country_ppp,控制变量,36,3950.5,4043.125,12510,1.0137
country_ppp,控制变量,37,4043.125,4135.75,0,0.0
country_ppp,控制变量,38,4135.75,4228.375,0,0.0
country_ppp,控制变量,39,4228.375,4321.0,430030,34.8448
Cz,衍生 z 与交互,0,-3.023852825164795,-2.908250093460083,4881,0.3955
Cz,衍生 z 与交互,1,-2.908250093460083,-2.792647361755371,5028,0.4074
Cz,衍生 z 与交互,2,-2.792647361755371,-2.67704439163208,7951,0.6443
Cz,衍生 z 与交互,3,-2.67704439163208,-2.561441659927368,5600,0.4538
Cz,衍生 z 与交互,4,-2.561441659927368,-2.4458389282226562,10641,0.8622
Cz,衍生 z 与交互,5,-2.4458389282226562,-2.3302361965179443,7821,0.6337
Cz,衍生 z 与交互,6,-2.3302361965179443,-2.2146334648132324,10280,0.833
Cz,衍生 z 与交互,7,-2.2146334648132324,-2.0990307331085205,12700,1.0291
Cz,衍生 z 与交互,8,-2.0990307331085205,-1.983427882194519,13214,1.0707
Cz,衍生 z 与交互,9,-1.983427882194519,-1.8678250312805176,14062,1.1394
Cz,衍生 z 与交互,10,-1.8678250312805176,-1.7522222995758057,14148,1.1464
Cz,衍生 z 与交互,11,-1.7522222995758057,-1.6366195678710938,12662,1.026
Cz,衍生 z 与交互,12,-1.6366195678710938,-1.5210167169570923,15590,1.2632
Cz,衍生 z 与交互,13,-1.5210167169570923,-1.4054139852523804,15012,1.2164
Cz,衍生 z 与交互,14,-1.4054139852523804,-1.2898112535476685,16092,1.3039
Cz,衍生 z 与交互,15,-1.2898112535476685,-1.174208402633667,17545,1.4216
Cz,衍生 z 与交互,16,-1.174208402633667,-1.058605670928955,20985,1.7004
Cz,衍生 z 与交互,17,-1.058605670928955,-0.9430028796195984,21999,1.7825
Cz,衍生 z 与交互,18,-0.9430028796195984,-0.8274001479148865,20528,1.6634
Cz,衍生 z 与交互,19,-0.8274001479148865,-0.7117973566055298,21822,1.7682
Cz,衍生 z 与交互,20,-0.7117973566055298,-0.5961945652961731,21338,1.729
Cz,衍生 z 与交互,21,-0.5961945652961731,-0.4805918037891388,20141,1.632
Cz,衍生 z 与交互,22,-0.4805918037891388,-0.3649890422821045,25223,2.0438
Cz,衍生 z 与交互,23,-0.3649890422821045,-0.249386265873909,35115,2.8453
Cz,衍生 z 与交互,24,-0.249386265873909,-0.1337834894657135,44028,3.5675
Cz,衍生 z 与交互,25,-0.1337834894657135,-0.018180716782808304,52726,4.2723
Cz,衍生 z 与交互,26,-0.018180716782808304,0.0974220559000969,46842,3.7955
Cz,衍生 z 与交互,27,0.0974220559000969,0.2130248248577118,44893,3.6376
Cz,衍生 z 与交互,28,0.2130248248577118,0.3286276161670685,55959,4.5343
Cz,衍生 z 与交互,29,0.3286276161670685,0.4442303776741028,78286,6.3434
Cz,衍生 z 与交互,30,0.4442303776741028,0.5598331689834595,103873,8.4167
Cz,衍生 z 与交互,31,0.5598331689834595,0.6754359006881714,107912,8.744
Cz,衍生 z 与交互,32,0.6754359006881714,0.7910386919975281,98454,7.9776
Cz,衍生 z 与交互,33,0.7910386919975281,0.9066414833068848,63128,5.1152
Cz,衍生 z 与交互,34,0.9066414833068848,1.0222442150115967,50954,4.1287
Cz,衍生 z 与交互,35,1.0222442150115967,1.1378470659255981,39896,3.2327
Cz,衍生 z 与交互,36,1.1378470659255981,1.25344979763031,29135,2.3608
Cz,衍生 z 与交互,37,1.25344979763031,1.369052529335022,26477,2.1454
Cz,衍生 z 与交互,38,1.369052529335022,1.4846553802490234,15992,1.2958
Cz,衍生 z 与交互,39,1.4846553802490234,1.6002581119537354,5198,0.4212
Hz,衍生 z 与交互,0,-0.6749765872955322,-0.518918514251709,316016,25.6064
Hz,衍生 z 与交互,1,-0.518918514251709,-0.36286041140556335,317409,25.7192
Hz,衍生 z 与交互,2,-0.36286041140556335,-0.2068023383617401,164748,13.3493
Hz,衍生 z 与交互,3,-0.2068023383617401,-0.050744254142045975,99237,8.041
Hz,衍生 z 与交互,4,-0.050744254142045975,0.10531382262706757,61355,4.9715
Hz,衍生 z 与交互,5,0.10531382262706757,0.261371910572052,42549,3.4477
Hz,衍生 z 与交互,6,0.261371910572052,0.41742998361587524,32943,2.6693
Hz,衍生 z 与交互,7,0.41742998361587524,0.5734880566596985,25440,2.0614
Hz,衍生 z 与交互,8,0.5734880566596985,0.7295461297035217,18992,1.5389
Hz,衍生 z 与交互,9,0.7295461297035217,0.885604202747345,15535,1.2588
Hz,衍生 z 与交互,10,0.885604202747345,1.041662335395813,13669,1.1076
Hz,衍生 z 与交互,11,1.041662335395813,1.1977204084396362,12201,0.9886
Hz,衍生 z 与交互,12,1.1977204084396362,1.3537784814834595,11171,0.9052
Hz,衍生 z 与交互,13,1.3537784814834595,1.5098365545272827,10195,0.8261
Hz,衍生 z 与交互,14,1.5098365545272827,1.665894627571106,10401,0.8428
Hz,衍生 z 与交互,15,1.665894627571106,1.8219527006149292,9603,0.7781
Hz,衍生 z 与交互,16,1.8219527006149292,1.9780107736587524,8277,0.6707
Hz,衍生 z 与交互,17,1.9780107736587524,2.134068727493286,6768,0.5484
Hz,衍生 z 与交互,18,2.134068727493286,2.2901270389556885,5359,0.4342
Hz,衍生 z 与交互,19,2.2901270389556885,2.4461851119995117,4153,0.3365
Hz,衍生 z 与交互,20,2.4461851119995117,2.602243185043335,3489,0.2827
Hz,衍生 z 与交互,21,2.602243185043335,2.758301258087158,2851,0.231
Hz,衍生 z 与交互,22,2.758301258087158,2.9143593311309814,2698,0.2186
Hz,衍生 z 与交互,23,2.9143593311309814,3.0704174041748047,2455,0.1989
Hz,衍生 z 与交互,24,3.0704174041748047,3.226475477218628,2309,0.1871
Hz,衍生 z 与交互,25,3.226475477218628,3.382533550262451,2323,0.1882
Hz,衍生 z 与交互,26,3.382533550262451,3.5385916233062744,2435,0.1973
Hz,衍生 z 与交互,27,3.5385916233062744,3.6946496963500977,2225,0.1803
Hz,衍生 z 与交互,28,3.6946496963500977,3.850707769393921,2126,0.1723
Hz,衍生 z 与交互,29,3.850707769393921,4.006765842437744,2328,0.1886
Hz,衍生 z 与交互,30,4.006765842437744,4.162823677062988,2360,0.1912
Hz,衍生 z 与交互,31,4.162823677062988,4.318881988525391,2775,0.2249
Hz,衍生 z 与交互,32,4.318881988525391,4.474939823150635,2277,0.1845
Hz,衍生 z 与交互,33,4.474939823150635,4.630998134613037,2150,0.1742
Hz,衍生 z 与交互,34,4.630998134613037,4.787055969238281,2320,0.188
Hz,衍生 z 与交互,35,4.787055969238281,4.943114280700684,2151,0.1743
Hz,衍生 z 与交互,36,4.943114280700684,5.099172115325928,2272,0.1841
Hz,衍生 z 与交互,37,5.099172115325928,5.25523042678833,2125,0.1722
Hz,衍生 z 与交互,38,5.25523042678833,5.411288261413574,1982,0.1606
Hz,衍生 z 与交互,39,5.411288261413574,5.567346572875977,2459,0.1992
Vz,衍生 z 与交互,0,-3.5478522777557373,-3.417651653289795,1680,0.1361
Vz,衍生 z 与交互,1,-3.417651653289795,-3.2874510288238525,701,0.0568
Vz,衍生 z 与交互,2,-3.2874510288238525,-3.15725040435791,1445,0.1171
Vz,衍生 z 与交互,3,-3.15725040435791,-3.0270497798919678,2159,0.1749
Vz,衍生 z 与交互,4,-3.0270497798919678,-2.8968493938446045,3035,0.2459
Vz,衍生 z 与交互,5,-2.8968493938446045,-2.766648769378662,4414,0.3577
Vz,衍生 z 与交互,6,-2.766648769378662,-2.6364481449127197,6003,0.4864
Vz,衍生 z 与交互,7,-2.6364481449127197,-2.5062475204467773,8675,0.7029
Vz,衍生 z 与交互,8,-2.5062475204467773,-2.376046895980835,9962,0.8072
Vz,衍生 z 与交互,9,-2.376046895980835,-2.2458462715148926,11282,0.9142
Vz,衍生 z 与交互,10,-2.2458462715148926,-2.11564564704895,11966,0.9696
Vz,衍生 z 与交互,11,-2.11564564704895,-1.9854451417922974,11303,0.9159
Vz,衍生 z 与交互,12,-1.9854451417922974,-1.855244517326355,12462,1.0098
Vz,衍生 z 与交互,13,-1.855244517326355,-1.7250440120697021,15886,1.2872
Vz,衍生 z 与交互,14,-1.7250440120697021,-1.5948433876037598,19902,1.6126
Vz,衍生 z 与交互,15,-1.5948433876037598,-1.4646427631378174,23451,1.9002
Vz,衍生 z 与交互,16,-1.4646427631378174,-1.334442138671875,28461,2.3062
Vz,衍生 z 与交互,17,-1.334442138671875,-1.2042416334152222,27836,2.2555
Vz,衍生 z 与交互,18,-1.2042416334152222,-1.0740410089492798,26426,2.1413
Vz,衍生 z 与交互,19,-1.0740410089492798,-0.9438404440879822,21756,1.7629
Vz,衍生 z 与交互,20,-0.9438404440879822,-0.8136398196220398,18776,1.5214
Vz,衍生 z 与交互,21,-0.8136398196220398,-0.6834392547607422,20330,1.6473
Vz,衍生 z 与交互,22,-0.6834392547607422,-0.5532386302947998,20274,1.6428
Vz,衍生 z 与交互,23,-0.5532386302947998,-0.4230380654335022,12793,1.0366
Vz,衍生 z 与交互,24,-0.4230380654335022,-0.2928374707698822,14293,1.1581
Vz,衍生 z 与交互,25,-0.2928374707698822,-0.1626368761062622,25679,2.0807
Vz,衍生 z 与交互,26,-0.1626368761062622,-0.03243628889322281,40400,3.2736
Vz,衍生 z 与交互,27,-0.03243628889322281,0.09776430577039719,50588,4.0991
Vz,衍生 z 与交互,28,0.09776430577039719,0.22796489298343658,68263,5.5313
Vz,衍生 z 与交互,29,0.22796489298343658,0.3581654727458954,96285,7.8018
Vz,衍生 z 与交互,30,0.3581654727458954,0.4883660674095154,110605,8.9622
Vz,衍生 z 与交互,31,0.4883660674095154,0.6185666918754578,117911,9.5542
Vz,衍生 z 与交互,32,0.6185666918754578,0.7487672567367554,118734,9.6209
Vz,衍生 z 与交互,33,0.7487672567367554,0.878967821598053,104653,8.4799
Vz,衍生 z 与交互,34,0.878967821598053,1.0091683864593506,86699,7.0251
Vz,衍生 z 与交互,35,1.0091683864593506,1.139369010925293,44203,3.5817
Vz,衍生 z 与交互,36,1.139369010925293,1.2695696353912354,22532,1.8257
Vz,衍生 z 与交互,37,1.2695696353912354,1.3997702598571777,7302,0.5917
Vz,衍生 z 与交互,38,1.3997702598571777,1.5299707651138306,2632,0.2133
Vz,衍生 z 与交互,39,1.5299707651138306,1.660171389579773,2374,0.1924
Gz,衍生 z 与交互,0,-0.6471635103225708,-0.5034924745559692,300620,24.3588
Gz,衍生 z 与交互,1,-0.5034924745559692,-0.3598214089870453,324937,26.3292
Gz,衍生 z 与交互,2,-0.3598214089870453,-0.21615037322044373,177743,14.4023
Gz,衍生 z 与交互,3,-0.21615037322044373,-0.07247932255268097,106001,8.5891
Gz,衍生 z 与交互,4,-0.07247932255268097,0.07119172811508179,60108,4.8705
Gz,衍生 z 与交互,5,0.07119172811508179,0.21486277878284454,40072,3.247
Gz,衍生 z 与交互,6,0.21486277878284454,0.3585338294506073,32340,2.6205
Gz,衍生 z 与交互,7,0.3585338294506073,0.5022048950195312,23280,1.8863
Gz,衍生 z 与交互,8,0.5022048950195312,0.6458759307861328,18576,1.5052
Gz,衍生 z 与交互,9,0.6458759307861328,0.7895469665527344,15931,1.2909
Gz,衍生 z 与交互,10,0.7895469665527344,0.9332180619239807,12331,0.9992
Gz,衍生 z 与交互,11,0.9332180619239807,1.0768890380859375,10047,0.8141
Gz,衍生 z 与交互,12,1.0768890380859375,1.2205601930618286,8551,0.6929
Gz,衍生 z 与交互,13,1.2205601930618286,1.3642312288284302,5324,0.4314
Gz,衍生 z 与交互,14,1.3642312288284302,1.5079022645950317,5021,0.4068
Gz,衍生 z 与交互,15,1.5079022645950317,1.6515733003616333,4936,0.4
Gz,衍生 z 与交互,16,1.6515733003616333,1.7952443361282349,5914,0.4792
Gz,衍生 z 与交互,17,1.7952443361282349,1.9389153718948364,6083,0.4929
Gz,衍生 z 与交互,18,1.9389153718948364,2.0825865268707275,5603,0.454
Gz,衍生 z 与交互,19,2.0825865268707275,2.226257562637329,4218,0.3418
Gz,衍生 z 与交互,20,2.226257562637329,2.3699285984039307,4557,0.3692
Gz,衍生 z 与交互,21,2.3699285984039307,2.5135996341705322,3824,0.3099
Gz,衍生 z 与交互,22,2.5135996341705322,2.657270669937134,3011,0.244
Gz,衍生 z 与交互,23,2.657270669937134,2.8009417057037354,2276,0.1844
Gz,衍生 z 与交互,24,2.8009417057037354,2.944612741470337,2816,0.2282
Gz,衍生 z 与交互,25,2.944612741470337,3.0882837772369385,3031,0.2456
Gz,衍生 z 与交互,26,3.0882837772369385,3.23195481300354,5742,0.4653
Gz,衍生 z 与交互,27,3.23195481300354,3.3756258487701416,2499,0.2025
Gz,衍生 z 与交互,28,3.3756258487701416,3.519296884536743,2969,0.2406
Gz,衍生 z 与交互,29,3.519296884536743,3.6629679203033447,3487,0.2825
Gz,衍生 z 与交互,30,3.6629679203033447,3.8066389560699463,3460,0.2804
Gz,衍生 z 与交互,31,3.8066389560699463,3.950309991836548,5489,0.4448
Gz,衍生 z 与交互,32,3.950309991836548,4.0939812660217285,5829,0.4723
Gz,衍生 z 与交互,33,4.0939812660217285,4.23765230178833,3657,0.2963
Gz,衍生 z 与交互,34,4.23765230178833,4.381323337554932,1954,0.1583
Gz,衍生 z 与交互,35,4.381323337554932,4.524994373321533,2299,0.1863
Gz,衍生 z 与交互,36,4.524994373321533,4.668665409088135,2653,0.215
Gz,衍生 z 与交互,37,4.668665409088135,4.812336444854736,2379,0.1928
Gz,衍生 z 与交互,38,4.812336444854736,4.956007480621338,2690,0.218
Gz,衍生 z 与交互,39,4.956007480621338,5.0996785163879395,1873,0.1518
CH,衍生 z 与交互,0,-12.444526672363281,-12.048273086547852,1521,0.1232
CH,衍生 z 与交互,1,-12.048273086547852,-11.652019500732422,296,0.024
CH,衍生 z 与交互,2,-11.652019500732422,-11.255765914916992,279,0.0226
CH,衍生 z 与交互,3,-11.255765914916992,-10.859512329101562,302,0.0245
CH,衍生 z 与交互,4,-10.859512329101562,-10.463258743286133,347,0.0281
CH,衍生 z 与交互,5,-10.463258743286133,-10.067005157470703,295,0.0239
CH,衍生 z 与交互,6,-10.067005157470703,-9.670751571655273,406,0.0329
CH,衍生 z 与交互,7,-9.670751571655273,-9.274497985839844,393,0.0318
CH,衍生 z 与交互,8,-9.274497985839844,-8.878244400024414,471,0.0382
CH,衍生 z 与交互,9,-8.878244400024414,-8.481990814208984,525,0.0425
CH,衍生 z 与交互,10,-8.481990814208984,-8.085737228393555,523,0.0424
CH,衍生 z 与交互,11,-8.085737228393555,-7.689484119415283,569,0.0461
CH,衍生 z 与交互,12,-7.689484119415283,-7.2932305335998535,721,0.0584
CH,衍生 z 与交互,13,-7.2932305335998535,-6.896976947784424,836,0.0677
CH,衍生 z 与交互,14,-6.896976947784424,-6.500723361968994,1135,0.092
CH,衍生 z 与交互,15,-6.500723361968994,-6.1044697761535645,1340,0.1086
CH,衍生 z 与交互,16,-6.1044697761535645,-5.708216190338135,1547,0.1254
CH,衍生 z 与交互,17,-5.708216190338135,-5.311962604522705,1863,0.151
CH,衍生 z 与交互,18,-5.311962604522705,-4.915709018707275,2246,0.182
CH,衍生 z 与交互,19,-4.915709018707275,-4.519455432891846,3017,0.2445
CH,衍生 z 与交互,20,-4.519455432891846,-4.123201847076416,3569,0.2892
CH,衍生 z 与交互,21,-4.123201847076416,-3.7269484996795654,4064,0.3293
CH,衍生 z 与交互,22,-3.7269484996795654,-3.3306949138641357,4062,0.3291
CH,衍生 z 与交互,23,-3.3306949138641357,-2.934441328048706,4198,0.3402
CH,衍生 z 与交互,24,-2.934441328048706,-2.5381877422332764,4063,0.3292
CH,衍生 z 与交互,25,-2.5381877422332764,-2.1419341564178467,5313,0.4305
CH,衍生 z 与交互,26,-2.1419341564178467,-1.7456806898117065,6891,0.5584
CH,衍生 z 与交互,27,-1.7456806898117065,-1.3494271039962769,9326,0.7557
CH,衍生 z 与交互,28,-1.3494271039962769,-0.9531735181808472,11856,0.9607
CH,衍生 z 与交互,29,-0.9531735181808472,-0.5569199919700623,50501,4.092
CH,衍生 z 与交互,30,-0.5569199919700623,-0.16066643595695496,371397,30.0938
CH,衍生 z 与交互,31,-0.16066643595695496,0.23558712005615234,463784,37.5798
CH,衍生 z 与交互,32,0.23558712005615234,0.631840705871582,148632,12.0435
CH,衍生 z 与交互,33,0.631840705871582,1.0280942916870117,62268,5.0455
CH,衍生 z 与交互,34,1.0280942916870117,1.4243477582931519,34520,2.7971
CH,衍生 z 与交互,35,1.4243477582931519,1.8206013441085815,16164,1.3097
CH,衍生 z 与交互,36,1.8206013441085815,2.2168548107147217,7184,0.5821
CH,衍生 z 与交互,37,2.2168548107147217,2.6131083965301514,3046,0.2468
CH,衍生 z 与交互,38,2.6131083965301514,3.009361982345581,2120,0.1718
CH,衍生 z 与交互,39,3.009361982345581,3.4056155681610107,2541,0.2059
VG,衍生 z 与交互,0,-9.742363929748535,-9.436586380004883,1659,0.1344
VG,衍生 z 与交互,1,-9.436586380004883,-9.130807876586914,142,0.0115
VG,衍生 z 与交互,2,-9.130807876586914,-8.825029373168945,144,0.0117
VG,衍生 z 与交互,3,-8.825029373168945,-8.519250869750977,99,0.008
VG,衍生 z 与交互,4,-8.519250869750977,-8.213472366333008,227,0.0184
VG,衍生 z 与交互,5,-8.213472366333008,-7.907694339752197,451,0.0365
VG,衍生 z 与交互,6,-7.907694339752197,-7.6019158363342285,240,0.0194
VG,衍生 z 与交互,7,-7.6019158363342285,-7.29613733291626,148,0.012
VG,衍生 z 与交互,8,-7.29613733291626,-6.990359306335449,181,0.0147
VG,衍生 z 与交互,9,-6.990359306335449,-6.6845808029174805,270,0.0219
VG,衍生 z 与交互,10,-6.6845808029174805,-6.378802299499512,319,0.0258
VG,衍生 z 与交互,11,-6.378802299499512,-6.073023796081543,654,0.053
VG,衍生 z 与交互,12,-6.073023796081543,-5.767245769500732,547,0.0443
VG,衍生 z 与交互,13,-5.767245769500732,-5.461467266082764,1015,0.0822
VG,衍生 z 与交互,14,-5.461467266082764,-5.155688762664795,1247,0.101
VG,衍生 z 与交互,15,-5.155688762664795,-4.849910736083984,1307,0.1059
VG,衍生 z 与交互,16,-4.849910736083984,-4.544132232666016,1303,0.1056
VG,衍生 z 与交互,17,-4.544132232666016,-4.238353729248047,2016,0.1634
VG,衍生 z 与交互,18,-4.238353729248047,-3.9325754642486572,3229,0.2616
VG,衍生 z 与交互,19,-3.9325754642486572,-3.6267971992492676,6466,0.5239
VG,衍生 z 与交互,20,-3.6267971992492676,-3.321018695831299,5872,0.4758
VG,衍生 z 与交互,21,-3.321018695831299,-3.015240430831909,5749,0.4658
VG,衍生 z 与交互,22,-3.015240430831909,-2.7094619274139404,5713,0.4629
VG,衍生 z 与交互,23,-2.7094619274139404,-2.403683662414551,9595,0.7775
VG,衍生 z 与交互,24,-2.403683662414551,-2.097905158996582,8106,0.6568
VG,衍生 z 与交互,25,-2.097905158996582,-1.7921268939971924,7749,0.6279
VG,衍生 z 与交互,26,-1.7921268939971924,-1.4863485097885132,8869,0.7186
VG,衍生 z 与交互,27,-1.4863485097885132,-1.180570125579834,8132,0.6589
VG,衍生 z 与交互,28,-1.180570125579834,-0.8747918009757996,9608,0.7785
VG,衍生 z 与交互,29,-0.8747918009757996,-0.5690134167671204,29877,2.4209
VG,衍生 z 与交互,30,-0.5690134167671204,-0.26323506236076355,287126,23.2654
VG,衍生 z 与交互,31,-0.26323506236076355,0.04254330322146416,514085,41.6556
VG,衍生 z 与交互,32,0.04254330322146416,0.34832167625427246,134849,10.9266
VG,衍生 z 与交互,33,0.34832167625427246,0.6541000604629517,81685,6.6188
VG,衍生 z 与交互,34,0.6541000604629517,0.9598783850669861,49439,4.006
VG,衍生 z 与交互,35,0.9598783850669861,1.2656567096710205,21495,1.7417
VG,衍生 z 与交互,36,1.2656567096710205,1.5714350938796997,14055,1.1389
VG,衍生 z 与交互,37,1.5714350938796997,1.877213478088379,5599,0.4537
VG,衍生 z 与交互,38,1.877213478088379,2.1829917430877686,2178,0.1765
VG,衍生 z 与交互,39,2.1829917430877686,2.4887702465057373,2686,0.2176
Cz_res,衍生 z 与交互,0,-2.9990742206573486,-2.8838679790496826,4881,0.3955
Cz_res,衍生 z 与交互,1,-2.8838679790496826,-2.7686614990234375,5028,0.4074
Cz_res,衍生 z 与交互,2,-2.7686614990234375,-2.6534552574157715,7951,0.6443
Cz_res,衍生 z 与交互,3,-2.6534552574157715,-2.5382490158081055,5600,0.4538
Cz_res,衍生 z 与交互,4,-2.5382490158081055,-2.4230427742004395,10641,0.8622
Cz_res,衍生 z 与交互,5,-2.4230427742004395,-2.3078362941741943,7821,0.6337
Cz_res,衍生 z 与交互,6,-2.3078362941741943,-2.1926300525665283,10280,0.833
Cz_res,衍生 z 与交互,7,-2.1926300525665283,-2.0774238109588623,12700,1.0291
Cz_res,衍生 z 与交互,8,-2.0774238109588623,-1.9622174501419067,13214,1.0707
Cz_res,衍生 z 与交互,9,-1.9622174501419067,-1.8470110893249512,14062,1.1394
Cz_res,衍生 z 与交互,10,-1.8470110893249512,-1.7318048477172852,14148,1.1464
Cz_res,衍生 z 与交互,11,-1.7318048477172852,-1.6165984869003296,12662,1.026
Cz_res,衍生 z 与交互,12,-1.6165984869003296,-1.5013922452926636,15590,1.2632
Cz_res,衍生 z 与交互,13,-1.5013922452926636,-1.386185884475708,15012,1.2164
Cz_res,衍生 z 与交互,14,-1.386185884475708,-1.270979642868042,16092,1.3039
Cz_res,衍生 z 与交互,15,-1.270979642868042,-1.1557732820510864,17545,1.4216
Cz_res,衍生 z 与交互,16,-1.1557732820510864,-1.0405670404434204,20985,1.7004
Cz_res,衍生 z 与交互,17,-1.0405670404434204,-0.9253606796264648,21999,1.7825
Cz_res,衍生 z 与交互,18,-0.9253606796264648,-0.810154378414154,20528,1.6634
Cz_res,衍生 z 与交互,19,-0.810154378414154,-0.6949480772018433,21822,1.7682
Cz_res,衍生 z 与交互,20,-0.6949480772018433,-0.5797417759895325,21338,1.729
Cz_res,衍生 z 与交互,21,-0.5797417759895325,-0.4645354747772217,20141,1.632
Cz_res,衍生 z 与交互,22,-0.4645354747772217,-0.3493291437625885,25223,2.0438
Cz_res,衍生 z 与交互,23,-0.3493291437625885,-0.2341228425502777,35115,2.8453
Cz_res,衍生 z 与交互,24,-0.2341228425502777,-0.11891654133796692,44028,3.5675
Cz_res,衍生 z 与交互,25,-0.11891654133796692,-0.003710234072059393,52726,4.2723
Cz_res,衍生 z 与交互,26,-0.003710234072059393,0.11149607598781586,46842,3.7955
Cz_res,衍生 z 与交互,27,0.11149607598781586,0.22670237720012665,44893,3.6376
Cz_res,衍生 z 与交互,28,0.22670237720012665,0.34190869331359863,55959,4.5343
Cz_res,衍生 z 与交互,29,0.34190869331359863,0.4571149945259094,78286,6.3434
Cz_res,衍生 z 与交互,30,0.4571149945259094,0.5723212957382202,103873,8.4167
Cz_res,衍生 z 与交互,31,0.5723212957382202,0.687527596950531,107912,8.744
Cz_res,衍生 z 与交互,32,0.687527596950531,0.8027338981628418,98454,7.9776
Cz_res,衍生 z 与交互,33,0.8027338981628418,0.9179401993751526,63128,5.1152
Cz_res,衍生 z 与交互,34,0.9179401993751526,1.0331465005874634,50954,4.1287
Cz_res,衍生 z 与交互,35,1.0331465005874634,1.148352861404419,39896,3.2327
Cz_res,衍生 z 与交互,36,1.148352861404419,1.263559103012085,29135,2.3608
Cz_res,衍生 z 与交互,37,1.263559103012085,1.3787654638290405,26477,2.1454
Cz_res,衍生 z 与交互,38,1.3787654638290405,1.4939717054367065,15992,1.2958
Cz_res,衍生 z 与交互,39,1.4939717054367065,1.609178066253662,5198,0.4212
Hz_res,衍生 z 与交互,0,-0.6041086912155151,-0.43032848834991455,349485,30.411
Hz_res,衍生 z 与交互,1,-0.43032848834991455,-0.2565482556819916,375832,32.7036
Hz_res,衍生 z 与交互,2,-0.2565482556819916,-0.08276805281639099,125397,10.9116
Hz_res,衍生 z 与交互,3,-0.08276805281639099,0.09101215749979019,66076,5.7497
Hz_res,衍生 z 与交互,4,0.09101215749979019,0.26479238271713257,43789,3.8104
Hz_res,衍生 z 与交互,5,0.26479238271713257,0.43857258558273315,30728,2.6738
Hz_res,衍生 z 与交互,6,0.43857258558273315,0.6123527884483337,23778,2.0691
Hz_res,衍生 z 与交互,7,0.6123527884483337,0.7861329913139343,17637,1.5347
Hz_res,衍生 z 与交互,8,0.7861329913139343,0.9599131941795349,13878,1.2076
Hz_res,衍生 z 与交互,9,0.9599131941795349,1.1336934566497803,12315,1.0716
Hz_res,衍生 z 与交互,10,1.1336934566497803,1.3074736595153809,9918,0.863
Hz_res,衍生 z 与交互,11,1.3074736595153809,1.4812538623809814,7823,0.6807
Hz_res,衍生 z 与交互,12,1.4812538623809814,1.655034065246582,6592,0.5736
Hz_res,衍生 z 与交互,13,1.655034065246582,1.8288142681121826,6021,0.5239
Hz_res,衍生 z 与交互,14,1.8288142681121826,2.002594470977783,5403,0.4702
Hz_res,衍生 z 与交互,15,2.002594470977783,2.176374673843384,5189,0.4515
Hz_res,衍生 z 与交互,16,2.176374673843384,2.3501548767089844,4563,0.3971
Hz_res,衍生 z 与交互,17,2.3501548767089844,2.523935079574585,3752,0.3265
Hz_res,衍生 z 与交互,18,2.523935079574585,2.6977152824401855,3247,0.2825
Hz_res,衍生 z 与交互,19,2.6977152824401855,2.871495485305786,2723,0.2369
Hz_res,衍生 z 与交互,20,2.871495485305786,3.0452756881713867,2351,0.2046
Hz_res,衍生 z 与交互,21,3.0452756881713867,3.2190558910369873,2265,0.1971
Hz_res,衍生 z 与交互,22,3.2190558910369873,3.392836093902588,2224,0.1935
Hz_res,衍生 z 与交互,23,3.392836093902588,3.5666162967681885,1896,0.165
Hz_res,衍生 z 与交互,24,3.5666162967681885,3.740396499633789,1800,0.1566
Hz_res,衍生 z 与交互,25,3.740396499633789,3.9141769409179688,1639,0.1426
Hz_res,衍生 z 与交互,26,3.9141769409179688,4.08795690536499,1635,0.1423
Hz_res,衍生 z 与交互,27,4.08795690536499,4.26173734664917,1608,0.1399
Hz_res,衍生 z 与交互,28,4.26173734664917,4.435517311096191,1519,0.1322
Hz_res,衍生 z 与交互,29,4.435517311096191,4.609297752380371,1348,0.1173
Hz_res,衍生 z 与交互,30,4.609297752380371,4.783077716827393,1564,0.1361
Hz_res,衍生 z 与交互,31,4.783077716827393,4.956858158111572,1572,0.1368
Hz_res,衍生 z 与交互,32,4.956858158111572,5.130638122558594,1864,0.1622
Hz_res,衍生 z 与交互,33,5.130638122558594,5.304418563842773,1372,0.1194
Hz_res,衍生 z 与交互,34,5.304418563842773,5.478198528289795,1372,0.1194
Hz_res,衍生 z 与交互,35,5.478198528289795,5.651978969573975,1390,0.121
Hz_res,衍生 z 与交互,36,5.651978969573975,5.825758934020996,1502,0.1307
Hz_res,衍生 z 与交互,37,5.825758934020996,5.999539375305176,1606,0.1397
Hz_res,衍生 z 与交互,38,5.999539375305176,6.1733198165893555,1540,0.134
Hz_res,衍生 z 与交互,39,6.1733198165893555,6.347099781036377,2993,0.2604
Vz_res,衍生 z 与交互,0,-3.4931249618530273,-3.364551544189453,1680,0.1361
Vz_res,衍生 z 与交互,1,-3.364551544189453,-3.235978364944458,701,0.0568
Vz_res,衍生 z 与交互,2,-3.235978364944458,-3.107404947280884,1445,0.1171
Vz_res,衍生 z 与交互,3,-3.107404947280884,-2.9788317680358887,2159,0.1749
Vz_res,衍生 z 与交互,4,-2.9788317680358887,-2.8502583503723145,3035,0.2459
Vz_res,衍生 z 与交互,5,-2.8502583503723145,-2.7216851711273193,4414,0.3577
Vz_res,衍生 z 与交互,6,-2.7216851711273193,-2.593111753463745,6003,0.4864
Vz_res,衍生 z 与交互,7,-2.593111753463745,-2.46453857421875,8675,0.7029
Vz_res,衍生 z 与交互,8,-2.46453857421875,-2.335965156555176,9962,0.8072
Vz_res,衍生 z 与交互,9,-2.335965156555176,-2.2073919773101807,11282,0.9142
Vz_res,衍生 z 与交互,10,-2.2073919773101807,-2.0788185596466064,11966,0.9696
Vz_res,衍生 z 与交互,11,-2.0788185596466064,-1.9502452611923218,11303,0.9159
Vz_res,衍生 z 与交互,12,-1.9502452611923218,-1.821671962738037,12462,1.0098
Vz_res,衍生 z 与交互,13,-1.821671962738037,-1.6930986642837524,15886,1.2872
Vz_res,衍生 z 与交互,14,-1.6930986642837524,-1.5645253658294678,19902,1.6126
Vz_res,衍生 z 与交互,15,-1.5645253658294678,-1.435952067375183,23451,1.9002
Vz_res,衍生 z 与交互,16,-1.435952067375183,-1.3073787689208984,28461,2.3062
Vz_res,衍生 z 与交互,17,-1.3073787689208984,-1.1788054704666138,27836,2.2555
Vz_res,衍生 z 与交互,18,-1.1788054704666138,-1.0502320528030396,26426,2.1413
Vz_res,衍生 z 与交互,19,-1.0502320528030396,-0.9216588139533997,21756,1.7629
Vz_res,衍生 z 与交互,20,-0.9216588139533997,-0.793085515499115,18776,1.5214
Vz_res,衍生 z 与交互,21,-0.793085515499115,-0.6645122170448303,20330,1.6473
Vz_res,衍生 z 与交互,22,-0.6645122170448303,-0.5359388589859009,20274,1.6428
Vz_res,衍生 z 与交互,23,-0.5359388589859009,-0.4073655605316162,12793,1.0366
Vz_res,衍生 z 与交互,24,-0.4073655605316162,-0.27879226207733154,14293,1.1581
Vz_res,衍生 z 与交互,25,-0.27879226207733154,-0.15021896362304688,25679,2.0807
Vz_res,衍生 z 与交互,26,-0.15021896362304688,-0.021645650267601013,40400,3.2736
Vz_res,衍生 z 与交互,27,-0.021645650267601013,0.10692765563726425,50588,4.0991
Vz_res,衍生 z 与交互,28,0.10692765563726425,0.23550096154212952,68263,5.5313
Vz_res,衍生 z 与交互,29,0.23550096154212952,0.3640742599964142,96285,7.8018
Vz_res,衍生 z 与交互,30,0.3640742599964142,0.49264758825302124,110605,8.9622
Vz_res,衍生 z 与交互,31,0.49264758825302124,0.6212208867073059,117911,9.5542
Vz_res,衍生 z 与交互,32,0.6212208867073059,0.7497941851615906,118734,9.6209
Vz_res,衍生 z 与交互,33,0.7497941851615906,0.8783674836158752,104653,8.4799
Vz_res,衍生 z 与交互,34,0.8783674836158752,1.0069408416748047,86699,7.0251
Vz_res,衍生 z 与交互,35,1.0069408416748047,1.1355141401290894,44203,3.5817
Vz_res,衍生 z 与交互,36,1.1355141401290894,1.264087438583374,22532,1.8257
Vz_res,衍生 z 与交互,37,1.264087438583374,1.3926607370376587,7302,0.5917
Vz_res,衍生 z 与交互,38,1.3926607370376587,1.5212340354919434,2632,0.2133
Vz_res,衍生 z 与交互,39,1.5212340354919434,1.649807333946228,2374,0.1924
Gz_res,衍生 z 与交互,0,-0.5689953565597534,-0.40698665380477905,371331,32.312
Gz_res,衍生 z 与交互,1,-0.40698665380477905,-0.2449779361486435,384295,33.44
Gz_res,衍生 z 与交互,2,-0.2449779361486435,-0.08296924084424973,133264,11.5962
Gz_res,衍生 z 与交互,3,-0.08296924084424973,0.07903945446014404,59921,5.2141
Gz_res,衍生 z 与交互,4,0.07903945446014404,0.2410481572151184,36386,3.1662
Gz_res,衍生 z 与交互,5,0.2410481572151184,0.4030568599700928,23834,2.074
Gz_res,衍生 z 与交互,6,0.4030568599700928,0.5650655627250671,16296,1.418
Gz_res,衍生 z 与交互,7,0.5650655627250671,0.7270742654800415,10436,0.9081
Gz_res,衍生 z 与交互,8,0.7270742654800415,0.8890829682350159,8777,0.7637
Gz_res,衍生 z 与交互,9,0.8890829682350159,1.0510916709899902,6319,0.5499
Gz_res,衍生 z 与交互,10,1.0510916709899902,1.2131003141403198,6564,0.5712
Gz_res,衍生 z 与交互,11,1.2131003141403198,1.375109076499939,5672,0.4936
Gz_res,衍生 z 与交互,12,1.375109076499939,1.5371177196502686,5120,0.4455
Gz_res,衍生 z 与交互,13,1.5371177196502686,1.6991264820098877,3662,0.3187
Gz_res,衍生 z 与交互,14,1.6991264820098877,1.8611351251602173,4117,0.3582
Gz_res,衍生 z 与交互,15,1.8611351251602173,2.023143768310547,3598,0.3131
Gz_res,衍生 z 与交互,16,2.023143768310547,2.185152530670166,4785,0.4164
Gz_res,衍生 z 与交互,17,2.185152530670166,2.347161293029785,5514,0.4798
Gz_res,衍生 z 与交互,18,2.347161293029785,2.5091700553894043,5141,0.4474
Gz_res,衍生 z 与交互,19,2.5091700553894043,2.6711785793304443,4946,0.4304
Gz_res,衍生 z 与交互,20,2.6711785793304443,2.8331873416900635,5267,0.4583
Gz_res,衍生 z 与交互,21,2.8331873416900635,2.9951961040496826,4286,0.373
Gz_res,衍生 z 与交互,22,2.9951961040496826,3.1572046279907227,3103,0.27
Gz_res,衍生 z 与交互,23,3.1572046279907227,3.319213390350342,2314,0.2014
Gz_res,衍生 z 与交互,24,3.319213390350342,3.481222152709961,2478,0.2156
Gz_res,衍生 z 与交互,25,3.481222152709961,3.64323091506958,3146,0.2738
Gz_res,衍生 z 与交互,26,3.64323091506958,3.80523943901062,4182,0.3639
Gz_res,衍生 z 与交互,27,3.80523943901062,3.9672482013702393,1948,0.1695
Gz_res,衍生 z 与交互,28,3.9672482013702393,4.129256725311279,2294,0.1996
Gz_res,衍生 z 与交互,29,4.129256725311279,4.291265487670898,1961,0.1706
Gz_res,衍生 z 与交互,30,4.291265487670898,4.453274250030518,2270,0.1975
Gz_res,衍生 z 与交互,31,4.453274250030518,4.615283012390137,3514,0.3058
Gz_res,衍生 z 与交互,32,4.615283012390137,4.777291774749756,3246,0.2825
Gz_res,衍生 z 与交互,33,4.777291774749756,4.939300537109375,1466,0.1276
Gz_res,衍生 z 与交互,34,4.939300537109375,5.101309299468994,428,0.0372
Gz_res,衍生 z 与交互,35,5.101309299468994,5.263318061828613,1024,0.0891
Gz_res,衍生 z 与交互,36,5.263318061828613,5.425326347351074,1187,0.1033
Gz_res,衍生 z 与交互,37,5.425326347351074,5.587335109710693,1716,0.1493
Gz_res,衍生 z 与交互,38,5.587335109710693,5.7493438720703125,1902,0.1655
Gz_res,衍生 z 与交互,39,5.7493438720703125,5.911352634429932,1496,0.1302
CH_res,衍生 z 与交互,0,-12.239684104919434,-11.834877967834473,1267,0.1103
CH_res,衍生 z 与交互,1,-11.834877967834473,-11.430071830749512,156,0.0136
CH_res,衍生 z 与交互,2,-11.430071830749512,-11.02526569366455,134,0.0117
CH_res,衍生 z 与交互,3,-11.02526569366455,-10.62045955657959,205,0.0178
CH_res,衍生 z 与交互,4,-10.62045955657959,-10.215652465820312,259,0.0225
CH_res,衍生 z 与交互,5,-10.215652465820312,-9.810846328735352,269,0.0234
CH_res,衍生 z 与交互,6,-9.810846328735352,-9.40604019165039,253,0.022
CH_res,衍生 z 与交互,7,-9.40604019165039,-9.00123405456543,304,0.0265
CH_res,衍生 z 与交互,8,-9.00123405456543,-8.596427917480469,353,0.0307
CH_res,衍生 z 与交互,9,-8.596427917480469,-8.191621780395508,400,0.0348
CH_res,衍生 z 与交互,10,-8.191621780395508,-7.786815643310547,532,0.0463
CH_res,衍生 z 与交互,11,-7.786815643310547,-7.382009029388428,607,0.0528
CH_res,衍生 z 与交互,12,-7.382009029388428,-6.977202892303467,657,0.0572
CH_res,衍生 z 与交互,13,-6.977202892303467,-6.572396755218506,799,0.0695
CH_res,衍生 z 与交互,14,-6.572396755218506,-6.167590618133545,888,0.0773
CH_res,衍生 z 与交互,15,-6.167590618133545,-5.762784481048584,1034,0.09
CH_res,衍生 z 与交互,16,-5.762784481048584,-5.357977867126465,1119,0.0974
CH_res,衍生 z 与交互,17,-5.357977867126465,-4.953171730041504,1395,0.1214
CH_res,衍生 z 与交互,18,-4.953171730041504,-4.548365592956543,1845,0.1605
CH_res,衍生 z 与交互,19,-4.548365592956543,-4.143559455871582,2169,0.1887
CH_res,衍生 z 与交互,20,-4.143559455871582,-3.738753080368042,2471,0.215
CH_res,衍生 z 与交互,21,-3.738753080368042,-3.333946943283081,3206,0.279
CH_res,衍生 z 与交互,22,-3.333946943283081,-2.929140567779541,4177,0.3635
CH_res,衍生 z 与交互,23,-2.929140567779541,-2.52433443069458,5969,0.5194
CH_res,衍生 z 与交互,24,-2.52433443069458,-2.11952805519104,7436,0.6471
CH_res,衍生 z 与交互,25,-2.11952805519104,-1.714721918106079,8830,0.7684
CH_res,衍生 z 与交互,26,-1.714721918106079,-1.3099156618118286,11274,0.981
CH_res,衍生 z 与交互,27,-1.3099156618118286,-0.9051094055175781,14772,1.2854
CH_res,衍生 z 与交互,28,-0.9051094055175781,-0.5003032088279724,60629,5.2757
CH_res,衍生 z 与交互,29,-0.5003032088279724,-0.09549695253372192,459674,39.9993
CH_res,衍生 z 与交互,30,-0.09549695253372192,0.3093092739582062,390940,34.0183
CH_res,衍生 z 与交互,31,0.3093092739582062,0.7141155004501343,97672,8.4991
CH_res,衍生 z 与交互,32,0.7141155004501343,1.1189217567443848,38483,3.3487
CH_res,衍生 z 与交互,33,1.1189217567443848,1.5237280130386353,16527,1.4381
CH_res,衍生 z 与交互,34,1.5237280130386353,1.9285342693328857,5181,0.4508
CH_res,衍生 z 与交互,35,1.9285342693328857,2.3333404064178467,2285,0.1988
CH_res,衍生 z 与交互,36,2.3333404064178467,2.7381467819213867,1011,0.088
CH_res,衍生 z 与交互,37,2.7381467819213867,3.1429529190063477,960,0.0835
CH_res,衍生 z 与交互,38,3.1429529190063477,3.5477592945098877,1148,0.0999
CH_res,衍生 z 与交互,39,3.5477592945098877,3.9525654315948486,1916,0.1667
VG_res,衍生 z 与交互,0,-9.408710479736328,-9.103575706481934,1440,0.1253
VG_res,衍生 z 与交互,1,-9.103575706481934,-8.798440933227539,146,0.0127
VG_res,衍生 z 与交互,2,-8.798440933227539,-8.493306159973145,60,0.0052
VG_res,衍生 z 与交互,3,-8.493306159973145,-8.188170433044434,94,0.0082
VG_res,衍生 z 与交互,4,-8.188170433044434,-7.883036136627197,237,0.0206
VG_res,衍生 z 与交互,5,-7.883036136627197,-7.5779008865356445,134,0.0117
VG_res,衍生 z 与交互,6,-7.5779008865356445,-7.27276611328125,146,0.0127
VG_res,衍生 z 与交互,7,-7.27276611328125,-6.9676313400268555,540,0.047
VG_res,衍生 z 与交互,8,-6.9676313400268555,-6.662496566772461,243,0.0211
VG_res,衍生 z 与交互,9,-6.662496566772461,-6.357361316680908,513,0.0446
VG_res,衍生 z 与交互,10,-6.357361316680908,-6.052226543426514,492,0.0428
VG_res,衍生 z 与交互,11,-6.052226543426514,-5.747091770172119,587,0.0511
VG_res,衍生 z 与交互,12,-5.747091770172119,-5.441956996917725,622,0.0541
VG_res,衍生 z 与交互,13,-5.441956996917725,-5.136821746826172,1207,0.105
VG_res,衍生 z 与交互,14,-5.136821746826172,-4.831686973571777,1222,0.1063
VG_res,衍生 z 与交互,15,-4.831686973571777,-4.526552200317383,2095,0.1823
VG_res,衍生 z 与交互,16,-4.526552200317383,-4.221417427062988,4634,0.4032
VG_res,衍生 z 与交互,17,-4.221417427062988,-3.9162824153900146,3531,0.3073
VG_res,衍生 z 与交互,18,-3.9162824153900146,-3.611147403717041,4431,0.3856
VG_res,衍生 z 与交互,19,-3.611147403717041,-3.3060123920440674,3247,0.2825
VG_res,衍生 z 与交互,20,-3.3060123920440674,-3.000877618789673,4404,0.3832
VG_res,衍生 z 与交互,21,-3.000877618789673,-2.695742607116699,7542,0.6563
VG_res,衍生 z 与交互,22,-2.695742607116699,-2.3906078338623047,6333,0.5511
VG_res,衍生 z 与交互,23,-2.3906078338623047,-2.085472822189331,6903,0.6007
VG_res,衍生 z 与交互,24,-2.085472822189331,-1.7803380489349365,7667,0.6672
VG_res,衍生 z 与交互,25,-1.7803380489349365,-1.4752031564712524,8265,0.7192
VG_res,衍生 z 与交互,26,-1.4752031564712524,-1.1700682640075684,8646,0.7523
VG_res,衍生 z 与交互,27,-1.1700682640075684,-0.8649333119392395,10137,0.8821
VG_res,衍生 z 与交互,28,-0.8649333119392395,-0.5597984194755554,19609,1.7063
VG_res,衍生 z 与交互,29,-0.5597984194755554,-0.25466349720954895,267081,23.2405
VG_res,衍生 z 与交互,30,-0.25466349720954895,0.05047139152884483,523057,45.5146
VG_res,衍生 z 与交互,31,0.05047139152884483,0.3556062877178192,128779,11.2059
VG_res,衍生 z 与交互,32,0.3556062877178192,0.6607412099838257,76069,6.6193
VG_res,衍生 z 与交互,33,0.6607412099838257,0.9658761024475098,27548,2.3971
VG_res,衍生 z 与交互,34,0.9658761024475098,1.2710109949111938,12139,1.0563
VG_res,衍生 z 与交互,35,1.2710109949111938,1.576145887374878,4283,0.3727
VG_res,衍生 z 与交互,36,1.576145887374878,1.881280779838562,1777,0.1546
VG_res,衍生 z 与交互,37,1.881280779838562,2.186415672302246,876,0.0762
VG_res,衍生 z 与交互,38,2.186415672302246,2.4915506839752197,452,0.0393
VG_res,衍生 z 与交互,39,2.4915506839752197,2.7966854572296143,2018,0.1756
fundraising_year,时间与设计,0,2016.0,2016.2,102468,8.3028
fundraising_year,时间与设计,1,2016.2,2016.4,0,0.0
fundraising_year,时间与设计,2,2016.4,2016.6,0,0.0
fundraising_year,时间与设计,3,2016.6,2016.8,0,0.0
fundraising_year,时间与设计,4,2016.8,2017.0,0,0.0
fundraising_year,时间与设计,5,2017.0,2017.2,153563,12.443
fundraising_year,时间与设计,6,2017.2,2017.4,0,0.0
fundraising_year,时间与设计,7,2017.4,2017.6,0,0.0
fundraising_year,时间与设计,8,2017.6,2017.8,0,0.0
fundraising_year,时间与设计,9,2017.8,2018.0,0,0.0
fundraising_year,时间与设计,10,2018.0,2018.2,145009,11.7499
fundraising_year,时间与设计,11,2018.2,2018.4,0,0.0
fundraising_year,时间与设计,12,2018.4,2018.6,0,0.0
fundraising_year,时间与设计,13,2018.6,2018.8,0,0.0
fundraising_year,时间与设计,14,2018.8,2019.0,0,0.0
fundraising_year,时间与设计,15,2019.0,2019.2,133897,10.8495
fundraising_year,时间与设计,16,2019.2,2019.4,0,0.0
fundraising_year,时间与设计,17,2019.4,2019.6,0,0.0
fundraising_year,时间与设计,18,2019.6,2019.8,0,0.0
fundraising_year,时间与设计,19,2019.8,2020.0,0,0.0
fundraising_year,时间与设计,20,2020.0,2020.2,127096,10.2984
fundraising_year,时间与设计,21,2020.2,2020.4,0,0.0
fundraising_year,时间与设计,22,2020.4,2020.6,0,0.0
fundraising_year,时间与设计,23,2020.6,2020.8,0,0.0
fundraising_year,时间与设计,24,2020.8,2021.0,0,0.0
fundraising_year,时间与设计,25,2021.0,2021.2,153903,12.4706
fundraising_year,时间与设计,26,2021.2,2021.4,0,0.0
fundraising_year,时间与设计,27,2021.4,2021.6,0,0.0
fundraising_year,时间与设计,28,2021.6,2021.8,0,0.0
fundraising_year,时间与设计,29,2021.8,2022.0,0,0.0
fundraising_year,时间与设计,30,2022.0,2022.2,136845,11.0884
fundraising_year,时间与设计,31,2022.2,2022.4,0,0.0
fundraising_year,时间与设计,32,2022.4,2022.6,0,0.0
fundraising_year,时间与设计,33,2022.6,2022.8,0,0.0
fundraising_year,时间与设计,34,2022.8,2023.0,0,0.0
fundraising_year,时间与设计,35,2023.0,2023.2,141316,11.4506
fundraising_year,时间与设计,36,2023.2,2023.4,0,0.0
fundraising_year,时间与设计,37,2023.4,2023.6,0,0.0
fundraising_year,时间与设计,38,2023.6,2023.8,0,0.0
fundraising_year,时间与设计,39,2023.8,2024.0,140034,11.3468
posting_dow,时间与设计,0,0.0,0.15,160839,13.0326
posting_dow,时间与设计,1,0.15,0.3,0,0.0
posting_dow,时间与设计,2,0.3,0.44999999999999996,0,0.0
posting_dow,时间与设计,3,0.44999999999999996,0.6,0,0.0
posting_dow,时间与设计,4,0.6,0.75,0,0.0
posting_dow,时间与设计,5,0.75,0.8999999999999999,0,0.0
posting_dow,时间与设计,6,0.8999999999999999,1.05,182298,14.7714
posting_dow,时间与设计,7,1.05,1.2,0,0.0
posting_dow,时间与设计,8,1.2,1.3499999999999999,0,0.0
posting_dow,时间与设计,9,1.3499999999999999,1.5,0,0.0
posting_dow,时间与设计,10,1.5,1.65,0,0.0
posting_dow,时间与设计,11,1.65,1.7999999999999998,0,0.0
posting_dow,时间与设计,12,1.7999999999999998,1.95,0,0.0
posting_dow,时间与设计,13,1.95,2.1,188592,15.2814
posting_dow,时间与设计,14,2.1,2.25,0,0.0
posting_dow,时间与设计,15,2.25,2.4,0,0.0
posting_dow,时间与设计,16,2.4,2.55,0,0.0
posting_dow,时间与设计,17,2.55,2.6999999999999997,0,0.0
posting_dow,时间与设计,18,2.6999999999999997,2.85,0,0.0
posting_dow,时间与设计,19,2.85,3.0,0,0.0
posting_dow,时间与设计,20,3.0,3.15,184718,14.9675
posting_dow,时间与设计,21,3.15,3.3,0,0.0
posting_dow,时间与设计,22,3.3,3.4499999999999997,0,0.0
posting_dow,时间与设计,23,3.4499999999999997,3.5999999999999996,0,0.0
posting_dow,时间与设计,24,3.5999999999999996,3.75,0,0.0
posting_dow,时间与设计,25,3.75,3.9,0,0.0
posting_dow,时间与设计,26,3.9,4.05,182587,14.7948
posting_dow,时间与设计,27,4.05,4.2,0,0.0
posting_dow,时间与设计,28,4.2,4.35,0,0.0
posting_dow,时间与设计,29,4.35,4.5,0,0.0
posting_dow,时间与设计,30,4.5,4.6499999999999995,0,0.0
posting_dow,时间与设计,31,4.6499999999999995,4.8,0,0.0
posting_dow,时间与设计,32,4.8,4.95,0,0.0
posting_dow,时间与设计,33,4.95,5.1,184026,14.9114
posting_dow,时间与设计,34,5.1,5.25,0,0.0
posting_dow,时间与设计,35,5.25,5.3999999999999995,0,0.0
posting_dow,时间与设计,36,5.3999999999999995,5.55,0,0.0
posting_dow,时间与设计,37,5.55,5.7,0,0.0
posting_dow,时间与设计,38,5.7,5.85,0,0.0
posting_dow,时间与设计,39,5.85,6.0,151071,12.2411
posting_hour,时间与设计,0,0.0,0.575,47951,3.8854
posting_hour,时间与设计,1,0.575,1.15,47215,3.8258
posting_hour,时间与设计,2,1.15,1.7249999999999999,0,0.0
posting_hour,时间与设计,3,1.7249999999999999,2.3,43257,3.5051
posting_hour,时间与设计,4,2.3,2.875,0,0.0
posting_hour,时间与设计,5,2.875,3.4499999999999997,39409,3.1933
posting_hour,时间与设计,6,3.4499999999999997,4.0249999999999995,35965,2.9142
posting_hour,时间与设计,7,4.0249999999999995,4.6,0,0.0
posting_hour,时间与设计,8,4.6,5.175,31857,2.5813
posting_hour,时间与设计,9,5.175,5.75,0,0.0
posting_hour,时间与设计,10,5.75,6.324999999999999,31658,2.5652
posting_hour,时间与设计,11,6.324999999999999,6.8999999999999995,0,0.0
posting_hour,时间与设计,12,6.8999999999999995,7.475,29944,2.4263
posting_hour,时间与设计,13,7.475,8.049999999999999,28834,2.3364
posting_hour,时间与设计,14,8.049999999999999,8.625,0,0.0
posting_hour,时间与设计,15,8.625,9.2,24453,1.9814
posting_hour,时间与设计,16,9.2,9.774999999999999,0,0.0
posting_hour,时间与设计,17,9.774999999999999,10.35,25868,2.096
posting_hour,时间与设计,18,10.35,10.924999999999999,0,0.0
posting_hour,时间与设计,19,10.924999999999999,11.5,42035,3.406
posting_hour,时间与设计,20,11.5,12.075,49225,3.9886
posting_hour,时间与设计,21,12.075,12.649999999999999,0,0.0
posting_hour,时间与设计,22,12.649999999999999,13.225,57597,4.667
posting_hour,时间与设计,23,13.225,13.799999999999999,0,0.0
posting_hour,时间与设计,24,13.799999999999999,14.374999999999998,66375,5.3783
posting_hour,时间与设计,25,14.374999999999998,14.95,0,0.0
posting_hour,时间与设计,26,14.95,15.524999999999999,69417,5.6248
posting_hour,时间与设计,27,15.524999999999999,16.099999999999998,87144,7.0612
posting_hour,时间与设计,28,16.099999999999998,16.674999999999997,0,0.0
posting_hour,时间与设计,29,16.674999999999997,17.25,88979,7.2099
posting_hour,时间与设计,30,17.25,17.825,0,0.0
posting_hour,时间与设计,31,17.825,18.4,79270,6.4231
posting_hour,时间与设计,32,18.4,18.974999999999998,0,0.0
posting_hour,时间与设计,33,18.974999999999998,19.549999999999997,68494,5.55
posting_hour,时间与设计,34,19.549999999999997,20.125,67040,5.4322
posting_hour,时间与设计,35,20.125,20.7,0,0.0
posting_hour,时间与设计,36,20.7,21.275,64084,5.1926
posting_hour,时间与设计,37,21.275,21.849999999999998,0,0.0
posting_hour,时间与设计,38,21.849999999999998,22.424999999999997,55438,4.4921
posting_hour,时间与设计,39,22.424999999999997,23.0,52622,4.2639
