masked_fivegram,training_document_frequency,training_document_pct,countries_present
name is amt years old,322094,24.462625,40
is amt years old and,269679,20.481773,42
amt loan through org to,209172,15.886344,3
has been in this business,188754,14.335623,34
been in this business for,188712,14.332434,34
loan through org to buy,176272,13.387632,12
name is amt year old,143463,10.89583,40
name would like to save,138537,10.521707,13
would like to save enough,134413,10.208494,13
name has been in this,119714,9.092124,26
amt years old and married,113085,8.58866,39
this business for amt years,111901,8.498737,32
future name would like to,110496,8.392029,23
the future name would like,110483,8.391042,22
in the future name would,110470,8.390054,22
in this business for amt,109002,8.278562,29
to send her children to,103531,7.863046,32
send her children to college,87949,6.679613,9
years old and married with,85647,6.504779,38
general store in the loc,85272,6.476299,4
money to expand her business,83227,6.320984,20
name works hard to support,80840,6.139694,14
afford to send her children,80247,6.094656,8
secure future for her family,78072,5.929468,14
to provide secure future for,77976,5.922177,10
provide secure future for her,77847,5.912379,10
to save enough money so,76234,5.789874,12
enough to provide secure future,75036,5.698888,8
she is married and has,74293,5.642458,36
runs general store in the,73997,5.619977,8
to save enough to provide,73922,5.614281,10
save enough to provide secure,73803,5.605243,8
save enough money so she,72711,5.522307,8
to save money to expand,71807,5.453649,8
save money to expand her,71372,5.420612,9
like to save enough money,70877,5.383017,12
is amt years old married,70804,5.377473,40
she will be able to,66730,5.068058,38
through org to buy items,64468,4.896262,3
like to save enough to,63493,4.822212,9
has been sustaining her business,62262,4.728719,6
amt org loan through org,61977,4.707073,8
been sustaining her business activities,61729,4.688238,6
she has been in this,60770,4.615403,33
org loan through org to,60662,4.607201,5
sustaining her business activities through,59944,4.55267,6
works very hard to provide,59804,4.542037,19
her business activities through her,59482,4.517581,7
very hard to provide for,59447,4.514923,18
amt years old and has,58755,4.462367,37
requested amt org loan through,57925,4.399329,9
amt years old married and,57827,4.391886,39
she is amt years old,56678,4.304621,38
would like to save money,54968,4.174749,12
works hard to support her,53739,4.081408,23
and other supplies to raise,53013,4.026269,3
like to save money to,52943,4.020953,9
hazard risks to her family,52799,4.010016,3
name has been sustaining her,50918,3.867157,5
she would like to save,50509,3.836094,18
health and hazard risks to,48706,3.699158,3
could afford to send her,48673,3.696652,4
she could afford to send,48656,3.695361,4
and hazard risks to her,48627,3.693158,3
future she would like to,48047,3.649108,30
in the future she would,47974,3.643564,30
the future she would like,47973,3.643488,30
enough money so she could,47370,3.597691,6
so she could afford to,47261,3.589412,5
money so she could afford,47256,3.589032,4
hard to provide for them,46906,3.56245,15
secure the future of her,46193,3.508299,14
the future of her family,45119,3.42673,17
to secure the future of,44856,3.406755,14
store business in the loc,44686,3.393844,4
is amt years old she,44598,3.387161,38
general store business in the,43956,3.338402,5
has general store business in,43236,3.283719,3
to buy items to sell,43175,3.279086,8
is amt year old married,43124,3.275212,39
org to buy items to,42639,3.238377,5
loan through org to purchase,42353,3.216656,8
years in the future name,41275,3.134783,5
hard to support her family,41065,3.118834,22
canned goods personal care products,40194,3.052683,3
name runs general store in,38755,2.943392,5
name is married woman with,38435,2.919089,24
for amt years in the,38154,2.897747,18
amt years in the future,38070,2.891368,12
business for amt years in,37957,2.882785,19
etc to sell in her,37322,2.834558,9
to provide for her family,37055,2.81428,36
amt years old she is,36752,2.791267,36
amt year old married woman,35997,2.733926,36
years old married and has,35581,2.702331,39
buy items to sell like,35572,2.701648,5
reducing health and hazard risks,35415,2.689724,3
name is aware that by,34964,2.655471,3
name works very hard to,34917,2.651901,18
she runs general store in,34751,2.639294,12
children she is married and,34390,2.611876,23
for the past amt years,34255,2.601623,34
to support her family she,34073,2.587801,35
to sell in her store,33358,2.533497,29
in the past from org,33114,2.514966,3
she is very hardworking entrepreneur,32173,2.443498,6
to sell name has been,31798,2.415017,10
business activities through her past,31473,2.390334,5
loan will be used to,30977,2.352663,35
times in the past from,29855,2.267449,4
to sell like canned goods,29547,2.244057,3
years now and has borrowed,29279,2.223702,4
through org to invest in,29052,2.206462,4
is amt year old woman,29011,2.203348,39
can afford to send her,28991,2.201829,7
she can afford to send,28978,2.200842,6
she is very hard working,27979,2.124969,22
is very hard working entrepreneur,27870,2.116691,6
amt years old and lives,27836,2.114108,40
activities through her own efforts,27708,2.104387,3
business activities through her own,27695,2.1034,3
is in the agricultural business,27423,2.082742,5
hard to provide for her,27205,2.066185,25
enough money so she can,26703,2.028058,9
to provide for them name,26681,2.026388,9
name is in the agricultural,26286,1.996388,4
with the help of the,26232,1.992287,30
the loan will be used,26054,1.978768,32
so she can afford to,25958,1.971477,12
provide for them name runs,25952,1.971021,5
money so she can afford,25925,1.96897,5
name is hardworking entrepreneur who,25917,1.968363,10
toilet she is reducing health,25564,1.941553,3
for her family name is,25548,1.940338,25
is very hardworking entrepreneur name,25497,1.936464,3
to her family and neighbors,25379,1.927502,5
and neighbors as well as,25320,1.923021,4
family and neighbors as well,25313,1.92249,3
loan through org to invest,25304,1.921806,3
her family and neighbors as,25300,1.921502,6
risks to her family and,25154,1.910414,3
efforts with the help of,25047,1.902287,3
neighbors as well as promoting,24990,1.897958,3
is hardworking entrepreneur who has,24873,1.889072,7
she works very hard to,24824,1.885351,27
children she is very hardworking,24765,1.88087,18
food vending business in the,24739,1.878895,3
and sells variety of items,24629,1.870541,8
her business to secure the,24613,1.869326,6
name requested amt org loan,24522,1.862414,6
business for amt years now,24263,1.842744,24
years and sells variety of,24192,1.837351,4
business name has been in,24056,1.827022,10
has requested loan of amt,24034,1.825351,21
sell in her store name,23969,1.820415,11
org to buy feed and,23925,1.817073,5
them name runs general store,23884,1.813959,3
for them name runs general,23871,1.812972,3
business to secure the future,23860,1.812136,6
the help of the loans,23826,1.809554,9
help of the loans from,23805,1.807959,3
of the loans from org,23797,1.807352,3
org to buy additional items,23740,1.803022,3
will use this loan to,23588,1.791478,36
expand her business to secure,23551,1.788668,6
feed and other supplies to,23268,1.767175,3
years old and lives in,23251,1.765884,34
to build and expand her,22775,1.729732,9
build and expand her business,22770,1.729352,9
and expand her business to,22667,1.721529,23
business for amt years and,22412,1.702163,28
school name works very hard,22245,1.689479,6
in school name works very,22138,1.681353,5
the loans from org she,22038,1.673758,6
loan through org to build,22031,1.673226,3
sell name has been in,21880,1.661758,8
toilet for her family name,21803,1.65591,3
to buy feed and other,21751,1.65196,6
buy feed and other supplies,21745,1.651505,3
years old she is married,21739,1.651049,36
is seeking loan to buy,21734,1.650669,27
very hard working entrepreneur name,21728,1.650214,4
will be used to buy,21583,1.639201,35
she is reducing health and,21550,1.636695,3
name is seeking loan to,21409,1.625986,27
is reducing health and hazard,21369,1.622948,3
in her store name has,21368,1.622872,6
to save enough money to,20803,1.579961,28
her store name has been,20767,1.577227,3
enough to secure the future,20747,1.575708,3
to support her family in,20680,1.570619,23
loan of amt org to,20607,1.565075,26
entrepreneur name is amt years,20423,1.551101,5
children she is very hard,20415,1.550493,13
she is asking for loan,20031,1.521329,34
her business in the future,19965,1.516316,33
hopes that in the future,19730,1.498468,18
to take care of her,19645,1.492012,37
to provide for them she,19611,1.48943,13
for amt years now and,19529,1.483202,27
in rural village in loc,19359,1.470291,7
org to buy items like,19338,1.468696,3
it in the future name,19195,1.457836,5
loc the loan will be,19110,1.45138,7
access to high quality inputs,19068,1.44819,4
amt times in the past,19014,1.444089,3
provide for them she runs,18951,1.439304,4
lives in rural village in,18884,1.434216,10
she requested amt org loan,18870,1.433152,5
and married with three children,18763,1.425026,32
in the future she will,18748,1.423886,27
her hard work will help,18713,1.421228,6
is requesting loan to buy,18709,1.420924,40
org loc the loan will,18599,1.41257,6
would like to build and,18550,1.408849,9
that her hard work will,18532,1.407482,8
hard work will help her,18523,1.406798,7
hopes that her hard work,18516,1.406266,8
that in the future she,18507,1.405583,25
old and married with three,18455,1.401634,31
support her family she is,18428,1.399583,25
name is married and has,18196,1.381963,30
this business for five years,18041,1.370191,30
her business name has been,17976,1.365254,21
lives in the town of,17942,1.362672,15
to sell in her general,17917,1.360773,9
sell in her general store,17912,1.360393,9
to save enough to secure,17760,1.348849,4
amt years now and has,17743,1.347558,17
loc she is married and,17727,1.346343,29
she has been able to,17722,1.345963,34
old and lives in the,17642,1.339887,27
she hopes that her hard,17618,1.338064,8
the future she will be,17587,1.33571,16
amt years old and is,17571,1.334495,38
take care of her family,17563,1.333887,34
has applied for loan of,17511,1.329938,17
name has requested loan of,17459,1.325989,13
provide for her family she,17452,1.325457,35
send her children to school,17393,1.320976,31
work will help her attain,17311,1.314748,6
will help her attain her,17301,1.313989,7
use this loan to buy,17291,1.313229,34
in the town of loc,17269,1.311558,23
help her attain her dream,17250,1.310115,6
in this business for five,17214,1.307381,29
years in the future she,17214,1.307381,11
she has applied for loan,17103,1.298951,26
business for amt years she,17075,1.296824,28
variety of items in the,17044,1.29447,8
of items in the future,16995,1.290748,4
sells variety of items in,16961,1.288166,6
married and has two children,16933,1.28604,36
like to build and expand,16929,1.285736,5
requested loan of amt org,16887,1.282546,22
amt year old name from,16883,1.282242,11
loc she requested amt org,16879,1.281938,3
married and has three children,16796,1.275635,38
to help expand her business,16782,1.274571,15
use the profits from this,16716,1.269559,15
and lives in the town,16672,1.266217,12
has been working hard to,16664,1.265609,19
been working hard to manage,16581,1.259306,6
years she would like to,16570,1.25847,22
her dream to save enough,16563,1.257939,6
for her food production business,16557,1.257483,3
from org loc the loan,16524,1.254977,3
income from this loan will,16517,1.254445,17
name aspires to save enough,16464,1.25042,5
the extra income from this,16426,1.247534,11
extra income from this loan,16423,1.247306,11
working hard to manage her,16362,1.242673,6
future she will be able,16310,1.238724,15
this business for the past,16193,1.229838,27
is amt year old entrepreneur,16148,1.22642,23
and married with two children,16099,1.222698,35
in the loc she is,15926,1.209559,3
old and married with two,15853,1.204015,35
that the extra income from,15840,1.203028,9
for loan of amt org,15821,1.201585,23
business name has requested loan,15809,1.200673,18
through org to buy ingredients,15761,1.197028,4
her business name has requested,15746,1.195888,16
says that the extra income,15621,1.186395,7
store name has been in,15599,1.184724,7
in this business for the,15554,1.181306,25
from this loan will help,15541,1.180319,19
loan to buy farm inputs,15491,1.176522,12
works hard to provide for,15452,1.17356,22
and married with four children,15380,1.168091,33
amt year old woman who,15379,1.168015,36
for amt years and sells,15355,1.166192,14
in the loc she has,15332,1.164446,6
amt year old entrepreneur who,15329,1.164218,20
he is amt years old,15305,1.162395,34
the town of loc in,15183,1.153129,14
amt years and sells variety,15106,1.147281,4
the loc area of loc,15080,1.145307,10
loc she is borrowing amt,15060,1.143788,3
town of loc in the,15055,1.143408,9
have access to high quality,15054,1.143332,5
to buy feeds and other,15052,1.14318,3
loan to further build her,15046,1.142724,4
old and married with four,15011,1.140066,32
expects higher profits this season,14955,1.135813,3
buy farm inputs such as,14954,1.135737,9
items in the future name,14887,1.130648,3
higher profits this season which,14844,1.127383,3
is asking for loan to,14827,1.126092,35
of amt acres of land,14808,1.124649,3
in the amount of amt,14800,1.124041,20
children name works hard to,14771,1.121838,12
to buy farm inputs such,14703,1.116674,9
to have access to high,14688,1.115535,3
excited to have access to,14654,1.112952,3
which she will use to,14632,1.111282,38
expand her business name has,14605,1.109231,19
is excited to have access,14595,1.108471,3
married and has amt children,14576,1.107028,36
amt org through org to,14561,1.105889,6
school name is in the,14559,1.105737,12
this is amt year old,14543,1.104522,16
name expects higher profits this,14541,1.10437,3
in school name is in,14528,1.103383,9
children who are in school,14503,1.101484,31
in her general store name,14500,1.101256,5
is amt year old name,14487,1.100269,17
help expand her business name,14420,1.09518,9
hopes to invest back into,14368,1.091231,3
of whom are in school,14284,1.084851,30
them she runs general store,14063,1.068067,3
for them she runs general,14059,1.067763,3
the attainment of her dream,13990,1.062522,5
name has been working hard,13955,1.059864,12
name hopes that in the,13948,1.059333,10
name is member of org,13943,1.058953,6
her attain her dream to,13753,1.044523,3
amt years old and single,13745,1.043915,35
tirelessly toward the attainment of,13733,1.043004,7
for more than amt years,13705,1.040877,31
toward the attainment of her,13686,1.039434,6
is working tirelessly toward the,13635,1.035561,7
working tirelessly toward the attainment,13595,1.032523,7
her family she is married,13535,1.027966,23
and requested amt org loan,13530,1.027586,3
business for the past amt,13405,1.018093,30
pay school fees for her,13331,1.012472,31
she plans to use the,13323,1.011865,30
group of amt farmers in,13284,1.008903,3
as well as promoting environmental,13191,1.001839,3
well as promoting environmental protection,13177,1.000776,3
school fees for her children,13124,0.996751,31
and her family will be,13121,0.996523,11
loan of amt loc shillings,13073,0.992878,3
to buy ingredients for her,13042,0.990523,11
married and the mother of,13039,0.990295,36
successfully repaid her previous loan,12860,0.9767,14
name is asking for loan,12792,0.971536,32
pigs name has been in,12767,0.969637,4
the past amt years name,12765,0.969485,25
for the future are to,12757,0.968878,25
for more information on the,12739,0.967511,5
hopes and dreams for the,12716,0.965764,14
also earns additional income from,12707,0.96508,8
that one day she will,12681,0.963106,19
been able to consistently feed,12657,0.961283,5
and dreams for the future,12655,0.961131,13
to pay school fees for,12654,0.961055,30
is amt year old mother,12630,0.959232,34
for her family she runs,12627,0.959004,17
has been able to consistently,12601,0.95703,6
org to buy ingredients for,12585,0.955815,5
day she will be able,12546,0.952853,17
one day she will be,12543,0.952625,17
dreams that one day she,12535,0.952017,11
years name has been working,12500,0.949359,16
to support her family name,12489,0.948523,30
support her family she has,12476,0.947536,31
will be able to save,12444,0.945106,28
year old name from loc,12438,0.94465,10
dreams for the future are,12402,0.941916,13
attainment of her dream to,12328,0.936296,5
with this loan the group,12317,0.93546,5
name dreams that one day,12313,0.935157,9
this loan the group will,12304,0.934473,3
is biomass and solar powered,12293,0.933638,4
her previous loan and now,12288,0.933258,9
aspires to save enough to,12247,0.930144,4
this loan will help her,12237,0.929384,36
for her family she is,12230,0.928853,33
solar powered for more information,12184,0.925359,4
and solar powered for more,12178,0.924903,4
biomass and solar powered for,12174,0.9246,4
requested loan of amt loc,12174,0.9246,9
married woman with three children,12112,0.919891,31
name is requesting loan to,12109,0.919663,38
this business for three years,12098,0.918828,31
name is excited to have,12095,0.9186,5
provide for her family name,12090,0.91822,24
she is working tirelessly toward,12082,0.917612,6
she is requesting loan to,12068,0.916549,37
help name to generate greater,12067,0.916473,5
the health of her family,12054,0.915486,13
powered for more information on,12045,0.914802,4
buy ingredients for her food,12036,0.914119,6
repaid her previous loan and,12034,0.913967,13
to expand her business and,12028,0.913511,36
name to generate greater profits,12027,0.913435,5
she likes her business because,12027,0.913435,9
plans to use the profits,12013,0.912372,25
will help name to generate,11988,0.910473,7
use this loan to purchase,11954,0.907891,32
married and has four children,11904,0.904093,36
her village there is no,11869,0.901435,5
in her village there is,11867,0.901283,6
her family in her village,11845,0.899613,3
is married and has two,11839,0.899157,36
her family save money on,11837,0.899005,4
loc in addition to farming,11826,0.898169,4
name will be able to,11820,0.897714,31
and now she has requested,11792,0.895587,7
is grateful to kiva and,11791,0.895511,14
greetings from loc this is,11757,0.892929,7
from org before this loan,11729,0.890802,3
is amt years old he,11725,0.890499,35
for her family she has,11723,0.890347,31
support her family in her,11721,0.890195,6
for charging their mobile devices,11671,0.886397,4
to use the profits from,11670,0.886321,20
old she is married and,11658,0.88541,34
previous loan and now she,11647,0.884575,4
electricity for charging their mobile,11625,0.882904,4
solar electricity for charging their,11616,0.88222,4
access solar electricity for charging,11600,0.881005,4
her business to secure her,11599,0.880929,5
business to secure her family,11589,0.88017,4
and also earns additional income,11523,0.875157,6
of amt farmers in loc,11517,0.874701,3
with three children she is,11517,0.874701,28
is seeking this loan to,11443,0.869081,20
loan and now she has,11442,0.869005,5
loan through org loc to,11442,0.869005,6
org through org to buy,11439,0.868777,5
every month on fuel and,11432,0.868246,4
seeds and fertilizer to plant,11388,0.864904,6
business for amt years name,11352,0.86217,22
in this business for three,11350,0.862018,28
loans from org before this,11346,0.861714,3
loan in the amount of,11340,0.861258,18
this loan will help to,11334,0.860803,29
children between the ages of,11332,0.860651,20
through org to buy more,11323,0.859967,8
attain her dream to save,11316,0.859436,3
loan she will be able,11272,0.856094,36
school she works very hard,11262,0.855334,7
in the loc area of,11221,0.852221,11
likes her business because it,11206,0.851081,9
years old and married she,11202,0.850777,35
in the loc and has,11174,0.848651,3
she is seeking loan to,11166,0.848043,27
of amt org to buy,11151,0.846904,20
she successfully repaid her previous,11101,0.843107,11
name would like to build,11097,0.842803,17
another loan to further build,11066,0.840448,3
in school she works very,11027,0.837486,5
the health of their families,11025,0.837335,5
she has been running the,11022,0.837107,22
requested another loan to further,10993,0.834904,5
org before this loan she,10991,0.834752,4
help them access solar electricity,10974,0.833461,4
any time for free the,10971,0.833233,4
she will use this loan,10962,0.83255,33
time for free the org,10929,0.830043,4
requested this loan through org,10914,0.828904,4
years old and has two,10860,0.824803,29
will be used to purchase,10846,0.82374,30
years now in the future,10844,0.823588,4
will be able to buy,10843,0.823512,33
this loan through org loc,10835,0.822904,4
she has been sustaining her,10834,0.822828,6
has requested another loan to,10815,0.821385,16
through org loc to purchase,10795,0.819866,5
month on fuel and also,10765,0.817588,4
from loc this is amt,10755,0.816828,5
between the ages of amt,10753,0.816677,21
devices any time for free,10741,0.815765,4
mobile devices any time for,10741,0.815765,4
three children she is very,10725,0.81455,20
amt and amt years old,10715,0.81379,29
through org in order to,10672,0.810525,8
their mobile devices any time,10670,0.810373,4
applied for loan of amt,10657,0.809385,20
woman with three children she,10627,0.807107,24
for loan of org amt,10588,0.804145,14
business name has been sustaining,10516,0.798677,4
build and develop her business,10510,0.798221,3
support her family name is,10502,0.797613,26
lives with her husband and,10489,0.796626,34
to build and develop her,10486,0.796398,3
amt years name has been,10477,0.795715,25
and develop her business to,10461,0.794499,7
amt year old mother of,10459,0.794348,34
them access solar electricity for,10457,0.794196,4
has been involved in this,10455,0.794044,25
she would like to build,10442,0.793056,27
be used to buy more,10438,0.792753,25
her livestock name has been,10436,0.792601,4
is married woman and has,10429,0.792069,21
is married and has three,10404,0.79017,36
is amt year old man,10396,0.789563,37
loan of org amt from,10395,0.789487,12
and other groceries name has,10392,0.789259,5
region of loc she is,10389,0.789031,13
and married with five children,10374,0.787892,28
amt years she would like,10370,0.787588,15
seeking this loan to buy,10370,0.787588,17
married woman with two children,10366,0.787284,30
be able to save enough,10359,0.786753,12
of her dream to save,10358,0.786677,4
aspires to save enough money,10348,0.785917,3
her family will be thankful,10275,0.780373,7
for amt years she would,10269,0.779917,11
of loc she is married,10253,0.778702,24
with two children she is,10237,0.777487,29
she has been involved in,10235,0.777335,26
is married and has amt,10217,0.775968,35
more information on the org,10216,0.775892,4
charging their mobile devices any,10171,0.772474,4
old and married with five,10171,0.772474,27
been involved in this business,10155,0.771259,22
through kiva field partner org,10154,0.771183,23
old and has two children,10149,0.770803,29
org loc to purchase more,10138,0.769968,5
this loan she has been,10136,0.769816,12
will be using the loan,10127,0.769133,12
be using the loan to,10113,0.768069,13
and kiva for their support,10096,0.766778,11
sacks of rice to sell,10093,0.76655,6
years old and is married,10055,0.763664,37
is married woman with three,10054,0.763588,26
involved in this business for,10048,0.763133,20
amt years old he is,10042,0.762677,34
before this loan she has,10032,0.761917,5
loan she has been running,9979,0.757892,7
in loc loc she is,9975,0.757588,21
boxes of fish to sell,9949,0.755614,5
children she works very hard,9944,0.755234,13
loc this is amt year,9942,0.755082,5
she has requested another loan,9939,0.754854,13
has been raising pigs for,9883,0.750601,12
now she has requested another,9870,0.749614,7
year old married woman with,9863,0.749082,33
also help them access solar,9857,0.748626,4
years old and has three,9846,0.747791,31
hard working entrepreneur name has,9834,0.74688,3
woman with two children she,9815,0.745437,27
married woman with four children,9801,0.744373,29
for her family name runs,9773,0.742247,8
with four children she is,9755,0.74088,28
applied for loan of org,9754,0.740804,8
to use this loan to,9704,0.737006,36
family will be thankful to,9687,0.735715,8
to represent her group because,9682,0.735335,3
on fuel and also help,9669,0.734348,4
in their village there is,9646,0.732601,3
she would like to expand,9587,0.72812,28
name says that the extra,9575,0.727209,6
fuel and also help them,9562,0.726222,4
she works hard to provide,9559,0.725994,18
children two of whom are,9554,0.725614,30
seeking loan to buy farm,9506,0.721968,6
and also help them access,9505,0.721893,4
to buy additional boxes of,9478,0.719842,4
she is married woman and,9475,0.719614,21
to increase her business name,9465,0.718855,13
with this loan she will,9464,0.718779,35
lives with her family in,9446,0.717412,34
to her customers around the,9428,0.716044,4
groceries name has been in,9416,0.715133,5
has two children who are,9412,0.714829,33
old and has three children,9392,0.71331,31
two children she is very,9317,0.707614,17
in school for the past,9316,0.707538,18
other groceries name has been,9312,0.707234,3
the profits from this season,9297,0.706095,7
of amt org through org,9286,0.70526,10
org in order to buy,9257,0.703057,20
dream to save enough money,9256,0.702981,7
says thanks to org and,9247,0.702298,3
to sell she has been,9229,0.700931,20
visit www loc ncleanenergy com,9229,0.700931,3
her customers around the community,9200,0.698728,4
loc she is amt years,9178,0.697057,32
he will be able to,9156,0.695386,36
business name says that the,9155,0.69531,5
in the loc name is,9135,0.693791,3
four children she is very,9131,0.693488,12
married with three children she,9127,0.693184,32
year old woman who lives,9127,0.693184,31
is located in good area,9101,0.691209,10
business is located in good,9097,0.690905,9
children name works very hard,9037,0.686349,9
family she runs general store,9028,0.685665,7
community she has been in,9023,0.685285,14
ages of amt and amt,9001,0.683614,21
located in good area and,8997,0.683311,7
the ages of amt and,8988,0.682627,21
children she runs general store,8985,0.682399,6
her family she runs general,8973,0.681488,7
customers around the community she,8953,0.679969,4
asking for loan to buy,8941,0.679057,31
and has two children who,8930,0.678222,31
please visit www loc ncleanenergy,8925,0.677842,3
are still in school name,8883,0.674652,21
she says thanks to org,8853,0.672374,4
woman with four children she,8848,0.671994,25
the community she has been,8846,0.671842,10
loan will enable her to,8819,0.669792,33
been running the general store,8809,0.669032,5
has been running the general,8797,0.668121,5
running the general store for,8792,0.667741,5
her hopes and dreams for,8785,0.667209,8
using the loan to purchase,8776,0.666526,13
rice to support her family,8732,0.663184,6
three children she is married,8730,0.663032,16
this business for four years,8704,0.661058,29
for the future is to,8682,0.659387,27
increase her business name says,8663,0.657944,3
www loc ncleanenergy com and,8656,0.657412,3
org and kiva for their,8641,0.656273,8
also earns an income from,8639,0.656121,8
runs retail business and sells,8636,0.655893,3
her business name says that,8633,0.655665,8
she is grateful to kiva,8631,0.655513,18
cookstove is biomass and solar,8625,0.655058,4
currently in school for the,8620,0.654678,5
information on the org one,8620,0.654678,4
still in school name works,8617,0.65445,6
sell name would like to,8616,0.654374,7
business in the future name,8615,0.654298,20
to sell name would like,8606,0.653615,8
for free the org one,8592,0.652551,4
spend every month on fuel,8586,0.652096,4
loc ncleanenergy com and facebook,8567,0.650653,3
ncleanenergy com and facebook loc,8554,0.649665,3
she requested this loan through,8535,0.648222,3
save the money they spend,8534,0.648146,4
the social interest on her,8533,0.64807,5
around the community she has,8530,0.647843,4
they spend every month on,8511,0.646399,4
money they spend every month,8496,0.64526,4
loc name is borrowing amt,8481,0.644121,3
loan of amt org through,8475,0.643665,14
name runs retail business and,8457,0.642298,4
clean cookstove is biomass and,8449,0.641691,4
loan through kiva field partner,8428,0.640096,26
the money they spend every,8428,0.640096,4
repay the social interest on,8427,0.64002,5
this business for two years,8412,0.638881,29
is married woman with two,8385,0.63683,25
and will help name to,8358,0.634779,3
past amt years name has,8343,0.63364,20
her general store name has,8301,0.63045,7
is requesting this loan to,8291,0.629691,32
org to request loan to,8265,0.627716,7
to further build her business,8265,0.627716,5
to org and kiva for,8255,0.626957,9
in the future she wants,8253,0.626805,29
in this business for four,8208,0.623387,27
year old entrepreneur who lives,8207,0.623311,14
enough money to expand her,8193,0.622248,8
children name is in the,8188,0.621868,11
entrepreneur who lives with her,8179,0.621185,14
in her business name has,8154,0.619286,13
general store name has been,8137,0.617995,5
the quality of his harvest,8133,0.617691,9
will use the loan to,8127,0.617235,38
fish to sell name has,8099,0.615109,6
old entrepreneur who lives with,8097,0.614957,12
is married woman with four,8093,0.614653,22
who are in school she,8068,0.612754,26
thanks to org and kiva,8053,0.611615,6
family she is married and,8052,0.611539,20
would like to expand to,8042,0.61078,9
will repay the social interest,8041,0.610704,5
this loan she will be,8040,0.610628,34
who is amt years old,8032,0.61002,38
she started this business to,8031,0.609944,15
name is seeking this loan,8026,0.609564,13
items to sell like beverages,8023,0.609337,3
make her deserving candidate for,8018,0.608957,3
and has three children she,8015,0.608729,36
loan of amt org from,7989,0.606754,20
will use the profits from,7981,0.606147,24
married with two children she,7971,0.605387,32
free the org one clean,7965,0.604932,4
aspires to save money to,7925,0.601894,5
monthly income of org amt,7919,0.601438,3
org one cookstove please visit,7891,0.599311,4
the org one cookstove please,7891,0.599311,4
on the org one cookstove,7885,0.598856,4
her family in the future,7873,0.597944,27
to buy additional sacks of,7866,0.597413,5
in this business for two,7859,0.596881,28
one cookstove please visit www,7850,0.596197,4
to sell like beverages canned,7845,0.595818,3
sell like beverages canned goods,7836,0.595134,3
featured in the above picture,7812,0.593311,3
in school she is very,7807,0.592932,15
in the agricultural business of,7802,0.592552,5
invest back into his farm,7798,0.592248,3
and has two children she,7796,0.592096,35
to invest back into his,7785,0.591261,6
com and facebook loc clean,7777,0.590653,3
and facebook loc clean energy,7773,0.590349,3
from this year harvest to,7771,0.590197,4
of amt through org to,7768,0.58997,3
use the amt loan to,7740,0.587843,3
will use the amt loan,7740,0.587843,5
children she works hard to,7737,0.587615,16
loan of amt through org,7733,0.587311,6
this loan to buy more,7733,0.587311,33
has been running this business,7728,0.586932,31
org to buy sacks of,7708,0.585413,6
meet amt year old name,7702,0.584957,12
married and has one child,7683,0.583514,36
she is single and has,7680,0.583286,26
four children she is married,7648,0.580856,12
is married and blessed with,7640,0.580248,17
name has general store business,7633,0.579717,4
and also earns an income,7580,0.575691,6
the future she wants to,7564,0.574476,29
of fish to sell name,7561,0.574248,4
entrepreneur who works very hard,7542,0.572805,3
plans to use the profit,7539,0.572577,22
married with four children she,7495,0.569236,30
foods name has been in,7494,0.56916,4
she and her family will,7490,0.568856,13
joined the program in amt,7489,0.56878,3
the loc region of loc,7484,0.5684,6
live in rural village in,7471,0.567413,3
family name runs general store,7462,0.566729,4
old and married with one,7462,0.566729,28
family name is married and,7461,0.566653,11
is amt years old name,7461,0.566653,29
to buy more stock of,7455,0.566198,20
to further build her businesses,7450,0.565818,3
name has been raising pigs,7441,0.565134,7
she is amt year old,7421,0.563615,35
her family name is married,7418,0.563388,9
was born in amt in,7393,0.561489,6
use the anticipated profits to,7391,0.561337,9
years old and has four,7382,0.560653,29
help to take care of,7380,0.560502,9
she will use the anticipated,7378,0.56035,6
use the loan to buy,7360,0.558983,38
years old married and the,7356,0.558679,34
she will use to buy,7352,0.558375,34
dream to save enough to,7346,0.557919,5
her family in their village,7346,0.557919,3
store name would like to,7344,0.557767,9
name has applied for loan,7328,0.556552,28
of amt org to purchase,7328,0.556552,18
children name is married and,7319,0.555869,7
will help to take care,7319,0.555869,4
the org one clean cookstove,7315,0.555565,4
loan will help to take,7310,0.555185,3
and personal care products to,7301,0.554502,5
will be able to pay,7286,0.553362,34
years and also earns an,7286,0.553362,5
her family name runs general,7284,0.55321,5
will use the anticipated profits,7279,0.552831,9
and married with one child,7269,0.552071,30
her business is located in,7264,0.551691,19
org one clean cookstove is,7263,0.551616,4
business in the future she,7261,0.551464,30
one clean cookstove is biomass,7259,0.551312,4
fertilizers and other farm supplies,7255,0.551008,5
of amt and amt years,7237,0.549641,18
family name runs retail business,7234,0.549413,3
she will be using the,7232,0.549261,9
this business for six years,7229,0.549033,28
to generate greater profits and,7215,0.54797,6
family save the money they,7204,0.547135,4
in the loc region of,7200,0.546831,7
biggest business challenge to be,7189,0.545995,7
loans from org she is,7170,0.544552,7
old and has four children,7170,0.544552,29
are in school she is,7168,0.5444,24
to purchase additional sacks of,7157,0.543565,5
been running this business for,7153,0.543261,31
business to take care of,7145,0.542654,23
support her family in their,7132,0.541666,10
save enough money to expand,7124,0.541059,5
her children are in school,7103,0.539464,28
enough money to send her,7090,0.538476,9
all of her children are,7084,0.538021,24
care of her family name,7082,0.537869,21
school she started this business,7077,0.537489,8
representing her group of amt,7066,0.536654,3
for amt years and also,7060,0.536198,15
to use the profit she,7060,0.536198,15
you will help by funding,7060,0.536198,6
improve her family living conditions,7059,0.536122,31
the mother of amt children,7053,0.535666,33
her family name runs retail,7052,0.53559,3
years name would like to,7050,0.535438,12
the quality of her harvest,7047,0.535211,9
two children she is married,7041,0.534755,11
of the farmers in the,7028,0.533768,5
amt years and also earns,7005,0.532021,4
money to send her children,6997,0.531413,9
asking for loan with kiva,6995,0.531261,5
hopes you will help by,6985,0.530502,6
is asking for loan with,6979,0.530046,15
children one of whom is,6976,0.529818,30
he has been able to,6962,0.528755,31
in this business for six,6959,0.528527,25
loan with kiva partner org,6948,0.527692,5
use the profit she earns,6948,0.527692,13
in the area of loc,6942,0.527236,11
is requesting loan of amt,6935,0.526704,25
the profit she earns to,6930,0.526325,14
loan will help her to,6929,0.526249,35
she has requested amt loan,6924,0.525869,3
are currently in school name,6901,0.524122,11
loc she has requested amt,6894,0.52359,3
amt year old man who,6893,0.523514,35
for amt years now in,6892,0.523439,12
he is married and has,6892,0.523439,30
currently attending school she started,6886,0.522983,3
this is her first loan,6876,0.522223,26
amt years now in the,6871,0.521844,5
year old entrepreneur who works,6870,0.521768,3
with five children she is,6862,0.52116,22
old woman who lives in,6845,0.519869,27
married woman amt years old,6842,0.519641,18
years old and has one,6835,0.519109,29
he is asking for loan,6829,0.518654,26
loan to buy farming inputs,6821,0.518046,16
is married woman amt years,6806,0.516907,19
to request loan to buy,6792,0.515844,18
old married and has three,6776,0.514628,37
loan to purchase seeds and,6771,0.514249,17
her primary customers are locals,6763,0.513641,6
and her primary customers are,6761,0.513489,8
is very hardworking entrepreneur she,6755,0.513034,3
how to sell from her,6743,0.512122,3
learned how to sell from,6742,0.512046,3
the area of loc loc,6740,0.511894,4
the loc she has been,6723,0.510603,4
best quality fertilizer and hybrid,6717,0.510148,4
the best quality fertilizer and,6717,0.510148,4
years old he is married,6706,0.509312,28
is borrowing kiva loan to,6700,0.508856,5
is asking for loan for,6696,0.508553,20
amt years old married with,6695,0.508477,32
plans to use this loan,6695,0.508477,32
get the best quality fertilizer,6686,0.507793,4
quality fertilizer and hybrid seeds,6674,0.506882,4
to purchase seeds and fertilizer,6664,0.506122,14
of her children are in,6663,0.506046,28
family in the future she,6658,0.505667,20
income to support her family,6648,0.504907,29
married woman with five children,6643,0.504527,28
of her children are currently,6643,0.504527,12
which she hopes to invest,6638,0.504148,4
to invest back into her,6636,0.503996,10
invest back into her farm,6627,0.503312,4
area and her primary customers,6626,0.503236,7
loan through org in order,6625,0.50316,6
woman amt years old with,6619,0.502705,7
five children she is very,6614,0.502325,12
and the kiva community for,6613,0.502249,6
is married and has four,6606,0.501717,36
items to sell such as,6603,0.501489,16
the kiva community for their,6597,0.501034,7
group because she wanted to,6596,0.500958,3
name is married woman amt,6566,0.498679,15
is married with three children,6552,0.497616,36
works very hard for her,6546,0.49716,6
very hard for her family,6540,0.496705,5
to get the best quality,6527,0.495717,6
old married and has two,6526,0.495641,35
for loan through org loc,6525,0.495565,4
to expand to large scale,6513,0.494654,3
who works very hard for,6476,0.491844,6
save enough money to send,6470,0.491388,5
sell she has been in,6468,0.491236,16
social interest on her loan,6463,0.490857,5
the past amt years she,6451,0.489945,31
old name from loc she,6449,0.489793,5
to improve her family living,6434,0.488654,32
loc branch she is married,6405,0.486452,3
this business to take care,6392,0.485464,9
now having joined the program,6391,0.485388,3
will enable her to improve,6386,0.485008,24
started this business to take,6383,0.484781,4
years now having joined the,6377,0.484325,3
kiva community for their support,6363,0.483262,5
would like loan of amt,6347,0.482046,7
she was born in amt,6341,0.481591,11
hard for her family she,6313,0.479464,9
in school at the moment,6289,0.477641,7
married and has five children,6271,0.476274,38
to kiva and org loc,6261,0.475515,3
is married with amt children,6257,0.475211,35
of her family in the,6251,0.474755,21
born in amt in loc,6209,0.471566,5
years old and has amt,6206,0.471338,26
business she has been in,6188,0.469971,25
children she earns living by,6188,0.469971,17
applying for this loan to,6182,0.469515,22
to expand her business in,6181,0.469439,34
amt years she has been,6173,0.468831,29
with amt other family members,6173,0.468831,5
access to quality training and,6168,0.468452,3
and married with six children,6166,0.4683,28
able to save enough to,6152,0.467236,12
old and has one child,6147,0.466857,26
have access to quality training,6145,0.466705,3
has been farmer for amt,6143,0.466553,16
is amt years old single,6141,0.466401,37
is applying for this loan,6140,0.466325,24
and has four children she,6136,0.466021,35
been farmer for amt years,6131,0.465642,16
of her family name runs,6131,0.465642,4
in order to increase her,6129,0.46549,35
she will use the loan,6127,0.465338,37
woman with five children she,6125,0.465186,22
years her business is located,6122,0.464958,11
the amt loan to buy,6109,0.463971,3
business challenge to be inadequate,6102,0.463439,7
this loan will not only,6098,0.463135,15
is married with two children,6097,0.463059,35
old and married with six,6086,0.462224,25
to be inadequate working capital,6075,0.461388,7
challenge to be inadequate working,6065,0.460629,7
asking for loan for the,6055,0.459869,10
in good area and her,6055,0.459869,6
requesting this loan to buy,6053,0.459718,31
to kiva and their lenders,6053,0.459718,5
of loc for the past,6046,0.459186,12
currently in school name is,6039,0.458654,6
old and has amt children,6038,0.458578,25
her family save the money,6032,0.458123,5
for loan in the amount,6027,0.457743,14
bigger business in the future,6026,0.457667,10
in school she is in,6026,0.457667,12
the amount of amt org,6021,0.457287,19
asking for loan of amt,6007,0.456224,18
to sell and other supplies,5999,0.455616,3
she has requested loan of,5995,0.455313,16
that she will be able,5993,0.455161,36
of rice to sell name,5992,0.455085,4
grateful to kiva and their,5987,0.454705,4
has three children who are,5982,0.454325,30
years old and married name,5980,0.454173,14
to have access to quality,5979,0.454097,5
two children who are in,5979,0.454097,25
and other farm supplies name,5975,0.453794,3
to earn enough to feed,5972,0.453566,7
with this new loan she,5970,0.453414,20
hopes to run bigger business,5965,0.453034,6
be thankful to their lenders,5948,0.451743,4
will be thankful to their,5948,0.451743,4
interest on her loan by,5947,0.451667,5
enable her to improve her,5944,0.451439,23
is married and has one,5943,0.451363,36
she wants to expand her,5943,0.451363,35
on her loan by volunteering,5923,0.449844,5
family she is married woman,5920,0.449616,3
lives with his family in,5915,0.449237,22
group will use this loan,5911,0.448933,4
and has positive credit history,5909,0.448781,4
are in school she has,5903,0.448325,25
is amt year old single,5900,0.448097,37
often described as an extremely,5898,0.447946,4
toilet for her family she,5898,0.447946,3
profits from this season to,5897,0.44787,4
children are still in school,5896,0.447794,19
is representing her group of,5892,0.44749,5
sell and other supplies needed,5892,0.44749,3
for her business name has,5889,0.447262,13
name works hard to provide,5889,0.447262,18
run bigger business in the,5888,0.447186,7
farmer to support her family,5884,0.446882,4
to run bigger business in,5884,0.446882,7
she lives with her family,5882,0.44673,34
is requesting kiva loan to,5866,0.445515,20
she aspires to save enough,5863,0.445287,3
she will use the amt,5861,0.445135,10
the group will use this,5860,0.445059,3
she says that the extra,5859,0.444984,7
day to day life significantly,5853,0.444528,4
amt years old she has,5848,0.444148,34
has business buying and selling,5847,0.444072,12
years old and single with,5846,0.443996,21
in amt in loc loc,5842,0.443692,3
training and acquire new farming,5841,0.443616,3
quality training and acquire new,5840,0.44354,3
is happy to have made,5838,0.443389,4
and acquire new farming methods,5834,0.443085,3
is asking for loan from,5833,0.443009,25
is member of org microfinance,5832,0.442933,3
to expand her business she,5830,0.442781,36
as farmer to support her,5826,0.442477,4
is seeking loan to purchase,5823,0.442249,25
old married and the mother,5815,0.441642,32
products to sell in her,5810,0.441262,22
be used to purchase more,5807,0.441034,22
is borrowing amt org through,5807,0.441034,4
borrowing amt org through org,5796,0.440199,4
happy to have made that,5790,0.439743,4
to have made that decision,5790,0.439743,4
of the group will also,5778,0.438832,5
hopes to use the profits,5771,0.4383,15
send his children to school,5765,0.437844,23
returning this season to work,5762,0.437616,5
amt years old and the,5759,0.437389,36
to send his children to,5759,0.437389,27
good area and her primary,5758,0.437313,6
this season to work with,5754,0.437009,4
loan through org loc kiva,5753,0.436933,5
school she is in the,5753,0.436933,16
to grow her business and,5747,0.436477,35
and other items to sell,5741,0.436022,20
the program in amt and,5739,0.43587,3
name from loc she is,5732,0.435338,8
care of her family in,5730,0.435186,13
enterprise development and financial management,5730,0.435186,3
is returning this season to,5725,0.434806,5
hopes this will help her,5721,0.434503,15
purchase seeds and fertilizer to,5719,0.434351,11
two of her children are,5716,0.434123,28
and has three children who,5715,0.434047,33
to quality training and acquire,5711,0.433743,3
loan to buy more stock,5707,0.433439,27
are currently attending school she,5699,0.432832,10
have made that decision because,5699,0.432832,4
this loan to purchase seeds,5698,0.432756,9
region of loc for the,5694,0.432452,4
of loc in the loc,5693,0.432376,5
to be part of the,5687,0.43192,17
entrepreneur she is amt years,5683,0.431617,7
made that decision because since,5676,0.431085,4
loc in the loc region,5666,0.430325,3
name and her family will,5657,0.429642,9
for the past five years,5641,0.428427,32
old and married she has,5639,0.428275,30
she is the mother of,5638,0.428199,34
years old and has five,5624,0.427136,27
quality of her harvest name,5623,0.42706,3
expand her business in the,5621,0.426908,29
maize seeds and fertilizer to,5610,0.426072,4
to buy plot of land,5607,0.425844,24
wants to expand her business,5606,0.425768,35
loc she has been in,5602,0.425465,18
who appears in the photo,5597,0.425085,21
is married woman with five,5596,0.425009,18
is married and the mother,5593,0.424781,34
farm inputs such as seeds,5589,0.424477,11
high quality seeds and fertilizer,5584,0.424098,5
of her children are still,5584,0.424098,24
name who do not have,5576,0.42349,3
she has been running this,5569,0.422958,30
amt year old woman she,5566,0.422731,35
like name who do not,5564,0.422579,3
old and has five children,5553,0.421743,26
has one child who is,5552,0.421667,27
she lives with her husband,5552,0.421667,35
primary customers are locals she,5548,0.421363,6
loan will not only help,5541,0.420832,12
by her community as very,5538,0.420604,3
cookstove please visit www loc,5538,0.420604,3
and has three children name,5529,0.41992,23
to sell in the future,5526,0.419693,19
is asking for loan of,5523,0.419465,20
her children are still in,5516,0.418933,20
old married woman residing in,5501,0.417794,8
org one cookstove to help,5501,0.417794,4
to use her profits to,5490,0.416958,29
old married and blessed with,5485,0.416579,14
use the anticipated income to,5477,0.415971,5
org loc kiva field partner,5473,0.415667,4
the org one cookstove to,5473,0.415667,4
kiva field partner org loc,5471,0.415515,9
for the past few years,5469,0.415364,25
years old married and blessed,5469,0.415364,14
describes her biggest business challenge,5458,0.414528,6
is married with four children,5458,0.414528,36
name aspires to save money,5458,0.414528,3
wanted to be part of,5455,0.4143,3
and promises to repay promptly,5454,0.414224,4
business in the future and,5454,0.414224,21
she has been engaged in,5447,0.413693,25
five children she is married,5440,0.413161,11
grateful for the financial support,5437,0.412933,13
year old married woman she,5430,0.412402,31
name she is amt years,5429,0.412326,24
she requested loan of amt,5424,0.411946,14
this loan to buy farming,5423,0.41187,10
to raise her pigs she,5406,0.410579,4
she has been in the,5401,0.410199,32
to buy fertilizers and other,5397,0.409895,7
through org to buy fertilizers,5393,0.409591,3
raising pigs for amt years,5382,0.408756,9
old married and has four,5378,0.408452,36
dream for the future is,5371,0.407921,17
appears in the photo is,5358,0.406933,15
in addition to farming her,5357,0.406857,6
five years in the future,5351,0.406402,5
for five years in the,5337,0.405338,6
farm inputs such as fertilizers,5314,0.403591,10
amt org loan through kiva,5305,0.402908,21
business for five years in,5294,0.402072,10
at the moment name has,5292,0.401921,10
she is married and the,5284,0.401313,31
the mother of three children,5284,0.401313,35
borrowing kiva loan to buy,5282,0.401161,5
buy items to sell such,5282,0.401161,3
has requested amt org loan,5279,0.400933,12
school at the moment name,5276,0.400705,7
her family standard of living,5273,0.400478,32
name is married woman she,5273,0.400478,16
old she is married with,5272,0.400402,29
time this loan will help,5260,0.39949,10
org loan through kiva field,5257,0.399262,21
two of whom are in,5248,0.398579,27
inputs such as certified seeds,5246,0.398427,4
children all of whom are,5242,0.398123,33
is seeking loan of amt,5238,0.397819,20
in order to expand her,5234,0.397516,34
school for the past amt,5232,0.397364,18
year old married woman residing,5231,0.397288,9
to support his family in,5222,0.396604,21
generate more income to repay,5215,0.396073,3
children three of whom are,5208,0.395541,28
amt years old is married,5207,0.395465,36
to pay back the loan,5207,0.395465,21
org to buy fertilizers and,5203,0.395161,10
for loan of amt through,5191,0.39425,7
to sell in order to,5188,0.394022,30
this year harvest to send,5173,0.392883,3
that she will use to,5163,0.392123,35
name who appears in the,5158,0.391743,11
loc loc she is married,5153,0.391364,16
she wishes to say thanks,5150,0.391136,4
items such as canned goods,5122,0.389009,4
and has been in this,5118,0.388706,31
has been member for few,5116,0.388554,3
been member for few years,5113,0.388326,3
children she is in the,5099,0.387262,22
production through the use of,5087,0.386351,4
sacks of charcoal to sell,5087,0.386351,9
mother of three children she,5070,0.38506,36
members of the group will,5066,0.384756,7
that she has been able,5056,0.383997,18
for the past three years,5053,0.383769,33
she describes her biggest business,5046,0.383237,6
very hard working entrepreneur she,5044,0.383085,3
of amt org from org,5042,0.382933,15
loan to buy seeds and,5039,0.382706,24
married with three children name,5038,0.38263,17
she is borrowing kiva loan,5038,0.38263,5
development and financial management training,5022,0.381414,3
loan of amt to buy,5019,0.381187,19
and the mother of amt,5017,0.381035,32
buy fertilizers and other farm,5013,0.380731,5
to sell from her mother,5005,0.380123,3
income to repay the loan,4994,0.379288,8
and hopes this will help,4992,0.379136,9
that she is able to,4970,0.377465,31
and has amt children she,4962,0.376858,32
her main source of income,4960,0.376706,28
is one of the most,4955,0.376326,23
mother of two children she,4955,0.376326,36
married with five children she,4953,0.376174,27
she has general store business,4953,0.376174,8
some members of the group,4951,0.376022,5
been raising pigs for amt,4950,0.375946,8
business she plans to use,4945,0.375566,26
challenge is the increase in,4944,0.37549,6
through the use of quality,4937,0.374959,3
to sell such as canned,4936,0.374883,3
is amt years old with,4934,0.374731,31
main source of income for,4933,0.374655,29
sell such as canned goods,4932,0.374579,3
use of quality farm inputs,4932,0.374579,3
children name runs general store,4920,0.373668,3
for the last amt years,4913,0.373136,27
loc district in loc she,4910,0.372908,10
year old man who lives,4904,0.372452,27
health of their families and,4902,0.372301,3
been farmer for more than,4892,0.371541,12
has been farmer for more,4891,0.371465,11
her biggest business challenge to,4890,0.371389,6
more income to repay the,4883,0.370858,3
who are in school name,4877,0.370402,18
name has been in the,4873,0.370098,27
name requested this loan from,4869,0.369794,9
improve her standard of living,4868,0.369718,32
source of income for her,4863,0.369339,30
her business she says that,4856,0.368807,9
livestock name has been in,4854,0.368655,4
for amt years and is,4849,0.368275,24
to provide for his family,4840,0.367592,34
applied for loan through org,4839,0.367516,7
she has been doing this,4838,0.36744,30
business she says that the,4836,0.367288,7
to sell to her customers,4834,0.367136,31
more than amt years and,4833,0.36706,25
of living name hopes that,4831,0.366908,6
and has two children name,4827,0.366604,22
farmer for amt years and,4827,0.366604,13
further build her business name,4821,0.366149,4
with the help of loans,4816,0.365769,11
to purchase ingredients for her,4815,0.365693,14
is married and lives with,4813,0.365541,30
group is composed of amt,4808,0.365161,10
she is requesting kiva loan,4797,0.364326,19
fuel and electricity expenses name,4790,0.363794,3
living name hopes that in,4786,0.363491,3
mother of amt children she,4785,0.363415,38
farm inputs such as fertilizer,4775,0.362655,11
thanks to her hard work,4772,0.362427,16
for amt years she has,4758,0.361364,28
of whom are still in,4758,0.361364,23
whom are in school she,4757,0.361288,24
loan which she will use,4756,0.361212,31
in the loc district in,4752,0.360908,15
to provide her family with,4752,0.360908,33
farmer for more than amt,4750,0.360756,16
for the past two years,4743,0.360225,32
lenders for the financial support,4742,0.360149,10
old married and has amt,4726,0.358934,34
wants to thank lenders for,4726,0.358934,6
the use of quality farm,4725,0.358858,3
married with two children name,4719,0.358402,23
whom are still in school,4718,0.358326,22
from remote village in the,4711,0.357794,4
loan from kiva partner org,4702,0.357111,12
name was born in amt,4702,0.357111,11
to use the loan to,4700,0.356959,36
and has one child who,4696,0.356655,27
the mother of two children,4686,0.355896,35
has been in the business,4684,0.355744,31
buy additional sacks of rice,4683,0.355668,4
her dream to build and,4670,0.35468,3
the help of loans from,4665,0.354301,7
the increasing demand for food,4665,0.354301,3
she plans to use this,4664,0.354225,30
requested loan from org loc,4662,0.354073,6
school fees for his children,4659,0.353845,27
piped water her greatest monthly,4654,0.353465,3
demand for food in the,4649,0.353086,4
the loc district in loc,4649,0.353086,12
loc area of loc she,4648,0.35301,6
her to improve her production,4646,0.352858,6
increasing demand for food in,4645,0.352782,3
name plans to use the,4642,0.352554,27
this will help her to,4630,0.351643,35
in order to buy more,4626,0.351339,32
house with access to electricity,4615,0.350503,4
amt loan to buy more,4614,0.350427,8
still in school name is,4609,0.350048,17
to expand her business to,4599,0.349288,33
with access to electricity with,4598,0.349212,3
her primary sources of income,4593,0.348832,6
such as certified seeds and,4593,0.348832,4
from kiva field partner org,4591,0.348681,16
is returning borrower and has,4588,0.348453,3
general store for amt years,4586,0.348301,11
that some members of the,4582,0.347997,3
asking for loan from kiva,4580,0.347845,17
her business she has been,4580,0.347845,30
borrower and has positive credit,4576,0.347541,3
to repay the loan and,4571,0.347162,22
care of her family and,4567,0.346858,27
he hopes you will help,4561,0.346402,6
is buying the org one,4560,0.346326,4
bedroom house with access to,4552,0.345719,4
increase her business she says,4547,0.345339,5
loan from kiva field partner,4547,0.345339,18
hopes and dreams are to,4546,0.345263,12
are in school name has,4543,0.345035,14
to represent his group because,4543,0.345035,3
to buy additional stocks of,4516,0.342984,10
loan she plans to buy,4515,0.342908,25
more income to support her,4515,0.342908,17
requested this loan from org,4514,0.342832,7
name amt years old is,4513,0.342757,33
he has been in this,4503,0.341997,30
from loc loc she is,4501,0.341845,13
loc region of loc she,4501,0.341845,7
name has requested loan to,4500,0.341769,24
through org to purchase more,4496,0.341465,4
she will use it to,4491,0.341086,35
further build her businesses name,4485,0.34063,3
one of her children is,4483,0.340478,27
customers are locals she describes,4480,0.34025,4
this business for eight years,4479,0.340174,24
who are still in school,4478,0.340098,24
from enterprise development and financial,4474,0.339795,3
the general store for amt,4472,0.339643,3
locals she describes her biggest,4467,0.339263,4
are still in school she,4465,0.339111,22
purchase ingredients for her food,4462,0.338883,3
are locals she describes her,4459,0.338655,4
years old and lives with,4454,0.338276,35
able to save enough money,4434,0.336757,18
and has four children name,4430,0.336453,20
loan of amt from org,4428,0.336301,10
has three children name is,4421,0.335769,14
and wants to thank lenders,4420,0.335693,4
name is buying the org,4418,0.335541,4
farm inputs such as certified,4416,0.33539,3
field partner org loc for,4416,0.33539,4
goods personal care products and,4416,0.33539,3
old and married name has,4416,0.33539,8
your loan will enable her,4414,0.335238,4
is why she decided to,4405,0.334554,17
she hopes you will help,4405,0.334554,5
enough to feed her family,4402,0.334326,7
of income for her family,4401,0.33425,27
will use her profits to,4398,0.334022,29
very thankful to kiva and,4392,0.333567,10
earn enough to feed her,4388,0.333263,4
for amt years now she,4375,0.332276,28
personal care products and other,4365,0.331516,6
school she is very hardworking,4359,0.33106,8
amt years old name has,4357,0.330909,29
her business because it gives,4355,0.330757,5
children who are still in,4352,0.330529,21
in order to further develop,4350,0.330377,13
with one child she is,4348,0.330225,24
with the help of org,4342,0.329769,15
business because it gives her,4341,0.329693,5
in the agricultural business in,4336,0.329314,3
thankful to kiva and org,4335,0.329238,8
from the loan will help,4333,0.329086,16
she will repay the social,4329,0.328782,5
to improve her production through,4327,0.32863,3
and blessed with three children,4317,0.327871,16
that with the help of,4315,0.327719,19
order to expand her business,4314,0.327643,30
for the first time this,4313,0.327567,5
her family she has been,4310,0.327339,33
three children two of whom,4308,0.327187,25
he is requesting loan to,4294,0.326124,28
is very thankful to kiva,4290,0.32582,17
she is representing her group,4280,0.32506,7
in this business for eight,4279,0.324985,23
support and promises to repay,4276,0.324757,5
this business for seven years,4271,0.324377,25
the mother of four children,4270,0.324301,34
year old married woman who,4270,0.324301,30
for the financial support and,4268,0.324149,10
this is her second loan,4268,0.324149,26
amt years old and widowed,4267,0.324073,23
etc name has been in,4263,0.323769,6
of whom attend school she,4260,0.323542,23
for loan with org loc,4256,0.323238,4
loans to boost her business,4256,0.323238,5
old and is married with,4256,0.323238,35
family she is grateful to,4253,0.32301,11
amt years old and she,4249,0.322706,37
amt years name says that,4247,0.322554,4
name has requested amt loan,4245,0.322402,5
with the profits from the,4243,0.32225,25
amt years name would like,4241,0.322098,8
to access loans to boost,4232,0.321415,3
org and the kiva community,4231,0.321339,4
pay school fees for his,4231,0.321339,23
who are currently in school,4223,0.320731,18
business for five years now,4208,0.319592,21
has three children she is,4199,0.318909,33
income she will use the,4198,0.318833,20
that is why she is,4194,0.318529,19
no problem with her business,4193,0.318453,3
for loan to buy solar,4191,0.318301,10
is name she is amt,4187,0.317997,14
name hopes to run bigger,4186,0.317921,4
sell in her store she,4185,0.317845,22
her business in order to,4184,0.317769,33
amt years old single and,4181,0.317542,32
to thank lenders for the,4178,0.317314,6
as group leader she is,4177,0.317238,5
this loan to purchase more,4174,0.31701,27
is amt years old is,4168,0.316554,36
name is borrowing amt org,4166,0.316402,5
thank lenders for the opportunity,4165,0.316326,4
working capital she will use,4164,0.31625,11
she plans to use her,4155,0.315567,30
with her family in the,4152,0.315339,27
children who are currently in,4148,0.315035,16
expenses she spends total of,4143,0.314656,3
for amt years name would,4136,0.314124,6
her business because it helps,4127,0.31344,7
married with four children name,4127,0.31344,16
items to sell in her,4120,0.312909,23
inadequate working capital she will,4114,0.312453,6
business she has applied for,4112,0.312301,20
old he is married and,4109,0.312073,25
livestock name has been raising,4101,0.311466,4
he is seeking loan to,4092,0.310782,21
in this business for seven,4090,0.31063,22
the future and wants to,4079,0.309795,10
from loc she is married,4077,0.309643,16
lenders and promises to repay,4077,0.309643,4
energy expenses she spends total,4075,0.309491,3
why she decided to join,4071,0.309187,5
amt year old name she,4069,0.309035,9
lives in loc loc she,4069,0.309035,16
in the future and wants,4068,0.308959,8
future and wants to thank,4059,0.308276,5
name is amt married and,4059,0.308276,25
capital she will use the,4058,0.3082,13
amt in loc loc she,4056,0.308048,3
loan by volunteering amt hours,4056,0.308048,5
her day to day life,4055,0.307972,11
pay his children school fees,4054,0.307896,21
loan in order to buy,4053,0.30782,35
the market and in the,4053,0.30782,6
in the future she hopes,4046,0.307288,33
which is why she decided,4044,0.307137,13
in the market and in,4043,0.307061,9
amt year old married man,4037,0.306605,33
she is married and blessed,4037,0.306605,14
she is happy to have,4036,0.306529,11
children are in school name,4034,0.306377,19
hopes this will increase her,4031,0.306149,17
to org and the kiva,4030,0.306073,5
she spends total of amt,4029,0.305997,4
three children who are in,4024,0.305618,25
to reinvest in her business,4022,0.305466,23
her profits to meet her,4020,0.305314,12
she would like to thank,4019,0.305238,23
with the help of her,4018,0.305162,30
profits from this coming season,4014,0.304858,4
the profits from this coming,4003,0.304023,4
still in school name has,4001,0.303871,18
loc she requested loan of,3999,0.303719,3
business for amt years her,3988,0.302883,20
works amt hours per day,3988,0.302883,6
profits to meet her family,3986,0.302732,11
especially in the sense that,3982,0.302428,4
financial support and promises to,3978,0.302124,5
and blessed with two children,3976,0.301972,14
loan of amt through kiva,3975,0.301896,7
business she would like to,3974,0.30182,33
with six children she is,3974,0.30182,20
his family save the money,3972,0.301668,4
access to electricity with amt,3971,0.301592,4
years old is married and,3970,0.301516,31
improved her day to day,3965,0.301137,3
org from org loc the,3960,0.300757,3
he has been involved in,3959,0.300681,21
are in school name is,3953,0.300225,18
is amt year old widow,3953,0.300225,38
to sell in her food,3951,0.300073,7
hours per week as org,3949,0.299921,5
income for her family she,3948,0.299846,29
her production through the use,3947,0.29977,3
improve her production through the,3945,0.299618,3
sell in her food stall,3945,0.299618,6
for paying back the loan,3942,0.29939,10
is why she is seeking,3935,0.298858,17
her family she is grateful,3931,0.298554,17
leader she is representing her,3930,0.298478,3
is very grateful for the,3923,0.297947,23
old man who lives in,3923,0.297947,21
she decided to join in,3922,0.297871,4
woman residing in loc district,3917,0.297491,3
sustain her business in the,3914,0.297263,3
additional sacks of charcoal to,3911,0.297035,3
for her business she has,3899,0.296124,22
this will increase her production,3899,0.296124,12
has improved her day to,3894,0.295744,3
married woman residing in loc,3894,0.295744,7
retail business where she sells,3887,0.295213,16
she is married with amt,3887,0.295213,31
says that she is happy,3884,0.294985,3
food in the market and,3883,0.294909,5
is amt married and has,3882,0.294833,26
to sustain her business in,3880,0.294681,3
proud of her business because,3879,0.294605,9
will be able to expand,3877,0.294453,29
joined in amt she has,3876,0.294377,3
married woman with six children,3875,0.294301,23
that she is happy to,3873,0.294149,6
of amt from org to,3872,0.294073,8
this loan will help him,3866,0.293618,30
will also be able to,3864,0.293466,32
she can be responsible for,3863,0.29339,6
and the mother of three,3862,0.293314,33
she first joined in amt,3862,0.293314,3
since she first joined in,3858,0.29301,3
and has five children she,3856,0.292858,30
woman with one child she,3855,0.292782,23
first joined in amt she,3847,0.292175,3
plans to use her profits,3847,0.292175,26
to increase her stock of,3847,0.292175,28
six children she is very,3843,0.291871,8
and with the help of,3841,0.291719,22
she will use her profits,3838,0.291491,29
mixed dairy and crop farmer,3837,0.291415,3
electricity with amt other family,3836,0.291339,4
to electricity with amt other,3836,0.291339,4
can be responsible for herself,3835,0.291263,6
loan so that she can,3834,0.291187,34
be responsible for herself and,3832,0.291035,7
hence increasing her income she,3829,0.290808,4
she is requesting this loan,3829,0.290808,31
one child she is very,3826,0.29058,13
to afford to send her,3813,0.289592,6
inputs such as fertilizer and,3811,0.289441,14
farming business in the loc,3810,0.289365,4
org amt she wants to,3809,0.289289,5
he will use this loan,3807,0.289137,29
help her and her family,3807,0.289137,14
use her profits to meet,3806,0.289061,10
because she can be responsible,3803,0.288833,6
who lives with her husband,3803,0.288833,31
from this season to send,3802,0.288757,3
that decision because since she,3800,0.288605,3
area of loc loc she,3799,0.288529,4
independent because she can be,3798,0.288453,6
married woman with one child,3798,0.288453,26
with three children she has,3798,0.288453,27
because since she first joined,3797,0.288377,3
her business is doing well,3796,0.288301,25
amt she wants to purchase,3795,0.288225,5
paid back her previous loan,3793,0.288073,12
decision because since she first,3790,0.287846,3
to school this loan will,3788,0.287694,8
children to school this loan,3787,0.287618,6
to consistently feed his family,3777,0.286858,5
sending her children to school,3771,0.286403,22
the financial support and promises,3770,0.286327,4
able to consistently feed his,3768,0.286175,5
org to purchase feed and,3768,0.286175,3
bought the org one cookstove,3763,0.285795,4
children to school the group,3759,0.285491,4
through org to pay for,3758,0.285415,3
has two children name is,3755,0.285187,16
for amt years now name,3751,0.284884,21
are in school at the,3750,0.284808,7
has two children she is,3750,0.284808,30
from this coming season to,3747,0.28458,3
school she is very hard,3742,0.2842,7
to buy additional items to,3742,0.2842,8
and the mother of two,3734,0.283592,34
be able to increase her,3731,0.283365,33
children in school she works,3731,0.283365,5
of them currently in school,3730,0.283289,6
married with one child she,3729,0.283213,29
mother of four children she,3727,0.283061,36
org loc kiva lending partner,3727,0.283061,3
in loc district loc she,3726,0.282985,11
successfully paid back her previous,3724,0.282833,9
her family quality of life,3722,0.282681,28
with three children she runs,3721,0.282605,15
and has been blessed with,3720,0.282529,10
enough money so that she,3719,0.282453,10
quality of life for her,3718,0.282377,24
of loans from org she,3713,0.281998,4
she will use to improve,3712,0.281922,13
lives with his wife and,3711,0.281846,28
through this loan she will,3711,0.281846,14
has four children name is,3710,0.28177,12
responsible for paying back the,3709,0.281694,8
kiva and their lenders for,3706,0.281466,5
amt years her business is,3702,0.281162,20
like many of her fellow,3700,0.28101,3
inputs such as seeds and,3695,0.28063,12
to earn living she has,3694,0.280555,18
will be able to have,3691,0.280327,24
to help her and her,3690,0.280251,14
business name would like to,3688,0.280099,24
buy additional items to sell,3688,0.280099,8
variety of items such as,3686,0.279947,16
from the loc area of,3683,0.279719,3
which has improved her day,3682,0.279643,3
year old woman who is,3682,0.279643,32
is married and has business,3681,0.279567,7
be responsible for paying back,3680,0.279491,8
in the loc district of,3679,0.279415,15
to improve her production and,3678,0.279339,11
loc he is married and,3677,0.279263,25
this loan she will buy,3677,0.279263,29
amt through kiva field partner,3676,0.279187,7
to use the profits she,3675,0.279112,18
her income she will use,3674,0.279036,20
for loan from kiva partner,3671,0.278808,10
all of whom attend school,3666,0.278428,25
old and the mother of,3666,0.278428,32
for three years in the,3665,0.278352,8
and lives with her husband,3663,0.2782,32
has positive credit history she,3660,0.277972,3
years old and the mother,3657,0.277744,31
past amt years name says,3652,0.277365,5
name requested loan of amt,3651,0.277289,11
improve her family standard of,3650,0.277213,31
past amt years she has,3647,0.276985,26
help by funding her loan,3645,0.276833,6
is always working to improve,3643,0.276681,5
business for three years in,3636,0.27615,10
has been doing this for,3634,0.275998,32
she is the only person,3633,0.275922,14
name bought the org one,3631,0.27577,4
years old she is single,3631,0.27577,28
for the first time in,3627,0.275466,14
them currently in school for,3626,0.27539,4
amt hours per week as,3625,0.275314,5
business has made name independent,3624,0.275238,5
name is married woman and,3621,0.27501,24
will help by funding her,3621,0.27501,6
amt years old married woman,3615,0.274555,28
name is requesting this loan,3615,0.274555,28
in order to help her,3611,0.274251,35
three of her children are,3609,0.274099,27
for free the org amt,3607,0.273947,4
years old and has six,3602,0.273567,25
name will use this loan,3599,0.273339,31
vegetables to sell in her,3596,0.273112,10
to be able to buy,3595,0.273036,33
order to further develop her,3591,0.272732,11
children all of her children,3590,0.272656,22
back her previous loan and,3589,0.27258,9
in loc loc he is,3589,0.27258,18
be inadequate working capital she,3586,0.272352,6
that will be used to,3586,0.272352,25
her and her family save,3585,0.272276,4
sells variety of items such,3585,0.272276,10
increasing her income she will,3582,0.272048,8
is amt year old refugee,3581,0.271972,4
the quality of life for,3580,0.271896,21
she wants to increase her,3579,0.27182,33
name will repay the social,3578,0.271744,5
store for amt years and,3578,0.271744,13
the first time in amt,3577,0.271669,6
is often described by her,3576,0.271593,3
never had the opportunity to,3576,0.271593,6
through her own efforts and,3575,0.271517,5
of goods in the market,3572,0.271289,4
to buy feed vitamins and,3572,0.271289,3
old and has six children,3568,0.270985,21
and married with amt children,3567,0.270909,33
and their lenders for the,3564,0.270681,6
amt acres of land additionally,3563,0.270605,3
to increase her business she,3560,0.270377,25
always working to improve her,3558,0.270226,5
one cookstove to help her,3558,0.270226,4
to pay his children school,3558,0.270226,20
is requesting loan to purchase,3554,0.269922,35
help by funding his loan,3552,0.26977,6
is amt year old lady,3548,0.269466,24
old and married with amt,3547,0.26939,34
she is seeking this loan,3547,0.26939,23
of org amt she wants,3546,0.269314,5
to improve her living conditions,3546,0.269314,29
loan from org to purchase,3544,0.269162,18
of life for her family,3537,0.268631,18
married and blessed with three,3536,0.268555,14
school this loan will not,3535,0.268479,3
to expand her business by,3535,0.268479,32
will help by funding his,3534,0.268403,6
she describes herself to be,3532,0.268251,6
still in school she is,3531,0.268175,20
living with her family in,3530,0.268099,22
to her family well being,3529,0.268023,18
for this loan to buy,3525,0.267719,26
prices of goods in the,3525,0.267719,4
earn living she has been,3521,0.267415,15
is the increase in prices,3518,0.267188,4
spends total of amt on,3518,0.267188,3
this new loan she will,3518,0.267188,18
to improve the quality of,3515,0.26696,30
provide food and clothing for,3513,0.266808,6
struggles with charcoal energy expenses,3513,0.266808,3
her own efforts and with,3512,0.266732,4
for amt years name has,3511,0.266656,22
the past amt years now,3510,0.26658,18
of loc loc she is,3508,0.266428,15
one of whom is in,3508,0.266428,26
children are currently attending school,3507,0.266352,10
the increase in prices of,3507,0.266352,9
to earn an income she,3507,0.266352,23
operates retail business where she,3505,0.2662,10
year old woman she is,3505,0.2662,34
and her family save the,3504,0.266124,4
at her local secondary school,3502,0.265972,5
use the loan to purchase,3500,0.26582,34
pay her children school fees,3499,0.265745,31
name has borrowed and repaid,3498,0.265669,6
old and is married woman,3496,0.265517,13
and married with seven children,3493,0.265289,23
woman with six children she,3491,0.265137,17
this is his first loan,3490,0.265061,21
she has been operating her,3487,0.264833,22
three children between the ages,3487,0.264833,17
and is now proud to,3486,0.264757,3
for her family name hopes,3486,0.264757,13
be able to expand her,3485,0.264681,31
free the org amt clean,3481,0.264377,4
the leader of the group,3481,0.264377,16
total of amt on all,3481,0.264377,3
on all of her fuel,3478,0.26415,3
to improve her business and,3478,0.26415,36
save enough money so that,3474,0.263846,8
efforts and with the help,3472,0.263694,3
of whom is in school,3472,0.263694,25
responsible for herself and also,3472,0.263694,6
years and is now proud,3472,0.263694,3
kiva lenders for their support,3466,0.263238,25
to cultivate amt acres of,3466,0.263238,4
amt org loan to buy,3463,0.26301,20
and works amt hours per,3463,0.26301,4
children still in school name,3460,0.262783,3
cultivate amt acres of land,3460,0.262783,3
through org loc kiva field,3460,0.262783,4
in amt and decided to,3458,0.262631,4
own efforts and with the,3458,0.262631,3
with her husband and children,3457,0.262555,32
children are currently in school,3456,0.262479,14
loc and has been in,3456,0.262479,11
pig raising business in the,3451,0.262099,3
old and married with seven,3450,0.262023,21
is married woman she has,3446,0.261719,16
org which she will use,3445,0.261643,23
his business is located in,3443,0.261491,18
use to improve her production,3443,0.261491,4
for amt years her business,3439,0.261188,19
is living together with her,3439,0.261188,3
loc she will use this,3438,0.261112,11
loan will allow her to,3437,0.261036,30
means that she is able,3436,0.26096,4
child who is in school,3433,0.260732,21
her fuel and electricity expenses,3432,0.260656,3
to provide food and clothing,3432,0.260656,6
care products and other groceries,3431,0.26058,5
his primary customers are locals,3431,0.26058,7
business for five years she,3430,0.260504,24
married with three children with,3429,0.260428,9
representing his group of amt,3429,0.260428,3
she is applying for this,3427,0.260276,23
she has been member for,3425,0.260124,9
her businesses name has been,3422,0.259896,3
to purchase items to sell,3422,0.259896,7
of amt on all of,3421,0.259821,3
decided she wanted to be,3420,0.259745,3
this means that she is,3419,0.259669,3
she is proud of her,3418,0.259593,15
to provide financial services to,3418,0.259593,7
with two children she has,3418,0.259593,28
and his primary customers are,3415,0.259365,8
to support her family and,3414,0.259289,34
of her business because it,3413,0.259213,10
use the increased income to,3410,0.258985,7
improve the quality of her,3406,0.258681,27
three children name works hard,3405,0.258605,9
and hopes to use the,3401,0.258302,4
her biggest dreams are to,3401,0.258302,6
and mother of amt children,3400,0.258226,39
been in the business for,3400,0.258226,30
pigs she has been in,3395,0.257846,5
married and the father of,3391,0.257542,29
take care of her children,3391,0.257542,33
with three children she works,3390,0.257466,15
be able to have light,3388,0.257314,5
year old name she is,3387,0.257238,8
amt is married and has,3383,0.256934,31
and is representing her group,3381,0.256783,4
living together with her partner,3373,0.256175,3
name applied for loan through,3371,0.256023,5
years old and widowed with,3371,0.256023,17
years of hands on experience,3370,0.255947,3
to further develop her business,3367,0.255719,24
an amt org loan through,3366,0.255643,11
all of her fuel and,3362,0.25534,3
her business she plans to,3361,0.255264,34
and electricity expenses name bought,3360,0.255188,3
the main source of income,3357,0.25496,26
production and make more income,3356,0.254884,3
will use to improve her,3355,0.254808,13
for the past ten years,3354,0.254732,30
has four children she is,3352,0.25458,29
of her fuel and electricity,3352,0.25458,3
old married and has five,3349,0.254352,34
her attain her dream of,3345,0.254048,6
kiva loan to buy more,3345,0.254048,14
three children all of whom,3345,0.254048,29
has been in the pig,3344,0.253972,6
this year by continuing to,3344,0.253972,5
year by continuing to work,3344,0.253972,5
she would like loan of,3341,0.253745,5
to pay back her loan,3340,0.253669,19
partner the loan will be,3339,0.253593,5
she successfully paid back her,3339,0.253593,7
requested an amt org loan,3338,0.253517,3
expenses name bought the org,3337,0.253441,3
increase in prices of goods,3334,0.253213,3
area and his primary customers,3330,0.252909,7
is proud of her business,3330,0.252909,11
whom are in school at,3329,0.252833,6
her children to school in,3328,0.252757,15
volunteering amt hours per week,3323,0.252378,5
better one this year by,3321,0.252226,5
by volunteering amt hours per,3321,0.252226,5
one this year by continuing,3321,0.252226,5
with two children in school,3319,0.252074,13
than amt years and is,3318,0.251998,14
the future she hopes to,3318,0.251998,32
name attended school up to,3314,0.251694,3
with students at her local,3314,0.251694,5
has been farming for the,3313,0.251618,15
electricity expenses name bought the,3312,0.251542,3
profits she will be able,3310,0.25139,22
profits from this season harvest,3309,0.251314,4
business for five years and,3308,0.251238,25
is married with five children,3308,0.251238,34
this loan to buy farm,3308,0.251238,9
improve their standard of living,3303,0.250859,29
entrepreneur she is married and,3302,0.250783,10
food and clothing for her,3301,0.250707,14
whom are in school name,3301,0.250707,17
working to improve her family,3296,0.250327,10
previous loans were repaid successfully,3294,0.250175,4
but also contribute to the,3291,0.249947,6
is the group representative she,3290,0.249871,5
loc he is amt years,3289,0.249795,22
to buy sacks of feed,3289,0.249795,5
org through org to purchase,3287,0.249643,3
is married woman with six,3283,0.24934,15
invest in the purchase of,3281,0.249188,17
loan to pay for additional,3280,0.249112,9
still in school she works,3280,0.249112,9
is requesting amt org loan,3278,0.24896,15
her children are currently attending,3277,0.248884,7
the income from the loan,3277,0.248884,12
to meet the needs of,3277,0.248884,33
to pay for materials and,3276,0.248808,3
have better one this year,3273,0.24858,6
many people come to buy,3271,0.248428,8
hopes to be able to,3268,0.2482,30
of loc she is amt,3268,0.2482,21
for five years now and,3267,0.248124,19
applied for amt org loan,3265,0.247973,21
but struggles with charcoal energy,3262,0.247745,3
fees for her children she,3255,0.247213,23
students at her local secondary,3254,0.247137,5
kiva field partner org microfinance,3253,0.247061,3
her dream of saving enough,3252,0.246985,4
stove please visit www loc,3247,0.246605,3
the loan will help her,3238,0.245922,32
to sell name has borrowed,3238,0.245922,3
and clothing for her family,3231,0.24539,13
to buy farming inputs which,3231,0.24539,4
the help of her husband,3227,0.245086,24
like loan of amt from,3226,0.245011,3
married and has six children,3226,0.245011,34
one child who is in,3226,0.245011,21
profits will be used to,3226,0.245011,22
the group representative she is,3225,0.244935,7
with two children she works,3225,0.244935,19
her greatest monthly expense is,3224,0.244859,4
the loan to buy more,3223,0.244783,32
name is grateful for the,3222,0.244707,20
name is member of the,3220,0.244555,9
currently in school name has,3219,0.244479,8
she operates retail business where,3215,0.244175,8
appreciation to org and the,3214,0.244099,3
six children she is married,3214,0.244099,7
and two of her children,3213,0.244023,18
asks for loan of amt,3213,0.244023,8
name is very thankful to,3213,0.244023,15
with two children she runs,3212,0.243947,16
able to have light during,3210,0.243795,4
with two children who are,3210,0.243795,25
name is happily married and,3209,0.243719,6
now name would like to,3209,0.243719,13
and has one child she,3208,0.243643,33
livestock name would like to,3208,0.243643,3
money so that she can,3206,0.243492,24
he will use the anticipated,3205,0.243416,6
to raise her livestock she,3204,0.24334,3
she is borrowing amt org,3199,0.24296,5
she joined org in amt,3198,0.242884,7
monthly income of amt org,3197,0.242808,6
with her family in loc,3197,0.242808,27
married and blessed with two,3195,0.242656,13
requesting loan of amt org,3195,0.242656,19
home care products and other,3194,0.24258,4
running this business for amt,3192,0.242428,25
have light during dark hours,3187,0.242049,3
children to be able to,3184,0.241821,18
married with one child name,3184,0.241821,16
in the photo is amt,3180,0.241517,20
in small village in loc,3177,0.241289,11
amt org from org loc,3174,0.241061,6
to pay for her children,3174,0.241061,36
primary sources of income are,3173,0.240985,6
for loan to buy more,3171,0.240833,28
amt other family members including,3170,0.240757,3
name is seeking loan of,3170,0.240757,16
woman from loc loc she,3169,0.240681,10
she is married business woman,3168,0.240606,3
to finance her business she,3166,0.240454,8
requires the use of modern,3165,0.240378,4
the only source of income,3163,0.240226,29
children all of whom attend,3162,0.24015,22
farming requires the use of,3162,0.24015,5
will be responsible for paying,3162,0.24015,9
better life for her family,3161,0.240074,28
modern farming requires the use,3160,0.239998,4
store she has been in,3160,0.239998,12
the use of modern techniques,3160,0.239998,3
she aspires to save money,3159,0.239922,5
high quality seeds and fertilizers,3158,0.239846,7
loan she is going to,3157,0.23977,19
this loan from org to,3156,0.239694,12
with three children between the,3152,0.23939,13
and sell ready to wear,3150,0.239238,3
married and lives with her,3145,0.238859,32
school and live at home,3145,0.238859,3
with the profits from this,3145,0.238859,25
expenses he spends total of,3144,0.238783,3
this loan to buy additional,3144,0.238783,20
to take care of his,3141,0.238555,31
additional income from general store,3138,0.238327,3
and lives with her family,3138,0.238327,29
he spends total of amt,3138,0.238327,3
and the mother of four,3137,0.238251,31
her food production business she,3136,0.238175,4
able to buy plot of,3135,0.238099,10
seeking loan of amt org,3135,0.238099,15
amt year old woman from,3133,0.237947,22
his hopes and dreams for,3127,0.237492,12
is married business woman with,3125,0.23734,3
from org to purchase more,3123,0.237188,11
them by funding this loan,3121,0.237036,3
and has five children name,3120,0.23696,14
for helping them by funding,3120,0.23696,3
helping them by funding this,3120,0.23696,3
for the past six years,3119,0.236884,29
to buy feed and vitamins,3119,0.236884,5
and send her children to,3116,0.236656,19
her children are currently in,3116,0.236656,12
for the past four years,3114,0.236504,28
her business she will use,3112,0.236352,30
the photo with her hand,3111,0.236276,10
in amt she has been,3110,0.2362,12
this loan to improve their,3110,0.2362,9
no problems with her business,3109,0.236125,5
old and lives with her,3108,0.236049,33
year old married woman living,3107,0.235973,16
seeking loan to buy more,3106,0.235897,20
loan to buy solar kit,3103,0.235669,3
amt years and is now,3100,0.235441,11
enable her to grow more,3099,0.235365,3
her business she has applied,3095,0.235061,16
that she can afford to,3094,0.234985,11
district she is amt years,3090,0.234682,12
improve the quality of life,3090,0.234682,23
to be able to study,3089,0.234606,12
is amt years of age,3086,0.234378,34
is to expand her business,3086,0.234378,30
org amt cookstove to help,3086,0.234378,4
cook stove please visit www,3085,0.234302,4
amt years old she lives,3083,0.23415,33
in the heart of loc,3083,0.23415,11
will use her loan to,3083,0.23415,34
thanks and gives appreciation to,3082,0.234074,4
old is married and has,3081,0.233998,31
energy expenses he spends total,3080,0.233922,3
amt org which she will,3077,0.233694,13
is married amt years old,3077,0.233694,21
will be able to improve,3075,0.233542,33
says thanks and gives appreciation,3072,0.233314,4
married and has been blessed,3071,0.233238,10
of amt through kiva field,3068,0.233011,6
to sell for her business,3068,0.233011,10
by funding this loan to,3064,0.232707,3
funding this loan to improve,3064,0.232707,3
are in school name works,3063,0.232631,11
they live in the same,3063,0.232631,7
year old married woman from,3060,0.232403,14
amt she has been able,3059,0.232327,8
and has general store in,3059,0.232327,3
the loan to purchase more,3058,0.232251,23
the opportunity to attend school,3058,0.232251,5
with four children she works,3057,0.232175,16
because she wanted to help,3056,0.232099,9
her store she has been,3056,0.232099,10
married with two children with,3056,0.232099,11
year old married woman and,3056,0.232099,31
photo with her hand raised,3055,0.232023,9
requested loan in the amount,3055,0.232023,12
she faces major challenge of,3053,0.231871,4
and blessed with four children,3048,0.231492,14
with three children name works,3048,0.231492,10
org to help improve her,3047,0.231416,6
inputs is the pillar of,3046,0.23134,3
light during dark hours for,3046,0.23134,3
will be able to build,3041,0.23096,24
attain her dream of saving,3037,0.230656,4
learned the trade from her,3037,0.230656,8
first loan with org microfinance,3036,0.23058,3
she is requesting loan of,3035,0.230504,19
had the opportunity to attend,3034,0.230428,5
other family members including amt,3029,0.230049,3
she is going to buy,3029,0.230049,22
rice to sell name has,3028,0.229973,3
with two children name works,3028,0.229973,10
her dream for the future,3023,0.229593,15
repay her loan on time,3023,0.229593,16
better future for her family,3020,0.229365,25
expenses name is buying the,3020,0.229365,3
amt year old married mother,3019,0.229289,33
has farm where she grows,3019,0.229289,8
be able to buy plot,3018,0.229213,10
help him and his family,3018,0.229213,13
lives in multi bedroom house,3017,0.229137,4
sources of income have been,3016,0.229061,6
spent every month on fuel,3015,0.228985,4
build her business name has,3011,0.228682,5
also earns some income from,3007,0.228378,4
years old and married woman,3006,0.228302,18
agriculture has become exceedingly dynamic,3005,0.228226,3
the mother of five children,3005,0.228226,31
one child still in school,3004,0.22815,7
her production and make more,3002,0.227998,7
the basic needs of her,3002,0.227998,27
that will enable her to,3000,0.227846,25
this business for one year,3000,0.227846,18
amt and has benefited from,2999,0.22777,6
married amt years old and,2999,0.22777,21
in the modern world agriculture,2998,0.227694,3
is happily married and has,2997,0.227618,10
name is single woman with,2995,0.227466,10
to have light during dark,2994,0.22739,3
five years now and has,2993,0.227314,8
is applying for loan to,2993,0.227314,31
she is married with three,2993,0.227314,34
is married and lives in,2992,0.227239,30
name is returning borrower and,2992,0.227239,4
is married woman with one,2990,0.227087,21
branch she is married with,2987,0.226859,3
etc to increase her business,2987,0.226859,4
to purchase additional boxes of,2987,0.226859,5
water her greatest monthly expense,2987,0.226859,3
for amt years and has,2985,0.226707,27
she has been working in,2983,0.226555,28
this loan name will be,2983,0.226555,25
to help him and his,2982,0.226479,7
to take out loan to,2980,0.226327,22
her family name hopes that,2979,0.226251,8
the anticipated income to provide,2979,0.226251,3
money spent every month on,2977,0.226099,4
to buy seeds and fertilizer,2977,0.226099,22
biggest dreams are to become,2976,0.226023,3
the needs of her family,2975,0.225947,31
for amt years she is,2974,0.225871,31
hard to manage her retail,2973,0.225796,3
years name aspires to save,2973,0.225796,3
source of income for the,2972,0.22572,25
started the business with her,2971,0.225644,9
be inspired to support name,2970,0.225568,3
loan to purchase farm inputs,2970,0.225568,9
years old married and mother,2967,0.22534,30
married with amt children she,2966,0.225264,30
applied for loan to buy,2962,0.22496,28
continue sending her children to,2961,0.224884,11
the modern world agriculture has,2961,0.224884,3
and improve the quality of,2959,0.224732,24
loan she was able to,2957,0.22458,25
modern world agriculture has become,2957,0.22458,3
of charcoal to sell name,2957,0.22458,7
stove is biomass and solar,2957,0.22458,4
who tries her utmost to,2957,0.22458,8
is married and has five,2950,0.224049,36
cook stove is biomass and,2945,0.223669,4
loc loc she is amt,2945,0.223669,15
kiva and field partner org,2944,0.223593,3
and vitamins for her pigs,2943,0.223517,3
years now name would like,2943,0.223517,6
and its partners for the,2941,0.223365,7
clean cook stove is biomass,2941,0.223365,4
inputs such as high quality,2941,0.223365,3
is to be able to,2941,0.223365,30
take care of his family,2941,0.223365,30
is the mother of amt,2940,0.223289,29
food for her family name,2939,0.223213,11
items to her customers around,2939,0.223213,3
loc name requested loan of,2936,0.222985,3
she will use the profits,2936,0.222985,32
her loan by volunteering amt,2932,0.222682,5
market she requested this loan,2932,0.222682,4
she hopes that in the,2932,0.222682,15
standard of living in the,2929,0.222454,16
the market she requested this,2929,0.222454,3
is grateful for the support,2926,0.222226,19
in good area and his,2925,0.22215,6
name is married and lives,2921,0.221846,24
years his business is located,2918,0.221618,11
good area and his primary,2916,0.221466,6
him and his family save,2916,0.221466,3
the org amt cookstove to,2916,0.221466,4
expand her business she has,2914,0.221315,26
in the market she requested,2914,0.221315,4
amt year old single mother,2913,0.221239,32
for herself and also help,2913,0.221239,6
four children name works hard,2913,0.221239,9
old married and has one,2913,0.221239,33
are currently attending school while,2912,0.221163,4
with four children she runs,2912,0.221163,11
with three children who are,2910,0.221011,23
field partner the loan will,2909,0.220935,7
in her store she has,2906,0.220707,12
is the leader of the,2905,0.220631,17
and is the mother of,2904,0.220555,29
essential farm inputs such as,2904,0.220555,4
name is resident of loc,2901,0.220327,9
primary sources of income have,2898,0.220099,3
for her children she is,2896,0.219947,27
has managed to give her,2896,0.219947,6
to meet the demands of,2896,0.219947,30
two children name works hard,2895,0.219872,9
and electricity expenses name is,2893,0.21972,3
her business she would like,2893,0.21972,30
she lives in loc loc,2890,0.219492,14
her family she is single,2889,0.219416,9
is her first loan with,2889,0.219416,18
world agriculture has become exceedingly,2889,0.219416,3
had no problem with her,2884,0.219036,3
who lives in multi bedroom,2884,0.219036,4
four children two of whom,2882,0.218884,28
she has been farmer for,2880,0.218732,18
to help her husband with,2879,0.218656,30
electricity expenses name is buying,2878,0.21858,3
will be able to purchase,2878,0.21858,32
married woman and mother of,2877,0.218504,29
will use the anticipated income,2877,0.218504,5
sell in the local market,2873,0.218201,22
and pay school fees for,2872,0.218125,25
married with four children with,2870,0.217973,9
area of loc she is,2869,0.217897,12
name is very grateful to,2867,0.217745,16
loan to improve their living,2864,0.217517,6
to sell in the local,2861,0.217289,21
in the sense that she,2857,0.216985,4
business of raising pigs in,2855,0.216834,3
loc she is married with,2855,0.216834,21
all of whom are in,2852,0.216606,30
has borrowed and repaid amt,2852,0.216606,4
and his family save the,2848,0.216302,3
name is requesting kiva loan,2848,0.216302,19
the sense that she has,2846,0.21615,3
he will use the amt,2844,0.215998,5
her children to school the,2841,0.21577,8
so that she can afford,2841,0.21577,14
amt cows amt sheep and,2839,0.215618,3
both of her children are,2839,0.215618,20
name is the mother of,2838,0.215542,26
requested loan of amt through,2837,0.215466,4
children are in school she,2836,0.215391,22
has four children who are,2836,0.215391,27
has requested loan to buy,2836,0.215391,28
make more income to support,2835,0.215315,6
kiva field partner org to,2834,0.215239,19
to help her family save,2832,0.215087,4
would like to expand her,2832,0.215087,30
has been doing this business,2831,0.215011,28
the money spent every month,2830,0.214935,3
woman she is amt years,2830,0.214935,24
and other supplies for raising,2828,0.214783,3
thanks to her daily efforts,2827,0.214707,4
to support her three children,2826,0.214631,10
married with five children name,2825,0.214555,17
to kiva and its lenders,2825,0.214555,9
married with six children she,2824,0.214479,27
save the money spent every,2823,0.214403,3
from kiva partner org to,2820,0.214175,6
the loan she will be,2820,0.214175,25
loan to be able to,2816,0.213872,33
to buy items such as,2815,0.213796,19
to increase her income from,2815,0.213796,13
my better world program with,2814,0.21372,5
farmer from remote village in,2813,0.213644,3
amt children amt of whom,2812,0.213568,27
better world program with students,2812,0.213568,5
world program with students at,2811,0.213492,5
org to buy variety of,2810,0.213416,6
loan of org amt to,2807,0.213188,18
cookstove to help her family,2802,0.212808,4
her family financial needs and,2798,0.212504,8
name is requesting amt org,2798,0.212504,11
is often referred to as,2797,0.212429,3
repaid amt loans from org,2797,0.212429,6
and repaid amt loans from,2796,0.212353,4
loan to increase her stock,2796,0.212353,25
name has requested loan from,2796,0.212353,22
program with students at her,2794,0.212201,5
past amt years now and,2793,0.212125,9
also help support her family,2792,0.212049,8
will use it to buy,2792,0.212049,28
has had no problem with,2789,0.211821,3
kindly requesting loan that will,2789,0.211821,3
order to help her husband,2787,0.211669,29
meet her family financial needs,2786,0.211593,11
loan name will be able,2785,0.211517,25
name is married woman who,2785,0.211517,22
sell in the future name,2785,0.211517,10
only source of income for,2784,0.211441,26
she is married with two,2784,0.211441,35
loc for the past amt,2782,0.211289,15
requested loan to pay for,2782,0.211289,14
money in order to expand,2781,0.211213,9
the org one to help,2780,0.211137,3
his main source of income,2777,0.21091,24
and also help support her,2776,0.210834,8
more income for her family,2776,0.210834,21
an average income of amt,2775,0.210758,7
loc district she is amt,2774,0.210682,8
able to support her family,2773,0.210606,32
herself and also help support,2771,0.210454,6
family save the money spent,2769,0.210302,5
and is often referred to,2768,0.210226,3
borrowed and repaid amt loans,2766,0.210074,6
its partners for the support,2766,0.210074,5
buying the org one to,2763,0.209846,3
improve her family quality of,2763,0.209846,27
is kindly requesting loan that,2763,0.209846,3
has been in business for,2762,0.20977,29
grateful to kiva and its,2760,0.209618,7
the quality and quantity of,2759,0.209543,16
fees for her children and,2756,0.209315,26
has always wanted to increase,2752,0.209011,3
has requested loan from org,2750,0.208859,18
she is always working to,2749,0.208783,5
the support of the lenders,2749,0.208783,16
improve her production and make,2748,0.208707,3
is seeking amt org loan,2745,0.208479,6
meet the demands of her,2745,0.208479,29
org to purchase additional materials,2745,0.208479,4
woman she is married and,2745,0.208479,31
where many people come to,2742,0.208251,4
meet the needs of her,2739,0.208024,31
their lenders for the financial,2739,0.208024,5
and has four children who,2737,0.207872,29
has applied for loan to,2737,0.207872,27
so that she can buy,2737,0.207872,35
of her family and to,2736,0.207796,28
this loan she plans to,2731,0.207416,31
hard to support her three,2730,0.20734,6
is married and mother of,2730,0.20734,34
with this loan name will,2730,0.20734,29
is still in school name,2727,0.207112,14
to enhance her farm productivity,2726,0.207036,3
loan of amt org she,2720,0.206581,15
care of her family needs,2719,0.206505,18
live in the same village,2717,0.206353,8
she is applying for loan,2717,0.206353,31
has amt children she has,2714,0.206125,24
years old and single she,2714,0.206125,31
her children in the future,2711,0.205897,22
is very grateful to kiva,2711,0.205897,17
years now and works amt,2706,0.205517,4
be able to pay back,2705,0.205441,17
now and works amt hours,2705,0.205441,4
she is very excited about,2704,0.205365,6
her business and increase her,2702,0.205213,35
primary customers are locals he,2701,0.205137,6
to buy additional stock of,2701,0.205137,12
was born in amt and,2701,0.205137,11
provide for her family and,2700,0.205062,30
amt year old woman living,2698,0.20491,25
has made name independent because,2698,0.20491,5
to meet her family financial,2698,0.20491,10
in this business for one,2697,0.204834,17
agriculture is one of the,2694,0.204606,6
has five children name is,2694,0.204606,9
to increase her income by,2691,0.204378,16
she wants to improve her,2690,0.204302,31
loan will help to improve,2688,0.20415,18
in school and live at,2686,0.203998,3
products and other groceries name,2685,0.203922,4
has applied for amt org,2682,0.203694,21
one of the most competitive,2682,0.203694,3
children she describes herself to,2681,0.203619,4
feed and other supplies for,2679,0.203467,6
org for the first time,2677,0.203315,9
has requested loan to pay,2675,0.203163,13
she has requested loan from,2675,0.203163,27
profits to pay school fees,2674,0.203087,13
has farmed for the past,2672,0.202935,3
she has managed to give,2672,0.202935,6
them to remain in school,2672,0.202935,6
amt years old and mother,2670,0.202783,32
to increase the number of,2670,0.202783,31
in his village there is,2669,0.202707,5
to build house for her,2668,0.202631,26
his village there is no,2667,0.202555,4
such as high quality seeds,2667,0.202555,3
in loc district she is,2666,0.202479,11
this will enable her to,2665,0.202403,34
her three children she is,2664,0.202327,17
living she has been in,2664,0.202327,15
decent life she is amt,2661,0.2021,6
in order to have access,2661,0.2021,11
order to have access to,2660,0.202024,11
four children between the ages,2658,0.201872,17
and blessed with amt children,2657,0.201796,12
children she is single and,2655,0.201644,10
her dream is to have,2654,0.201568,19
been farming for the past,2651,0.20134,14
to buy different varieties of,2651,0.20134,8
standard of living name hopes,2648,0.201112,9
with four children she has,2648,0.201112,24
to further develop her farm,2647,0.201036,5
is to grow her business,2646,0.20096,25
grows crops and raises livestock,2644,0.200808,7
her business she will be,2644,0.200808,25
she and her husband are,2643,0.200732,29
woman who is amt years,2643,0.200732,27
he lives with his family,2642,0.200657,29
and lives with his family,2641,0.200581,21
children she lives with her,2641,0.200581,35
the health of his family,2641,0.200581,9
feed her family which has,2639,0.200429,3
three of whom are in,2639,0.200429,23
describes his biggest business challenge,2637,0.200277,6
is amt year old farmer,2635,0.200125,23
her other source of income,2633,0.199973,10
support her three children she,2631,0.199821,4
are to become independent and,2630,0.199745,3
this loan will enable her,2630,0.199745,30
use her loan to buy,2627,0.199517,29
her family which has improved,2625,0.199365,3
thanks you for your support,2625,0.199365,22
additional items to sell like,2623,0.199213,3
been doing this business for,2623,0.199213,28
she has general store in,2623,0.199213,3
support his family in his,2622,0.199138,5
farm where she grows crops,2620,0.198986,3
married and blessed with four,2620,0.198986,15
family which has improved her,2619,0.19891,3
is representing his group of,2619,0.19891,3
always wanted to increase her,2617,0.198758,3
has requested loan from kiva,2617,0.198758,17
wanted to increase her income,2617,0.198758,6
she would like to buy,2615,0.198606,30
below what they could be,2612,0.198378,3
amt years old and widow,2611,0.198302,30
name is requesting loan of,2608,0.198074,19
the loan and improve her,2605,0.197846,8
she was able to buy,2604,0.19777,24
and other materials needed for,2601,0.197543,12
has meant that she has,2600,0.197467,4
purchase items to sell like,2599,0.197391,3
vitamins to raise her pigs,2597,0.197239,3
and is married woman with,2595,0.197087,12
production modern farming requires the,2590,0.196707,3
requesting loan to buy more,2590,0.196707,32
years of farming experience she,2588,0.196555,7
she has amt children she,2586,0.196403,26
and make more income to,2583,0.196176,8
very grateful for the support,2583,0.196176,18
the age of amt years,2582,0.1961,17
business she will use her,2580,0.195948,22
is requesting loan from org,2579,0.195872,22
to her hard work and,2579,0.195872,12
lives in the loc area,2578,0.195796,10
other family members name works,2577,0.19572,4
four children three of whom,2576,0.195644,26
enough money to afford to,2574,0.195492,4
now she will be able,2574,0.195492,7
and other items she has,2573,0.195416,17
to invest in the purchase,2573,0.195416,17
she is single mother with,2572,0.19534,22
amt years old with three,2571,0.195264,21
money to afford to send,2567,0.19496,3
married and lives with his,2566,0.194884,22
for amt org loan through,2563,0.194657,22
and vitamins to raise her,2562,0.194581,3
name has been involved in,2562,0.194581,20
it name would like to,2561,0.194505,7
hopes for your help and,2560,0.194429,5
loan from org loc to,2559,0.194353,7
amt because she wanted to,2557,0.194201,5
this is her third loan,2556,0.194125,22
amt years old with two,2555,0.194049,20
in amt because she wanted,2554,0.193973,5
business will be used to,2552,0.193821,18
there is need to use,2551,0.193745,3
for the financial support rendered,2550,0.193669,4
she has been working alongside,2550,0.193669,5
she has been doing for,2549,0.193593,33
to repay her loan on,2548,0.193517,14
more than amt years she,2547,0.193441,31
her children to school this,2545,0.193289,8
his family save money on,2545,0.193289,4
to her daily efforts she,2545,0.193289,4
will be able to open,2545,0.193289,15
and change her family living,2544,0.193214,6
the past amt years and,2544,0.193214,27
family members name works as,2543,0.193138,4
years old and she is,2543,0.193138,35
why she is seeking loan,2541,0.192986,16
help her family save the,2539,0.192834,4
the business with her own,2538,0.192758,9
with three children two of,2537,0.192682,21
esteem and motivating them to,2534,0.192454,5
self esteem and motivating them,2534,0.192454,5
clothing for her family she,2533,0.192378,6
in multi bedroom house with,2533,0.192378,4
children four of whom are,2532,0.192302,24
with four children name works,2530,0.19215,7
name lives in the loc,2529,0.192074,16
save money in order to,2527,0.191922,16
old woman who is married,2525,0.191771,29
made name independent because she,2523,0.191619,5
use on their farms name,2523,0.191619,3
buy plot of land and,2522,0.191543,20
far below what they could,2522,0.191543,3
to purchase additional stock of,2521,0.191467,13
two children one of whom,2518,0.191239,27
efforts she has managed to,2517,0.191163,6
name will be assured of,2517,0.191163,4
old married woman living in,2517,0.191163,14
farmer who has farmed for,2516,0.191087,3
her daily efforts she has,2510,0.190631,3
name independent because she can,2510,0.190631,5
amt and although she is,2509,0.190555,3
loc name has applied for,2509,0.190555,6
years old with three children,2508,0.190479,19
income to pay school fees,2507,0.190403,9
she grows crops and raises,2507,0.190403,5
daily efforts she has managed,2505,0.190252,3
other materials needed for her,2505,0.190252,5
the increased income to provide,2502,0.190024,5
the demands of her customers,2501,0.189948,31
loan she will use it,2500,0.189872,19
name is grateful to kiva,2498,0.18972,17
people come to buy goods,2498,0.18972,6
running her business has made,2494,0.189416,5
is requesting loan to pay,2493,0.18934,22
and personal care products she,2492,0.189264,4
to expand his business and,2491,0.189188,34
generate greater profits and improve,2488,0.18896,3
her livestock she has been,2487,0.188884,4
she is requesting loan from,2486,0.188809,27
he is amt year old,2485,0.188733,33
of living in the future,2485,0.188733,14
use the profits she earns,2485,0.188733,20
she has applied for her,2484,0.188657,8
elevate her standard of living,2483,0.188581,3
for her children school fees,2483,0.188581,30
name amt is married and,2481,0.188429,29
loc district loc she is,2480,0.188353,11
wanted to have access to,2480,0.188353,3
the anticipated profits to pay,2479,0.188277,3
will help her fill the,2479,0.188277,3
benefited from enterprise development and,2478,0.188201,3
maximum profits and increase her,2477,0.188125,3
sells variety of items name,2477,0.188125,3
bought the org amt cookstove,2474,0.187897,3
spouse in the area of,2474,0.187897,3
amt years of experience in,2473,0.187821,25
for four years in the,2473,0.187821,9
to support her two children,2472,0.187745,13
fattening business for amt years,2471,0.187669,5
to buy goods every day,2471,0.187669,6
will use the increased income,2471,0.187669,6
amount of amt org through,2470,0.187593,5
quality and quantity of her,2470,0.187593,9
name has farm where she,2467,0.187365,7
year old married mother of,2467,0.187365,33
for the maintenance of her,2466,0.18729,8
dreams of saving money to,2465,0.187214,3
to save money in order,2465,0.187214,11
with her husband in the,2463,0.187062,25
old and lives in loc,2461,0.18691,27
pay for her children education,2461,0.18691,34
her children to school she,2460,0.186834,24
for two years in the,2459,0.186758,8
to give her children good,2458,0.186682,17
this loan will help improve,2457,0.186606,18
finance her business she will,2456,0.18653,5
has benefited from enterprise development,2455,0.186454,3
through training and loan financing,2455,0.186454,3
to kiva its lenders and,2455,0.186454,4
lives with her husband in,2453,0.186302,28
plans to use the loan,2453,0.186302,28
that this loan will be,2453,0.186302,15
he will be using the,2452,0.186226,11
to provide her children with,2450,0.186074,30
and amt years old and,2449,0.185998,25
business for two years in,2448,0.185922,7
loan amount of org amt,2447,0.185847,6
future for her family and,2445,0.185695,13
this business for ten years,2445,0.185695,26
increase her business in the,2443,0.185543,12
business for four years in,2442,0.185467,11
enough money to provide secure,2441,0.185391,5
ingredients that will be used,2440,0.185315,3
in her food stall name,2439,0.185239,4
believes that with the help,2438,0.185163,12
where she grows crops and,2437,0.185087,5
come to buy goods every,2436,0.185011,6
loan to pay school fees,2436,0.185011,15
now she asks for loan,2435,0.184935,7
best for her family she,2432,0.184707,9
save enough money to afford,2432,0.184707,4
two children who are still,2431,0.184631,20
does not have enough money,2430,0.184555,25
crops and raises livestock she,2429,0.184479,4
needs and grow her business,2429,0.184479,11
plans to send her children,2429,0.184479,9
years of experience in this,2429,0.184479,25
loc loc he is married,2428,0.184403,16
the future name wants to,2428,0.184403,20
two children both of whom,2428,0.184403,29
amt years now and works,2427,0.184328,6
who are all in school,2427,0.184328,26
living with his family in,2426,0.184252,15
resident of loc she is,2426,0.184252,9
her business has made name,2425,0.184176,5
and has benefited from enterprise,2424,0.1841,3
name has been engaged in,2424,0.1841,20
in the future name wants,2421,0.183872,20
she earns living by raising,2421,0.183872,4
previous loan was repaid successfully,2420,0.183796,8
with this loan she plans,2419,0.18372,27
business for three years now,2417,0.183568,19
her local secondary school helping,2417,0.183568,5
years old with two children,2415,0.183416,20
runs business where she sells,2413,0.183264,13
her previous loan and is,2411,0.183112,12
the trade from her mother,2411,0.183112,5
and motivating them to remain,2409,0.18296,5
blessed with three children she,2409,0.18296,10
business because it helps to,2409,0.18296,3
for loan to pay for,2409,0.18296,23
she is very grateful to,2406,0.182733,22
and energy expenses she spends,2405,0.182657,4
motivating them to remain in,2405,0.182657,5
cows amt sheep and amt,2404,0.182581,3
amt children who are all,2399,0.182201,26
she asks for loan of,2397,0.182049,8
has asked for loan to,2395,0.181897,26
woman who lives with her,2395,0.181897,31
business for three years and,2391,0.181593,23
she and her husband have,2388,0.181366,29
and requested loan of amt,2387,0.18129,8
has five children she is,2387,0.18129,26
children she is group leader,2386,0.181214,4
child she is married and,2385,0.181138,9
buy additional sacks of charcoal,2382,0.18091,5
reality through training and loan,2382,0.18091,3
she will use to pay,2382,0.18091,24
she has been farming for,2381,0.180834,20
hard to support her two,2378,0.180606,4
to sell and increase her,2376,0.180454,19
with her hand raised is,2376,0.180454,10
her dream is to grow,2374,0.180302,13
to enable her to grow,2374,0.180302,5
portion of this loan with,2372,0.18015,3
main source of income is,2371,0.180074,21
with four children between the,2368,0.179847,12
loan to add more stock,2367,0.179771,10
money to provide secure future,2367,0.179771,5
with one child name works,2364,0.179543,9
profit she earns to support,2363,0.179467,9
and is content with the,2361,0.179315,3
he describes his biggest business,2361,0.179315,6
woman who tries her utmost,2361,0.179315,9
with her small income she,2360,0.179239,4
in the year amt and,2359,0.179163,9
she is married with four,2359,0.179163,33
her two children she is,2358,0.179087,19
pay for her children school,2358,0.179087,29
requested loan from kiva field,2358,0.179087,11
the high cost of farm,2356,0.178935,5
loan from org for amt,2355,0.178859,8
is married with one child,2354,0.178783,32
to support her family needs,2354,0.178783,25
month on all of her,2352,0.178631,3
she earns to support her,2351,0.178555,12
local secondary school helping to,2348,0.178328,5
old married and mother of,2348,0.178328,31
to buy more fresh fish,2347,0.178252,10
which she has been doing,2347,0.178252,31
for the past seven years,2346,0.178176,26
save enough money to provide,2346,0.178176,8
as high quality seeds and,2345,0.1781,3
secondary school helping to build,2345,0.1781,5
she has been raising pigs,2343,0.177948,10
with seven children she is,2343,0.177948,11
name has requested amt org,2341,0.177796,9
such as fertilizer and seeds,2337,0.177492,10
and one of her children,2336,0.177416,21
loan she will buy more,2336,0.177416,25
amt years old and as,2334,0.177264,6
she hasn been able to,2334,0.177264,12
year old mother of three,2333,0.177188,33
loan from org to buy,2332,0.177112,24
on their farms name is,2329,0.176885,3
who has farmed for the,2329,0.176885,3
is thankful to kiva and,2327,0.176733,12
her to support her family,2325,0.176581,29
year old mother of two,2325,0.176581,29
as very hardworking individual and,2324,0.176505,4
will now be able to,2324,0.176505,14
amt hours per day and,2321,0.176277,4
will use it to purchase,2321,0.176277,20
not everything has been easy,2320,0.176201,3
over the past few years,2320,0.176201,12
providing them with good quality,2320,0.176201,4
she started the business with,2319,0.176125,17
family she has general store,2318,0.176049,5
org to buy more fresh,2317,0.175973,3
her family she has general,2316,0.175897,4
and therefore save more money,2315,0.175821,3
who tries his utmost to,2315,0.175821,6
fruits and vegetables to sell,2314,0.175745,23
her hopes and dreams are,2314,0.175745,8
which he will use to,2314,0.175745,32
through org loc kiva lending,2313,0.175669,3
buy food for her family,2312,0.175593,13
she has been working as,2311,0.175517,21
in her home her family,2310,0.175442,3
she is widowed and has,2310,0.175442,16
her home her family has,2309,0.175366,3
to become independent and support,2308,0.17529,3
and lives in loc loc,2307,0.175214,16
she is very thankful to,2307,0.175214,23
buy farming inputs such as,2304,0.174986,10
her children to be able,2304,0.174986,15
has requested new loan to,2302,0.174834,11
her family with decent life,2302,0.174834,12
of fish to sell and,2301,0.174758,7
needed for her business name,2300,0.174682,4
children who are all in,2299,0.174606,25
his biggest business challenge to,2299,0.174606,5
in this business for ten,2299,0.174606,24
seven children she is very,2299,0.174606,5
will help to improve her,2299,0.174606,26
like to expand her business,2298,0.17453,29
of three children name works,2298,0.17453,9
is grateful for the financial,2296,0.174378,14
for her children to be,2295,0.174302,19
brighter future for her family,2294,0.174226,11
she is married amt years,2294,0.174226,16
this coming season to send,2294,0.174226,3
because she wants to provide,2293,0.17415,9
of amt children she is,2293,0.17415,28
business she will be using,2291,0.173999,5
hours for her children to,2290,0.173923,3
dark hours for her children,2289,0.173847,3
to secure her family future,2289,0.173847,7
is very excited about this,2287,0.173695,9
years old and mother of,2287,0.173695,31
man who tries his utmost,2286,0.173619,5
products she has been in,2283,0.173391,14
week as org learner guide,2283,0.173391,5
able to expand her business,2281,0.173239,32
be able to support her,2281,0.173239,30
is requesting new loan to,2281,0.173239,21
to improve their living standard,2281,0.173239,14
child she is very hardworking,2278,0.173011,11
for amt years this is,2278,0.173011,19
and mother of three children,2276,0.172859,37
high quality seeds will assure,2276,0.172859,5
purchase farming inputs such as,2276,0.172859,7
rice to support his family,2276,0.172859,3
anticipated profits to pay school,2275,0.172783,3
anticipated income to provide food,2274,0.172707,3
kiva loan in order to,2274,0.172707,24
of income for the family,2273,0.172631,23
region of loc she has,2272,0.172555,8
by providing them with good,2271,0.17248,9
in school name has food,2271,0.17248,3
the profits from the business,2271,0.17248,22
to support her four children,2271,0.17248,7
and has amt children as,2270,0.172404,7
old woman who lives with,2269,0.172328,27
everything has been easy for,2263,0.171872,3
to buy land and build,2262,0.171796,14
asked for loan with org,2261,0.17172,4
food production business she has,2261,0.17172,3
she lives with her partner,2261,0.17172,12
support her two children she,2261,0.17172,7
support his family in their,2260,0.171644,3
in order to improve her,2258,0.171492,31
pay back the loan and,2258,0.171492,13
which she plans to use,2257,0.171416,22
the future are to have,2255,0.171264,9
and to be able to,2253,0.171112,33
future she wants to build,2253,0.171112,13
is now requesting new loan,2252,0.171037,15
amt other family members name,2251,0.170961,4
per week as org learner,2251,0.170961,5
loan to pay for her,2250,0.170885,23
on all of his fuel,2250,0.170885,3
will be thankful to kiva,2249,0.170809,3
hard working entrepreneur she is,2248,0.170733,3
her family living conditions but,2246,0.170581,6
pillar of the agricultural revolution,2246,0.170581,3
meet name amt year old,2245,0.170505,15
source of income is from,2244,0.170429,18
to gain access to financial,2244,0.170429,7
learner guide facilitating classes from,2242,0.170277,5
to meet her family needs,2242,0.170277,32
the past two years name,2241,0.170201,22
the quality of her produce,2241,0.170201,12
kiva field partner the loan,2240,0.170125,6
two years name has been,2240,0.170125,18
by continuing to work with,2238,0.169973,7
decent life he is amt,2238,0.169973,6
this will allow her to,2238,0.169973,35
group will be able to,2236,0.169821,6
of them are currently attending,2235,0.169745,8
for this loan to add,2234,0.169669,8
her to take care of,2234,0.169669,28
loan to expand her business,2234,0.169669,33
she is widow and has,2234,0.169669,27
farming for the past few,2233,0.169593,6
purchase farm inputs such as,2233,0.169593,10
to increase her sales and,2233,0.169593,30
years old and single name,2233,0.169593,12
amt org from org to,2232,0.169518,9
she intends to use the,2232,0.169518,27
them are currently attending school,2230,0.169366,7
lenders for their support with,2229,0.16929,11
of amt school going children,2229,0.16929,13
gain access to financial services,2228,0.169214,6
org to purchase fertilizers and,2227,0.169138,6
high cost of farm inputs,2226,0.169062,6
stocks of groceries to sell,2226,0.169062,4
new loan to further build,2225,0.168986,3
and the mother of five,2224,0.16891,29
in her general store she,2224,0.16891,9
loan she wants to purchase,2224,0.16891,19
become independent and support her,2223,0.168834,3
and raises livestock she also,2222,0.168758,3
cookstove to help her and,2221,0.168682,3
she attended school up to,2221,0.168682,3
inspired to support name with,2220,0.168606,3
business with her own savings,2219,0.16853,4
to support name with loan,2219,0.16853,3
profit this will be name,2218,0.168454,3
she is grateful for the,2218,0.168454,25
to purchase farm inputs such,2218,0.168454,9
has been managing her sales,2217,0.168378,4
inputs such as fertilizers and,2213,0.168075,16
to purchase fertilizers and other,2211,0.167923,5
more fresh fish to sell,2210,0.167847,7
requesting loan of amt to,2210,0.167847,15
to pay for her family,2210,0.167847,24
and has six children she,2209,0.167771,30
for his family he is,2208,0.167695,28
business her dream is to,2207,0.167619,21
reinvest in her business and,2207,0.167619,20
her business she joined org,2206,0.167543,4
her first loan with org,2206,0.167543,14
during dark hours for her,2205,0.167467,3
to buy farming inputs such,2205,0.167467,10
is asking for this loan,2201,0.167163,24
is single woman and has,2200,0.167087,7
their standard of living name,2200,0.167087,16
hut with access to electricity,2198,0.166935,3
in running her business she,2198,0.166935,10
to ensure that his family,2197,0.166859,16
to purchase farming inputs such,2195,0.166707,7
are still pursuing their studies,2194,0.166631,5
family with the profits from,2194,0.166631,18
has been easy for this,2192,0.16648,3
other items she has been,2191,0.166404,14
build house for her family,2190,0.166328,24
this loan name will purchase,2190,0.166328,11
business she joined org in,2189,0.166252,4
for three years now and,2189,0.166252,15
with his wife and children,2189,0.166252,24
has amt children who are,2187,0.1661,25
materials needed for her business,2185,0.165948,5
years old and has seven,2185,0.165948,21
he is grateful to kiva,2184,0.165872,14
with the help of this,2184,0.165872,30
children her hopes and dreams,2183,0.165796,4
she is single woman and,2183,0.165796,11
is the mother of three,2181,0.165644,32
family with decent life she,2180,0.165568,9
three children she runs general,2180,0.165568,3
lives with her partner and,2179,0.165492,14
woman who lives in loc,2176,0.165264,21
loan that will enable her,2175,0.165188,15
her hand raised is the,2174,0.165113,3
old and has seven children,2173,0.165037,19
to provide better future for,2170,0.164809,20
married woman with seven children,2168,0.164657,15
with amt children she has,2167,0.164581,28
and she is proud of,2166,0.164505,9
will be used to pay,2166,0.164505,33
children in the future she,2165,0.164429,19
managed to take care of,2165,0.164429,9
fish to sell she has,2164,0.164353,4
now requesting new loan to,2164,0.164353,12
photo is amt year old,2164,0.164353,15
seeks loan to invest in,2164,0.164353,7
blessed with two children she,2163,0.164277,13
items in the future she,2163,0.164277,6
and grow her business she,2162,0.164201,25
and take care of her,2162,0.164201,34
she is very grateful for,2162,0.164201,20
she thanks you for your,2162,0.164201,14
will be able to plant,2162,0.164201,9
requesting loan to pay for,2160,0.164049,21
loan for the first time,2159,0.163973,13
children she lives in loc,2158,0.163897,21
one child currently in school,2158,0.163897,4
surrounded by prime agricultural lands,2158,0.163897,3
the well being of her,2158,0.163897,28
whom are currently in school,2157,0.163821,18
below the age of amt,2155,0.163669,5
name seeks loan to purchase,2155,0.163669,6
three children she works very,2155,0.163669,6
wants the best for her,2155,0.163669,10
of fish to sell she,2154,0.163594,9
two children who are currently,2154,0.163594,15
with the profits from her,2154,0.163594,27
is amt years old from,2152,0.163442,21
she has asked for loan,2152,0.163442,25
she has requested loan to,2151,0.163366,28
of whom are currently in,2149,0.163214,19
in order to earn enough,2148,0.163138,13
he plans to use the,2147,0.163062,27
with decent life she is,2146,0.162986,8
her family she states that,2145,0.16291,4
has managed to take care,2143,0.162758,7
her food stall name has,2143,0.162758,3
old woman she is married,2143,0.162758,29
over the years she has,2142,0.162682,22
of rice to sell she,2141,0.162606,8
children she is married woman,2140,0.16253,3
of whom go to school,2140,0.16253,25
profits and increase her business,2139,0.162454,3
in remote village in the,2138,0.162378,6
support her four children she,2138,0.162378,4
requesting kiva loan to buy,2137,0.162302,15
new loan she plans to,2134,0.162075,17
with three children name has,2132,0.161923,10
her four children she is,2131,0.161847,19
he is representing his group,2130,0.161771,4
that is why name is,2130,0.161771,16
very grateful to kiva and,2130,0.161771,11
old married woman she has,2128,0.161619,25
sell and increase her business,2128,0.161619,7
woman and the mother of,2128,0.161619,27
to educate her children and,2127,0.161543,26
for five years and sells,2125,0.161391,5
this is his second loan,2123,0.161239,19
for amt org which she,2122,0.161163,10
past two years name has,2122,0.161163,17
she is happily married to,2121,0.161087,5
asking for loan to pay,2118,0.160859,17
dream is to grow her,2118,0.160859,15
her kiva lenders for their,2118,0.160859,14
the photo is amt year,2118,0.160859,15
her deserving candidate for financial,2117,0.160783,3
would like to thank all,2117,0.160783,20
wanted to earn enough to,2116,0.160707,4
two children name works very,2114,0.160556,4
earns living by raising pigs,2112,0.160404,3
two children she works very,2112,0.160404,5
to contribute to the family,2111,0.160328,19
with five children she works,2108,0.1601,9
with three children in school,2108,0.1601,8
old married woman with three,2106,0.159948,30
she has borrowed and repaid,2105,0.159872,6
to get more income from,2105,0.159872,7
basic needs for her family,2104,0.159796,14
children with two children in,2104,0.159796,3
for her children she has,2103,0.15972,24
loan and is now requesting,2102,0.159644,13
amt hectares of irrigated land,2098,0.15934,3
group is made up of,2098,0.15934,14
where he earns low income,2098,0.15934,5
dream is to have good,2097,0.159264,10
who is in school she,2096,0.159189,20
and amt years old she,2095,0.159113,31
as well as farming inputs,2095,0.159113,4
his fuel and electricity expenses,2095,0.159113,3
previous loan and is now,2095,0.159113,9
works as farmer to support,2094,0.159037,5
buy additional items such as,2091,0.158809,5
in the same village and,2091,0.158809,10
this loan will allow her,2090,0.158733,26
to buy additional items such,2090,0.158733,4
to pay her children school,2090,0.158733,31
her loan will be used,2089,0.158657,20
name is looking forward to,2088,0.158581,14
married and blessed with amt,2087,0.158505,12
and improve her family standard,2086,0.158429,23
name has been able to,2086,0.158429,30
in order to buy additional,2085,0.158353,17
with five children she runs,2085,0.158353,10
five children name works hard,2084,0.158277,5
her general store she has,2084,0.158277,8
she believes that with the,2084,0.158277,15
she is engaged in the,2083,0.158201,16
are being used in the,2082,0.158125,3
is the mother of two,2082,0.158125,30
meet the basic needs of,2082,0.158125,20
three children name is married,2082,0.158125,3
loan and improve her family,2081,0.158049,6
name is amt and married,2081,0.158049,26
on the outskirts of the,2081,0.158049,13
to develop her business and,2081,0.158049,28
mother of one child she,2080,0.157973,33
she has been managing her,2080,0.157973,17
with three children all of,2080,0.157973,19
to repay her loan and,2079,0.157897,18
that he is able to,2077,0.157745,23
in order to get the,2076,0.15767,10
of org amt from org,2076,0.15767,10
will be used to repay,2075,0.157594,12
for the past eight years,2074,0.157518,26
to school with this loan,2074,0.157518,12
general store she has been,2073,0.157442,6
to improve her standard of,2073,0.157442,30
who is the group leader,2073,0.157442,6
has amt children she is,2072,0.157366,27
works in the public sector,2071,0.15729,4
help her husband with the,2070,0.157214,24
in order to develop her,2070,0.157214,22
life she is amt year,2070,0.157214,8
food stall name has been,2069,0.157138,3
improve her living conditions and,2069,0.157138,25
loan to buy additional supplies,2068,0.157062,9
this will help name to,2068,0.157062,12
for new loan to buy,2066,0.15691,21
she has high school education,2066,0.15691,3
buy more fresh fish to,2065,0.156834,7
her family she would like,2065,0.156834,21
since she joined the program,2064,0.156758,3
amt year old name is,2063,0.156682,26
decided to do so because,2062,0.156606,4
locals he describes his biggest,2062,0.156606,5
old married woman with two,2062,0.156606,29
to boost the quality of,2062,0.156606,4
she learned the trade from,2061,0.15653,9
and married with eight children,2060,0.156454,16
the future she plans to,2060,0.156454,26
who is currently in school,2060,0.156454,11
all of his fuel and,2059,0.156378,3
lives in loc with her,2059,0.156378,25
with her husband and two,2058,0.156302,34
income from the loan will,2057,0.156227,13
this business for many years,2057,0.156227,19
boost the quality of her,2056,0.156151,3
children to school with this,2056,0.156151,7
of his fuel and electricity,2056,0.156151,3
through this loan name will,2056,0.156151,13
who lives with her parents,2055,0.156075,23
customers are locals he describes,2054,0.155999,5
to buy ingredients such as,2054,0.155999,14
business for three years she,2053,0.155923,27
for this reason she is,2053,0.155923,29
requesting amt org loan through,2053,0.155923,10
three children name works very,2053,0.155923,8
are locals he describes his,2052,0.155847,5
she and her family are,2052,0.155847,17
of the group she is,2049,0.155619,15
to purchase high quality seeds,2049,0.155619,10
and increase her business she,2048,0.155543,15
interest on her second loan,2048,0.155543,5
loan in order to purchase,2048,0.155543,32
name is single and has,2048,0.155543,20
social interest on her second,2047,0.155467,5
her primary source of income,2045,0.155315,19
and mother of two children,2043,0.155163,36
enough to pay for her,2042,0.155087,10
in the future she plans,2042,0.155087,25
promises to repay her loan,2042,0.155087,11
she is thankful to kiva,2041,0.155011,17
always said to be very,2040,0.154935,3
business is doing well enough,2039,0.154859,3
for six years in the,2039,0.154859,8
in the future she is,2039,0.154859,27
order to get the best,2039,0.154859,3
per day and amt days,2039,0.154859,4
her second loan by volunteering,2038,0.154783,5
lives with her parents in,2038,0.154783,26
on her second loan by,2038,0.154783,5
and is now requesting new,2037,0.154708,9
child who is currently in,2037,0.154708,10
children ages amt and amt,2037,0.154708,26
is always said to be,2037,0.154708,3
business for over amt years,2036,0.154632,29
is doing well enough to,2036,0.154632,4
children name has general store,2035,0.154556,3
org to buy additional stock,2035,0.154556,3
now she would like to,2034,0.15448,21
the help of this loan,2034,0.15448,27
hours per week as camfed,2033,0.154404,5
seeking loan to buy seeds,2033,0.154404,7
to buy more stocks of,2033,0.154404,16
and has one child name,2032,0.154328,19
be able to earn more,2032,0.154328,22
one child who is currently,2032,0.154328,9
pay for her family expenses,2032,0.154328,18
woman with seven children she,2032,0.154328,14
dream is to expand her,2031,0.154252,23
future he would like to,2031,0.154252,25
old and married with eight,2031,0.154252,16
without access to electricity with,2031,0.154252,4
in loc district and is,2030,0.154176,5
and they are blessed with,2029,0.1541,10
the past three years name,2029,0.1541,23
business of buying and selling,2028,0.154024,18
hours per day and amt,2028,0.154024,3
two of whom are still,2028,0.154024,23
and is always said to,2027,0.153948,3
says that her life has,2027,0.153948,3
is in school she is,2026,0.153872,18
purchase fertilizers and other farm,2026,0.153872,3
day running her business has,2025,0.153796,5
this will enable him to,2024,0.15372,28
wanted to get the best,2024,0.15372,3
name is married man he,2023,0.153644,12
and has always wanted to,2022,0.153568,5
to add more stock of,2022,0.153568,9
business for five years name,2021,0.153492,15
every day running her business,2021,0.153492,5
mother of amt children who,2021,0.153492,29
with the goal of further,2021,0.153492,10
is the group leader pictured,2020,0.153416,4
change her family living standard,2019,0.15334,5
old married woman and mother,2019,0.15334,24
years and is always said,2019,0.15334,3
production business she has been,2018,0.153265,4
he has applied for loan,2017,0.153189,24
of four children name works,2017,0.153189,9
the education of her children,2017,0.153189,28
with her husband and their,2017,0.153189,30
amount of org amt from,2016,0.153113,3
thanks to name hard work,2016,0.153113,7
asked for loan to buy,2015,0.153037,20
lives in amt bedroom house,2014,0.152961,5
with two children name has,2014,0.152961,15
due to the lack of,2013,0.152885,28
independent and support her family,2013,0.152885,5
and other farm supplies she,2012,0.152809,3
four children all of whom,2012,0.152809,27
group representative she is amt,2012,0.152809,5
lives in her own house,2012,0.152809,16
married with five children with,2012,0.152809,8
years name has requested loan,2012,0.152809,11
amt org she wants to,2010,0.152657,11
items to increase her business,2010,0.152657,5
the right in the photo,2010,0.152657,12
will be able to increase,2010,0.152657,32
with her spouse in the,2010,0.152657,7
business for six years in,2009,0.152581,5
five years she would like,2009,0.152581,10
of providing better living conditions,2009,0.152581,5
is amt and married with,2008,0.152505,30
she will use her loan,2007,0.152429,32
working capital he will use,2007,0.152429,9
to repair and renovate her,2006,0.152353,7
the pillar of the agricultural,2005,0.152277,3
to generate greater profits name,2005,0.152277,5
for her family and community,2004,0.152201,7
is the pillar of the,2004,0.152201,5
name has applied for amt,2004,0.152201,22
requesting new loan to further,2004,0.152201,4
one of the most respected,2003,0.152125,4
wants to take advantage of,2003,0.152125,11
would like to request loan,2003,0.152125,15
she will use to purchase,2000,0.151897,30
to buy new sewing machine,2000,0.151897,25
requesting loan to buy an,1999,0.151821,15
and renovate her family home,1998,0.151746,3
amt year old single woman,1997,0.15167,33
family main source of income,1997,0.15167,18
and vegetables to sell in,1995,0.151518,11
school going children she is,1995,0.151518,15
her community as very hardworking,1994,0.151442,3
her children she is grateful,1993,0.151366,15
children both of whom are,1992,0.15129,25
children currently in school name,1992,0.15129,3
children who are all currently,1992,0.15129,11
for five years she would,1991,0.151214,6
in order to support her,1991,0.151214,33
inadequate working capital he will,1991,0.151214,6
of the photo with her,1991,0.151214,5
be able to buy land,1990,0.151138,11
name bought the org amt,1990,0.151138,3
she has requested for loan,1990,0.151138,14
to org amt per month,1990,0.151138,3
four children she works very,1989,0.151062,6
her dream of providing better,1989,0.151062,4
to purchase additional stocks of,1988,0.150986,9
up to org amt per,1988,0.150986,4
are all currently in school,1987,0.15091,9
for loan in order to,1987,0.15091,33
have access to the best,1987,0.15091,3
to fulfill her dream of,1987,0.15091,16
children she has general store,1985,0.150758,7
house without access to electricity,1985,0.150758,4
improve especially in the sense,1985,0.150758,4
life improve especially in the,1985,0.150758,4
her children her hopes and,1984,0.150682,4
mother of five children she,1984,0.150682,33
org amt per month she,1983,0.150606,4
who lives in loc loc,1983,0.150606,14
in amt and has since,1982,0.15053,5
name has been farming for,1981,0.150454,14
she is seeking loan of,1981,0.150454,16
who lives in amt bedroom,1981,0.150454,4
and increase her income she,1979,0.150303,22
and improve her family quality,1978,0.150227,19
who are still pursuing their,1978,0.150227,5
with one child still in,1978,0.150227,5
loan to purchase essential farm,1977,0.150151,3
org my better world program,1977,0.150151,5
living in the future she,1976,0.150075,10
and other groceries in the,1975,0.149999,3
is in school at the,1975,0.149999,7
child name works very hard,1974,0.149923,3
loc kiva field partner the,1974,0.149923,4
children who are still pursuing,1973,0.149847,3
sells the milk in her,1973,0.149847,3
who are all currently in,1973,0.149847,9
amt years old and from,1972,0.149771,19
three years now and has,1972,0.149771,5
two children between the ages,1972,0.149771,11
will be able to earn,1972,0.149771,27
all currently in school for,1971,0.149695,4
bedroom house without access to,1971,0.149695,4
business goal is to have,1971,0.149695,6
land on which she grows,1971,0.149695,11
is why name is seeking,1970,0.149619,8
day and amt days week,1969,0.149543,5
to start her own business,1969,0.149543,24
trade from her mother and,1969,0.149543,3
business name requested this loan,1968,0.149467,5
providing for their basic needs,1968,0.149467,8
name is kindly requesting loan,1967,0.149391,4
in loc district in loc,1965,0.149239,11
is currently in school name,1964,0.149163,7
plot of land and build,1963,0.149087,16
name is requesting loan from,1962,0.149011,24
support name with loan today,1961,0.148935,4
build their self esteem and,1960,0.148859,5
woman who is married with,1959,0.148784,23
improving their standard of living,1958,0.148708,12
one child name works very,1958,0.148708,3
she lives in her own,1957,0.148632,15
two children she runs general,1957,0.148632,4
some financial help from her,1956,0.148556,3
this loan to add more,1956,0.148556,10
will help her to buy,1956,0.148556,30
build her business in the,1955,0.14848,5
is able to earn enough,1955,0.14848,11
she hopes this will increase,1955,0.14848,14
to earn more income to,1955,0.14848,20
with her new loan she,1955,0.14848,11
like many of his fellow,1953,0.148328,3
will enable her to buy,1952,0.148252,27
sells variety of items she,1951,0.148176,8
feed and vitamins for her,1950,0.1481,6
in the photo with her,1950,0.1481,21
and has amt children who,1949,0.148024,25
capital he will use the,1948,0.147948,9
house name is member of,1948,0.147948,3
the future he would like,1948,0.147948,23
to have access to the,1947,0.147872,9
can have better one this,1946,0.147796,5
for loan of amt to,1946,0.147796,15
in the future he would,1946,0.147796,24
of the price of the,1946,0.147796,6
she hopes this will help,1946,0.147796,14
this business for nine years,1946,0.147796,22
from org my better world,1944,0.147644,5
charcoal energy expenses he spends,1943,0.147568,3
community in order to have,1943,0.147568,4
sell in the future she,1943,0.147568,14
successfully she will use the,1943,0.147568,4
from loc she is single,1942,0.147492,8
her businesses in the future,1942,0.147492,7
plot of land in the,1942,0.147492,16
that he has been able,1942,0.147492,14
blessed with amt children she,1941,0.147416,11
her family living standards she,1941,0.147416,17
to increase her business in,1941,0.147416,16
amt years and is always,1940,0.147341,4
applied for loan with org,1940,0.147341,9
earn an income she runs,1940,0.147341,3
she does not have enough,1940,0.147341,29
using this loan name will,1940,0.147341,6
in her area her business,1939,0.147265,7
she has requested amt org,1939,0.147265,8
in the local market she,1938,0.147189,28
loan he will be able,1938,0.147189,28
requesting loan that will help,1938,0.147189,8
she will use the increased,1938,0.147189,5
earning monthly income of amt,1936,0.147037,4
loan name will be assured,1936,0.147037,3
partner with this loan she,1936,0.147037,3
amt org to buy more,1934,0.146885,18
person she is amt years,1934,0.146885,11
three years name has been,1934,0.146885,19
children she is grateful to,1933,0.146809,11
is the representative of the,1933,0.146809,8
able to pay back the,1932,0.146733,15
of her dream to build,1932,0.146733,3
lives in the loc region,1931,0.146657,9
able to earn enough to,1930,0.146581,15
are to get more income,1930,0.146581,3
that she started in amt,1930,0.146581,9
two children in school name,1929,0.146505,9
her area her business is,1928,0.146429,5
more profits from each harvest,1928,0.146429,3
goals are to get more,1927,0.146353,3
one child she is married,1927,0.146353,9
area her business is doing,1926,0.146277,3
her in running her business,1926,0.146277,7
requested for loan of amt,1926,0.146277,7
years old and married to,1925,0.146201,26
will be able to repay,1924,0.146125,19
this loan will be used,1923,0.146049,32
why name is seeking loan,1923,0.146049,9
is married and the couple,1922,0.145973,5
amount of amt org to,1920,0.145822,15
and has amt children with,1920,0.145822,16
sell in order to generate,1920,0.145822,10
the goal of further developing,1919,0.145746,7
order to earn enough to,1918,0.14567,5
items she has been in,1917,0.145594,14
known by her community as,1917,0.145594,3
products name has been in,1917,0.145594,6
this loan so that she,1917,0.145594,28
family she would like loan,1916,0.145518,7
fulfill her dream of providing,1916,0.145518,5
and support her family by,1914,0.145366,10
amt of the price of,1913,0.14529,3
for loan for the first,1913,0.14529,11
greatest monthly expense is food,1913,0.14529,3
in order to increase his,1910,0.145062,31
it in the future she,1910,0.145062,9
and mother of four children,1909,0.144986,36
her children to school and,1909,0.144986,23
earns an average income of,1907,0.144834,3
meant that she has been,1907,0.144834,4
this is amt years old,1907,0.144834,4
will assure her of bumper,1907,0.144834,3
for more than ten years,1906,0.144758,23
assist her in running her,1905,0.144682,4
milk in her area her,1905,0.144682,3
of org amt to purchase,1905,0.144682,11
able to take care of,1904,0.144606,31
amt year old resident of,1904,0.144606,13
loc to purchase more cooking,1904,0.144606,3
she never had the opportunity,1904,0.144606,3
the previous loan was repaid,1904,0.144606,7
woman is name she is,1904,0.144606,4
amt years old with four,1903,0.14453,16
buy feed and vitamins for,1903,0.14453,3
is why he decided to,1901,0.144379,14
she is looking forward to,1901,0.144379,20
she is confident that she,1900,0.144303,16
asking for this loan to,1899,0.144227,23
for amt years name requested,1899,0.144227,9
for her food vending business,1898,0.144151,6
she plans to use to,1897,0.144075,22
items name would like to,1896,0.143999,3
with some financial help from,1894,0.143847,3
loan with org loc the,1893,0.143771,3
amt children she has been,1892,0.143695,27
for her business in the,1892,0.143695,27
to purchase more sacks of,1892,0.143695,12
years old single and has,1892,0.143695,29
grateful to kiva and org,1891,0.143619,7
other source of income is,1890,0.143543,9
her business her dream is,1889,0.143467,18
the amt org loan to,1889,0.143467,6
family and providing for their,1888,0.143391,5
half hours per week as,1888,0.143391,4
he is the only person,1888,0.143391,7
his day to day life,1887,0.143315,6
is amt year old businesswoman,1887,0.143315,26
use the amt org loan,1887,0.143315,6
and half hours per week,1886,0.143239,4
and providing for their basic,1886,0.143239,5
for loan from org loc,1886,0.143239,5
basic needs of her family,1885,0.143163,26
in the photo she is,1885,0.143163,26
years old with four children,1885,0.143163,15
with two children between the,1884,0.143087,5
had more profits from each,1883,0.143011,4
has been working in this,1883,0.143011,27
lives in loc she is,1883,0.143011,25
with charcoal energy expenses he,1883,0.143011,3
in her business with the,1882,0.142935,23
the future are to own,1882,0.142935,6
three children name is in,1882,0.142935,6
for your help and support,1881,0.14286,9
he is happy to have,1881,0.14286,8
has had more profits from,1880,0.142784,4
the representative of the group,1880,0.142784,9
this will help him to,1878,0.142632,31
continue to send her children,1877,0.142556,8
enable her to buy more,1877,0.142556,16
he has been in the,1877,0.142556,29
parent of three children name,1876,0.14248,6
believes that this loan will,1875,0.142404,14
this business for several years,1874,0.142328,18
of two children name works,1873,0.142252,9
amt years and has borrowed,1872,0.142176,3
assure her of bumper harvest,1871,0.1421,3
dream of saving enough money,1871,0.1421,6
for her family name has,1870,0.142024,26
she hopes to use the,1870,0.142024,20
that may be caused by,1870,0.142024,3
the mother of six children,1870,0.142024,29
children amt of whom are,1869,0.141948,24
would like to build house,1869,0.141948,17
improved his day to day,1868,0.141872,4
children aged amt and amt,1867,0.141796,25
he is applying for this,1867,0.141796,15
he will use the loan,1867,0.141796,31
name wishes to say thanks,1865,0.141644,3
bumper harvest and increased profits,1864,0.141568,5
in this business for nine,1864,0.141568,20
sell for her business she,1864,0.141568,4
name is widowed woman with,1863,0.141492,9
decided to take out loan,1862,0.141417,16
meet the increasing demand for,1862,0.141417,12
repaid successfully she will use,1861,0.141341,3
to expand her business name,1861,0.141341,29
she plans to increase her,1860,0.141265,28
to use the profits to,1860,0.141265,27
and that she will be,1858,0.141113,19
few years ago in amt,1858,0.141113,3
is hardworking businesswoman who sells,1858,0.141113,5
two and half hours per,1858,0.141113,5
will use the amt org,1858,0.141113,7
intends to use the loan,1857,0.141037,19
is resident of loc she,1857,0.141037,9
for their basic needs however,1856,0.140961,3
she hopes that she can,1856,0.140961,16
used to repay the loan,1856,0.140961,10
earns to support her family,1855,0.140885,10
asked for loan from org,1854,0.140809,13
her husband and children in,1854,0.140809,26
she lives in the loc,1854,0.140809,18
income of amt org she,1853,0.140733,5
very difficult for her to,1853,0.140733,8
at the market to earn,1852,0.140657,8
she plans to invest in,1851,0.140581,21
the needs of his family,1851,0.140581,27
classes from org my better,1850,0.140505,5
old woman living with her,1850,0.140505,17
and improve her family living,1848,0.140353,32
and to increase her business,1848,0.140353,15
at the end of the,1848,0.140353,31
be used to repay the,1847,0.140277,8
has three children two of,1847,0.140277,26
and decided to do so,1846,0.140201,3
who live in the same,1846,0.140201,12
with one child in school,1846,0.140201,11
and continue her children education,1845,0.140125,3
four children who are in,1845,0.140125,24
and started the business with,1844,0.140049,4
business she will repay the,1844,0.140049,8
contribute to the family income,1844,0.140049,15
hopes to grow her business,1844,0.140049,24
past three years name has,1844,0.140049,20
business name applied for loan,1842,0.139898,11
house in small village in,1842,0.139898,4
in amt bedroom house with,1842,0.139898,4
loan will help him to,1842,0.139898,28
cooking for her family and,1841,0.139822,3
he decided to join in,1841,0.139822,4
her profits she will be,1841,0.139822,17
of her family needs and,1840,0.139746,14
why he decided to join,1840,0.139746,3
income for her family name,1839,0.13967,20
kiva loan to buy seeds,1838,0.139594,9
loan with her loan group,1838,0.139594,3
to improve her business to,1838,0.139594,20
business and change her family,1836,0.139442,5
she is working hard to,1835,0.139366,19
applying for loan to buy,1834,0.13929,28
buy additional supplies such as,1834,0.13929,6
child she is very hard,1834,0.13929,6
has requested an amount of,1834,0.13929,4
is married woman she is,1834,0.13929,17
to buy additional supplies such,1834,0.13929,5
amt hours per day amt,1833,0.139214,4
hours per day amt days,1833,0.139214,4
the market to earn living,1833,0.139214,8
is the only source of,1832,0.139138,28
quality seeds will assure her,1832,0.139138,3
says that he is happy,1832,0.139138,5
repay the loan and improve,1831,0.139062,6
she is married and mother,1831,0.139062,31
amt years old name from,1830,0.138986,3
for her family expenses she,1830,0.138986,13
her business name requested this,1830,0.138986,3
that he is happy to,1830,0.138986,4
looks forward to brighter future,1829,0.13891,3
resides in the province of,1829,0.13891,3
right of the photo with,1829,0.13891,4
has improved his day to,1828,0.138834,4
therefore she has requested loan,1828,0.138834,9
wants to use this loan,1828,0.138834,27
forward to brighter future with,1827,0.138758,4
is amt years old widowed,1827,0.138758,30
requesting kiva loan in order,1827,0.138758,16
her business because it makes,1826,0.138682,3
business for four years now,1825,0.138606,14
kiva and its lenders for,1825,0.138606,11
of her children is still,1825,0.138606,15
partner org to pay for,1825,0.138606,4
with this loan he will,1825,0.138606,29
able to have access to,1824,0.13853,10
amt acres of land and,1824,0.13853,8
he wanted to be part,1824,0.13853,3
income of amt per month,1824,0.13853,5
secure her children future and,1824,0.13853,4
year old mother of four,1824,0.13853,30
amt org to purchase one,1823,0.138455,3
children with one child still,1823,0.138455,3
is her second loan with,1823,0.138455,19
is married woman with seven,1823,0.138455,10
to buy food for her,1823,0.138455,24
amt years this is her,1822,0.138379,17
and lives with her parents,1822,0.138379,26
provide better life for her,1822,0.138379,26
sugar soap and other groceries,1822,0.138379,4
to improve the conditions of,1822,0.138379,15
problem with her business she,1821,0.138303,3
to provide his family with,1821,0.138303,22
he is the father of,1820,0.138227,29
she wants to purchase more,1820,0.138227,19
the mother of one child,1820,0.138227,31
amt years old and two,1819,0.138151,10
is amt year old hardworking,1819,0.138151,25
org to purchase one more,1819,0.138151,3
and works hard to support,1818,0.138075,14
four of her children are,1817,0.137999,22
the support of lenders to,1815,0.137847,4
to meet the demand for,1815,0.137847,16
her family and contribute to,1813,0.137695,8
goods every day running her,1812,0.137619,5
fattening for amt years now,1811,0.137543,3
amt years now name would,1810,0.137467,4
family in the municipality of,1810,0.137467,3
with five children name works,1810,0.137467,3
are in school she works,1809,0.137391,13
this loan with her loan,1809,0.137391,4
has gathered much experience and,1808,0.137315,3
name story is one of,1808,0.137315,4
opportunity to attend school she,1808,0.137315,3
from loc loc he is,1807,0.137239,13
her of bumper harvest and,1807,0.137239,3
and she would like to,1806,0.137163,30
using the profits she makes,1806,0.137163,3
be able to save money,1805,0.137087,23
that decision because since he,1804,0.137011,3
to pay for farm inputs,1804,0.137011,8
her children school fees and,1803,0.136936,30
the presence of pests and,1803,0.136936,3
which is why he decided,1803,0.136936,9
better life for his family,1802,0.13686,21
is amt year old proud,1801,0.136784,8
old married and has six,1801,0.136784,28
blessed with four children she,1799,0.136632,12
will use to greatly improve,1799,0.136632,3
amt amt to amt amt,1798,0.136556,13
four children name is married,1797,0.13648,5
one child for the past,1797,0.13648,12
is married with six children,1796,0.136404,31
the father of amt children,1796,0.136404,25
amt year old man he,1795,0.136328,27
he has been member for,1795,0.136328,4
amt cows and amt sheep,1794,0.136252,3
in this business for several,1794,0.136252,16
and her family live in,1793,0.136176,26
their standards of living name,1793,0.136176,3
three children one of whom,1793,0.136176,25
will be assured of good,1793,0.136176,5
able to earn more income,1792,0.1361,15
amt years of age and,1792,0.1361,34
because she wanted to be,1790,0.135948,10
is known by her community,1790,0.135948,3
name age amt is married,1790,0.135948,22
name wants to expand her,1790,0.135948,27
who lives with her family,1790,0.135948,27
because since he first joined,1788,0.135796,3
support with her previous loan,1788,0.135796,8
is married woman who is,1787,0.13572,23
loan her dream is to,1787,0.13572,17
decision because since he first,1786,0.135644,3
be able to meet the,1785,0.135568,29
she is married and is,1785,0.135568,30
years and has borrowed amt,1785,0.135568,3
of farm inputs necessary for,1783,0.135417,3
and she will be able,1782,0.135341,31
cost of farm inputs necessary,1782,0.135341,3
high quality seeds fertilizers and,1782,0.135341,4
lack of fertilizer and good,1782,0.135341,3
with amt children all of,1782,0.135341,17
he has been engaged in,1781,0.135265,19
improve her quality of life,1781,0.135265,23
loan amounting to amt org,1780,0.135189,7
the year amt and has,1779,0.135113,6
has requested for loan of,1778,0.135037,6
two children still in school,1778,0.135037,6
has been involved in business,1777,0.134961,15
the kiva lenders for their,1777,0.134961,19
years old and two of,1777,0.134961,7
with one child she has,1776,0.134885,26
is the key to success,1775,0.134809,11
are currently attending school name,1774,0.134733,7
the loan will help name,1774,0.134733,16
requesting loan that will enable,1773,0.134657,8
the basic necessities of life,1773,0.134657,4
has spent the past few,1772,0.134581,3
name aged amt is married,1772,0.134581,26
amt of them currently in,1770,0.134429,4
amt on all of his,1770,0.134429,3
from amt amt to amt,1770,0.134429,13
their self esteem and motivating,1770,0.134429,5
to increase her income she,1770,0.134429,28
and is asking for loan,1769,0.134353,21
her dream is to expand,1769,0.134353,21
etc she has been in,1768,0.134277,14
woman she has amt children,1768,0.134277,19
children two of her children,1767,0.134201,27
does not have sufficient cash,1767,0.134201,4
married and has seven children,1767,0.134201,31
the best for her children,1767,0.134201,16
with the anticipated profits she,1767,0.134201,8
buy goods every day running,1765,0.134049,5
has amt children with amt,1765,0.134049,8
man from loc loc he,1765,0.134049,8
business amt years ago with,1764,0.133974,19
he describes himself to be,1764,0.133974,4
to meet the basic needs,1763,0.133898,18
name who is amt years,1762,0.133822,29
to buy more fish to,1762,0.133822,19
old she is married to,1761,0.133746,16
is the main source of,1760,0.13367,24
products to sell name has,1760,0.13367,3
children with amt of them,1758,0.133518,9
enough to feed his family,1757,0.133442,12
amt to gain access to,1756,0.133366,3
in the future name hopes,1756,0.133366,26
new loan to pay for,1755,0.13329,15
season to send his children,1755,0.13329,3
she is able to earn,1755,0.13329,20
facilitating classes from org my,1754,0.133214,5
loan that will help her,1754,0.133214,17
loan which enabled her to,1754,0.133214,14
she seeks loan to purchase,1754,0.133214,14
businesses in the future name,1753,0.133138,3
new loan she will buy,1753,0.133138,15
amt years his business is,1749,0.132834,12
for the past many years,1749,0.132834,6
income name will be able,1749,0.132834,13
this business for more than,1749,0.132834,27
goal for the future is,1748,0.132758,23
volunteering two and half hours,1748,0.132758,4
groceries in the future name,1747,0.132682,3
he is married and the,1747,0.132682,25
life for her family she,1747,0.132682,19
married parent of three children,1746,0.132606,5
is amt year old young,1745,0.132531,31
of land where she grows,1745,0.132531,16
by volunteering two and half,1744,0.132455,4
for their support with her,1744,0.132455,10
happily married and blessed with,1744,0.132455,6
hopes this will help him,1744,0.132455,7
three children she works hard,1744,0.132455,10
able to get the best,1743,0.132379,4
because she has been able,1743,0.132379,13
in loc district loc he,1743,0.132379,6
loc she is applying for,1743,0.132379,7
to sell at her store,1743,0.132379,19
two children in school she,1743,0.132379,14
amt years old name is,1742,0.132303,24
business for amt years his,1742,0.132303,16
the anticipated income to pay,1742,0.132303,4
and improve her standard of,1741,0.132227,30
buying the org one cookstove,1741,0.132227,4
expand her business and increase,1741,0.132227,29
hopes that this loan will,1741,0.132227,27
the lenders for their support,1741,0.132227,20
four children name works very,1740,0.132151,4
in amt where many people,1740,0.132151,3
the high costs of inputs,1740,0.132151,3
to invest in her business,1740,0.132151,28
be able to improve the,1739,0.132075,25
between amt and amt years,1739,0.132075,19
of amt org she wants,1739,0.132075,8
with one child she works,1739,0.132075,16
loc name has been in,1738,0.131999,11
promises to repay the loan,1738,0.131999,13
amt where many people come,1737,0.131923,3
business she successfully repaid her,1737,0.131923,3
woman who lives in multi,1737,0.131923,4
earn enough to feed his,1736,0.131847,7
name is seeking amt org,1736,0.131847,7
to request loan to pay,1736,0.131847,7
with amt of them currently,1736,0.131847,4
loan will help name to,1735,0.131771,27
she plans to invest the,1735,0.131771,19
through the loan she will,1734,0.131695,11
children is still in school,1733,0.131619,14
and to expand her business,1732,0.131543,30
which has improved his day,1732,0.131543,4
her to grow more crops,1731,0.131467,5
three children who are all,1731,0.131467,27
amt children with amt of,1730,0.131391,10
and has six children name,1730,0.131391,11
and provide for her family,1730,0.131391,31
be able to reduce the,1730,0.131391,12
deserving candidate for financial support,1730,0.131391,3
further develop her business name,1730,0.131391,11
her children to school with,1730,0.131391,15
improve the conditions of her,1730,0.131391,15
in amt to gain access,1730,0.131391,3
to increase her income and,1730,0.131391,31
to purchase more stock of,1730,0.131391,17
and pay for her children,1729,0.131315,31
education is the key to,1729,0.131315,7
her previous loans from org,1729,0.131315,3
in the photo is hardworking,1729,0.131315,7
name amt is married woman,1729,0.131315,15
amt on all of her,1728,0.131239,3
her goals are to get,1728,0.131239,3
she hopes to be able,1728,0.131239,26
this is why she is,1728,0.131239,28
with your help name will,1728,0.131239,8
as org learner guide facilitating,1727,0.131163,5
be able to buy the,1727,0.131163,18
her dream is to open,1727,0.131163,22
married mother of three children,1727,0.131163,28
seven children she is married,1727,0.131163,4
therefore name has requested loan,1727,0.131163,8
to buy fruits and vegetables,1727,0.131163,23
with two children still in,1727,0.131163,3
be able to open up,1726,0.131087,8
her family expenses she has,1726,0.131087,8
as married parent of three,1725,0.131012,3
used her previous loan to,1725,0.131012,19
with one child who is,1725,0.131012,22
four children she runs general,1724,0.130936,3
she applied for loan to,1724,0.130936,23
business and to be able,1723,0.13086,20
is seeking the loan to,1723,0.13086,10
she has managed to take,1723,0.13086,6
amt children all of her,1722,0.130784,10
amt years old and all,1722,0.130784,15
she will use her portion,1722,0.130784,18
the best farmers in her,1722,0.130784,3
years she has been selling,1722,0.130784,26
the needs of her customers,1721,0.130708,28
believes that education is the,1720,0.130632,9
income to support his family,1720,0.130632,25
loan on time and also,1718,0.13048,6
because it enables her to,1717,0.130404,14
business and increase her income,1717,0.130404,23
with four children who are,1717,0.130404,18
has one child for the,1716,0.130328,7
of name and her family,1716,0.130328,7
and other personal care products,1715,0.130252,4
help name will be able,1715,0.130252,7
with one child name has,1715,0.130252,12
and amt years old two,1714,0.130176,12
and that is the reason,1714,0.130176,14
has applied for loan with,1714,0.130176,15
her business name would like,1714,0.130176,15
business with the help of,1713,0.1301,29
loc she is single and,1713,0.1301,16
old married woman she is,1713,0.1301,25
started in amt where many,1713,0.1301,3
year old woman living with,1713,0.1301,18
be inadequate working capital he,1712,0.130024,5
hope and dream for the,1712,0.130024,6
leader often described as very,1712,0.130024,3
org in the amount of,1712,0.130024,10
family and to increase her,1711,0.129948,9
previous loan which enabled her,1711,0.129948,13
will be used to prepare,1711,0.129948,11
able to buy land and,1710,0.129872,7
and three of her children,1710,0.129872,13
group leader often described as,1710,0.129872,3
and wants the best for,1709,0.129796,6
in the city of loc,1709,0.129796,26
she sells the milk in,1709,0.129796,4
your help name will be,1709,0.129796,6
for amt years and she,1708,0.12972,30
her children is still in,1708,0.12972,13
in the near future name,1708,0.12972,20
with her previous loans from,1708,0.12972,4
is hardworking business woman who,1707,0.129644,4
years through farming she has,1707,0.129644,3
her husband and two children,1706,0.129569,32
she thanks you in advance,1706,0.129569,9
although she makes profit from,1705,0.129493,3
her family and to increase,1704,0.129417,9
live in community in loc,1704,0.129417,4
the past five years she,1704,0.129417,28
old she is single mother,1703,0.129341,22
be assured of good harvest,1701,0.129189,4
she has had no problem,1701,0.129189,4
income to fulfill her dream,1700,0.129113,3
she is married and lives,1700,0.129113,31
her children to school name,1698,0.128961,17
her pigs in the future,1698,0.128961,4
is amt years old widow,1698,0.128961,30
loan by volunteering two and,1697,0.128885,4
and all of her children,1696,0.128809,16
his dream is to have,1696,0.128809,16
been involved in business activities,1695,0.128733,4
for the improvement of her,1695,0.128733,11
presence of pests and diseases,1695,0.128733,3
she wanted to be more,1695,0.128733,3
that this loan will help,1695,0.128733,28
with her own savings she,1695,0.128733,5
will be used in buying,1694,0.128657,9
and blessed with one child,1693,0.128581,12
their support with her previous,1693,0.128581,8
and expand her business she,1692,0.128505,33
is group leader often described,1691,0.128429,3
will be able to provide,1690,0.128353,31
but she has not been,1689,0.128277,7
will use to pay for,1688,0.128201,20
is amt year old resident,1687,0.128125,13
seeds and fertilizer for the,1687,0.128125,10
she will now be able,1687,0.128125,7
to sell at the market,1686,0.12805,24
best farmers in her village,1685,0.127974,3
rice sugar soap and other,1685,0.127974,7
through her profits she will,1684,0.127898,3
years she will use this,1684,0.127898,14
and dream for the future,1682,0.127746,6
harvest to send his children,1682,0.127746,3
currently attending school name runs,1680,0.127594,4
in rural village in the,1680,0.127594,8
representative she is amt years,1680,0.127594,7
and has amt children he,1679,0.127518,23
year harvest to send his,1679,0.127518,3
and lives with his wife,1678,0.127442,24
for amt years she will,1678,0.127442,14
business so that she can,1677,0.127366,36
increase her profits and satisfy,1677,0.127366,3
mother of two children who,1677,0.127366,30
with the loan she will,1677,0.127366,32
care of her family she,1676,0.12729,30
enjoys interacting with her customers,1675,0.127214,3
is in school she has,1675,0.127214,16
seeking amt org loan through,1675,0.127214,4
use to greatly improve her,1675,0.127214,3
capital to run the business,1674,0.127138,9
children she is amt years,1674,0.127138,27
at the market she is,1673,0.127062,21
has amt cows and amt,1673,0.127062,5
needs to improve her business,1673,0.127062,10
is why she wants to,1672,0.126986,19
to earn good amount of,1672,0.126986,3
will go long way in,1672,0.126986,6
with one child she runs,1672,0.126986,11
and org for their support,1671,0.12691,6
her business activities with her,1671,0.12691,4
man who lives with his,1671,0.12691,24
married woman she has amt,1671,0.12691,18
org and org for their,1670,0.126834,4
married woman with amt children,1669,0.126758,32
improve the living conditions of,1668,0.126682,27
is group leader and is,1668,0.126682,5
loan to buy fertilizer and,1668,0.126682,23
living in the area of,1667,0.126607,4
due to the high costs,1666,0.126531,9
thank her kiva lenders for,1666,0.126531,5
name requested loan from org,1665,0.126455,14
hopes that with the help,1664,0.126379,12
items to sell to her,1664,0.126379,15
to build their self esteem,1664,0.126379,5
to use the profits he,1663,0.126303,10
district in loc she is,1662,0.126227,12
for her family and providing,1662,0.126227,4
married with six children name,1662,0.126227,9
name is married mother of,1662,0.126227,22
this loan will be of,1662,0.126227,8
to her neighbors and passersby,1662,0.126227,5
to thank her kiva lenders,1662,0.126227,5
she will use to greatly,1661,0.126151,3
three children who are still,1661,0.126151,17
wants to take out loan,1661,0.126151,17
and passersby she faces major,1660,0.126075,3
old married woman with four,1660,0.126075,22
with few years of experience,1660,0.126075,4
income for his family he,1659,0.125999,22
she enjoys interacting with her,1659,0.125999,3
to maintain her business name,1659,0.125999,7
two children name is in,1659,0.125999,6
would like her children to,1659,0.125999,11
district loc she is mother,1658,0.125923,4
she wants to provide better,1658,0.125923,14
to the high costs of,1658,0.125923,8
will be able to achieve,1658,0.125923,22
seeds will assure her of,1657,0.125847,3
this loan in order to,1657,0.125847,33
for farming so she is,1656,0.125771,3
of bumper harvest and increased,1656,0.125771,4
and blessed with five children,1655,0.125695,12
year amt and has benefited,1655,0.125695,3
org learner guide facilitating classes,1654,0.125619,5
the help of org and,1654,0.125619,8
amt bedroom house with access,1653,0.125543,3
years she has been working,1653,0.125543,19
which will allow her to,1652,0.125467,35
in order to generate greater,1651,0.125391,9
for amt years his business,1650,0.125315,16
amt year old farmer from,1649,0.125239,12
is able to get the,1649,0.125239,6
loc she is mother to,1649,0.125239,9
she really hopes for your,1649,0.125239,4
and is requesting loan to,1648,0.125163,27
has had no problems with,1647,0.125088,4
in this photo is name,1647,0.125088,6
is his first loan with,1647,0.125088,13
market to earn living she,1647,0.125088,6
to run the business and,1647,0.125088,10
use the additional income to,1647,0.125088,10
year old single mother of,1647,0.125088,28
business for two years and,1646,0.125012,21
to cover the cost of,1646,0.125012,28
amt children and is known,1645,0.124936,4
have sufficient cash on hand,1645,0.124936,3
this loan to buy cereals,1645,0.124936,5
years she successfully repaid her,1645,0.124936,3
hence she has applied for,1644,0.12486,4
is married and the father,1644,0.12486,28
order to increase her income,1644,0.12486,27
to achieve this she seeks,1644,0.12486,3
help name generate greater profits,1643,0.124784,4
two children name is married,1643,0.124784,4
he is married and blessed,1642,0.124708,11
passersby she faces major challenge,1642,0.124708,3
wants to thank her kiva,1642,0.124708,4
is mother of amt children,1641,0.124632,33
new loan she is going,1641,0.124632,9
she intends to buy different,1641,0.124632,3
the org amt clean cookstove,1641,0.124632,4
guide facilitating classes from org,1640,0.124556,5
this business amt years ago,1640,0.124556,21
with her family and she,1640,0.124556,13
etc in the future name,1639,0.12448,4
years old and widow with,1639,0.12448,22
he lives with his wife,1638,0.124404,27
her family and providing for,1638,0.124404,4
of org amt she is,1638,0.124404,10
provide her family with decent,1638,0.124404,14
among the best farmers in,1637,0.124328,3
would like to repair and,1637,0.124328,3
loan will go long way,1636,0.124252,9
of her family she has,1635,0.124176,31
of her family she is,1635,0.124176,30
her house and send her,1634,0.1241,6
he plans to use this,1632,0.123948,22
name wants to thank her,1632,0.123948,6
and fertilizer for the coming,1631,0.123872,3
fertilizer and other farm supplies,1631,0.123872,5
helping to build their self,1631,0.123872,5
four children name is in,1630,0.123796,3
sufficient capital to run the,1630,0.123796,3
wants to meet the demand,1630,0.123796,9
achieve this she seeks loan,1629,0.12372,3
educate her children in the,1629,0.12372,10
the right of the photo,1629,0.12372,9
old and married she is,1628,0.123645,31
amt is married woman with,1627,0.123569,18
variety of fish to sell,1626,0.123493,7
amt in loc loc he,1625,0.123417,3
to org and org for,1625,0.123417,6
first time in amt and,1624,0.123341,3
primary source of income for,1624,0.123341,17
standard of living by providing,1624,0.123341,6
and is known by her,1623,0.123265,3
faces major challenge of seasonality,1623,0.123265,3
is requesting she wants to,1623,0.123265,6
group leader and is representing,1622,0.123189,3
with four children name has,1622,0.123189,12
amt she is married and,1621,0.123113,29
at the local market she,1621,0.123113,31
had no problems with her,1621,0.123113,4
of income is from her,1621,0.123113,12
org to buy additional materials,1621,0.123113,3
school helping to build their,1621,0.123113,5
the market with this loan,1621,0.123113,10
charcoal energy expenses she spends,1620,0.123037,3
she has been running her,1620,0.123037,31
is hoping for your support,1619,0.122961,4
like to build and develop,1618,0.122885,3
however she has not been,1617,0.122809,5
buy more fish to sell,1616,0.122733,14
will help her to pay,1616,0.122733,24
she needs to improve her,1615,0.122657,14
live in their own house,1614,0.122581,14
to send her child to,1614,0.122581,17
for four years now and,1613,0.122505,14
is married man he has,1613,0.122505,12
she is requesting new loan,1613,0.122505,24
through her business to contribute,1613,0.122505,5
to feed her family and,1613,0.122505,21
that will be used in,1612,0.122429,12
amt children she describes herself,1611,0.122353,4
maize seeds and fertilizer for,1611,0.122353,4
children she has been farmer,1610,0.122277,12
earn good amount of income,1610,0.122277,3
she runs business where she,1610,0.122277,9
to support his family he,1610,0.122277,27
is the mother of four,1609,0.122201,30
is seeking loan to pay,1607,0.12205,11
loan will help improve their,1607,0.12205,6
became very difficult for her,1606,0.121974,3
means that he is able,1606,0.121974,3
she wants to give her,1605,0.121898,16
an amount of org amt,1603,0.121746,4
is married woman name is,1603,0.121746,4
through org to buy fertilizer,1603,0.121746,5
her business continues to grow,1602,0.12167,14
enough through her business to,1601,0.121594,4
she is returning borrower and,1601,0.121594,4
difficult for her to bear,1600,0.121518,3
she will use the money,1600,0.121518,31
an additional loan to further,1599,0.121442,5
has one child name is,1599,0.121442,15
her sales for amt years,1599,0.121442,3
problems with her business she,1599,0.121442,4
she is able to get,1599,0.121442,20
take good care of her,1599,0.121442,23
this means that he is,1599,0.121442,3
her business goal is to,1598,0.121366,10
decided to apply for loan,1596,0.121214,21
experienced and has good contacts,1596,0.121214,4
org amt clean cookstove is,1596,0.121214,4
sell she would like to,1596,0.121214,19
help to improve her business,1595,0.121138,10
she asked for loan with,1594,0.121062,4
to take care of the,1594,0.121062,33
very experienced and has good,1594,0.121062,4
they live in their own,1593,0.120986,12
to sell she would like,1593,0.120986,19
business for four years and,1592,0.12091,22
fresh fish to sell name,1592,0.12091,3
to buy variety of fish,1592,0.12091,8
whom attend school she lives,1592,0.12091,11
be able to purchase high,1591,0.120834,6
finally she would like to,1591,0.120834,4
information on the org amt,1591,0.120834,4
market with this loan she,1591,0.120834,14
married woman and the mother,1591,0.120834,23
she used her previous loan,1591,0.120834,15
will be used to stock,1591,0.120834,12
and improve her living conditions,1590,0.120758,25
requested an additional loan to,1590,0.120758,4
she is dedicated mother and,1590,0.120758,4
to help her husband she,1590,0.120758,17
will help name generate greater,1590,0.120758,4
able to purchase high quality,1589,0.120683,7
thanks to org and org,1588,0.120607,4
the market at higher prices,1588,0.120607,3
with four children two of,1588,0.120607,22
with her previous loan which,1588,0.120607,10
is very experienced and has,1587,0.120531,6
the profits she makes from,1587,0.120531,19
will use the additional income,1587,0.120531,11
for three years and sells,1586,0.120455,8
makes enough through her business,1586,0.120455,4
two children she works hard,1586,0.120455,13
and its field partner org,1585,0.120379,5
basic needs for the family,1585,0.120379,12
involved in other agricultural activities,1585,0.120379,3
is mother of three children,1585,0.120379,31
wants to provide better future,1585,0.120379,6
of saving enough money to,1584,0.120303,6
married with seven children she,1583,0.120227,16
two children ages amt and,1583,0.120227,24
has been running an embroidery,1582,0.120151,3
make more income for her,1582,0.120151,9
good contacts in the market,1581,0.120075,4
is requesting another loan to,1581,0.120075,26
the past few years she,1581,0.120075,15
seeds to enable her to,1580,0.119999,3
this business for amt year,1580,0.119999,11
and has good contacts in,1579,0.119923,4
has good contacts in the,1579,0.119923,4
loc she is happily married,1579,0.119923,9
the profits from her business,1579,0.119923,31
they live in community in,1579,0.119923,3
to greatly improve her crop,1579,0.119923,3
her loan on time and,1578,0.119847,13
buy land and build house,1577,0.119771,9
fees for her children name,1577,0.119771,19
is working hard to support,1577,0.119771,12
household expenses for this reason,1576,0.119695,5
other items to sell in,1576,0.119695,12
business for two years now,1575,0.119619,19
business for four years she,1574,0.119543,25
to have sufficient capital to,1574,0.119543,6
will be able to meet,1574,0.119543,29
with portion of this loan,1574,0.119543,3
married with three children two,1573,0.119467,20
provide better life for his,1573,0.119467,19
business for six years and,1571,0.119315,18
goal of further developing her,1571,0.119315,6
her business and improve her,1571,0.119315,30
her business with the loan,1571,0.119315,25
purchase additional sacks of charcoal,1571,0.119315,4
requesting she wants to purchase,1571,0.119315,3
she wants to build house,1571,0.119315,12
years old she lives with,1571,0.119315,29
to get out of poverty,1570,0.119239,8
and continue sending her children,1569,0.119164,5
she earns living by farming,1569,0.119164,5
but does not have sufficient,1568,0.119088,5
for the support of lenders,1568,0.119088,6
has high school education and,1568,0.119088,3
money to be able to,1568,0.119088,23
runs business buying and selling,1568,0.119088,8
has rice farming business in,1567,0.119012,3
will help her pay for,1567,0.119012,19
amt children all of whom,1566,0.118936,25
has requested an additional loan,1566,0.118936,4
she also sells milk to,1566,0.118936,6
business for three years name,1565,0.11886,20
community in order to get,1565,0.11886,3
have sufficient capital to run,1565,0.11886,4
will allow her to buy,1565,0.11886,27
mother of amt children amt,1564,0.118784,25
be able to improve her,1563,0.118708,30
from org for amt org,1563,0.118708,7
needs of the entire family,1563,0.118708,6
one child in school name,1563,0.118708,3
per day amt days week,1563,0.118708,4
with five children she has,1563,0.118708,20
at the age of amt,1562,0.118632,29
she is requesting she wants,1561,0.118556,5
the profits from her sales,1561,0.118556,18
years now she would like,1560,0.11848,8
and personal care products in,1559,0.118404,3
is to have sufficient capital,1559,0.118404,5
anticipated income to pay school,1558,0.118328,4
the primary source of income,1558,0.118328,16
in the market with this,1557,0.118252,8
the needs of the entire,1557,0.118252,5
business with your help name,1556,0.118176,5
five children three of whom,1555,0.1181,25
from this season harvest she,1555,0.1181,3
with charcoal energy expenses she,1555,0.1181,3
amt years old widowed and,1554,0.118024,29
married parent of four children,1554,0.118024,3
the future name hopes to,1554,0.118024,24
enough food for her family,1553,0.117948,13
has six children name is,1553,0.117948,9
old name she is married,1553,0.117948,7
sell to her customers name,1553,0.117948,15
she would like to use,1553,0.117948,27
is requesting the loan to,1552,0.117872,19
she makes profit from farming,1552,0.117872,3
old mother of three children,1550,0.117721,28
back into the business to,1549,0.117645,9
give her children good education,1549,0.117645,17
in the market at higher,1549,0.117645,3
loc kiva lending partner to,1549,0.117645,3
name is married man with,1549,0.117645,18
this new loan she is,1549,0.117645,10
amt years he has been,1548,0.117569,22
and has two children he,1548,0.117569,25
her business as well as,1548,0.117569,32
her dream is to build,1548,0.117569,20
mother of three children who,1548,0.117569,32
of amt children amt of,1548,0.117569,18
business for six years now,1547,0.117493,13
contacts in the market with,1547,0.117493,4
name he is amt years,1547,0.117493,16
to provide for her children,1547,0.117493,30
food for her family she,1546,0.117417,20
has applied for kiva loan,1546,0.117417,16
her retail shop which sells,1545,0.117341,4
the proceeds from the loan,1545,0.117341,11
married woman who is amt,1544,0.117265,17
org for the second time,1544,0.117265,5
source of income comes from,1544,0.117265,19
source of income for his,1544,0.117265,20
good amount of income to,1543,0.117189,4
has invested time and resources,1543,0.117189,3
business she has been sustaining,1542,0.117113,3
business with the loan she,1542,0.117113,21
farmer who has invested time,1542,0.117113,3
of three children she is,1542,0.117113,28
who has invested time and,1542,0.117113,3
that will help her to,1541,0.117037,27
to save more money for,1541,0.117037,9
with this loan she can,1541,0.117037,23
and provide basic needs for,1540,0.116961,11
name would like to expand,1540,0.116961,23
that education is the key,1540,0.116961,7
to buy seeds and fertilizers,1540,0.116961,22
use the profits she gains,1540,0.116961,3
this loan will help name,1539,0.116885,29
could increase her profits and,1538,0.116809,3
her business she will repay,1538,0.116809,8
old and single with one,1538,0.116809,14
old she lives with her,1538,0.116809,29
she makes enough through her,1538,0.116809,3
is happily married and blessed,1537,0.116733,6
repay the loan on time,1537,0.116733,16
this year she decided to,1537,0.116733,5
has been able to earn,1536,0.116657,20
run the business and to,1536,0.116657,4
which will enable her to,1536,0.116657,33
with three children with two,1536,0.116657,6
able to provide for her,1535,0.116581,29
born in amt and lives,1534,0.116505,7
four children she works hard,1534,0.116505,12
of income for his family,1534,0.116505,20
believes she can have better,1533,0.116429,5
to amt children and is,1533,0.116429,4
child she works very hard,1532,0.116353,5
expenses for this reason she,1532,0.116353,10
income he hopes you will,1532,0.116353,5
help improve their standard of,1531,0.116277,7
more income from this business,1531,0.116277,5
further develop her farm name,1530,0.116202,5
the business and to be,1530,0.116202,6
as fertilizer and seeds to,1529,0.116126,3
because it helps to support,1529,0.116126,3
married woman who lives in,1529,0.116126,16
org loc field partner of,1529,0.116126,4
be able to satisfy the,1528,0.11605,12
blessed with two children who,1528,0.11605,11
definitely expand her business and,1528,0.11605,4
income from buying and selling,1528,0.11605,8
new loan to buy amt,1528,0.11605,9
and dreams are to be,1527,0.115974,4
fuels and electricity expenses name,1527,0.115974,3
has amt years of experience,1527,0.115974,25
now in the future she,1527,0.115974,5
will definitely expand her business,1527,0.115974,4
with her family she is,1527,0.115974,29
meticulous farmer who has invested,1526,0.115898,3
name she was born in,1526,0.115898,6
sell it at higher price,1526,0.115898,8
is meticulous farmer who has,1525,0.115822,3
pictured above she is amt,1525,0.115822,3
that she can increase her,1525,0.115822,34
their basic needs however she,1525,0.115822,3
whom attend school she owns,1525,0.115822,5
will help improve their standard,1525,0.115822,5
has applied for her first,1524,0.115746,7
loan to buy bags of,1524,0.115746,23
community in order to earn,1523,0.11567,7
loan amount of amt org,1523,0.11567,13
her household expenses for this,1522,0.115594,3
other items to sell to,1522,0.115594,12
dreams of expanding her business,1521,0.115518,25
life he is amt year,1521,0.115518,7
she also hopes to improve,1521,0.115518,9
such as seeds and fertilizers,1521,0.115518,10
old mother of two children,1520,0.115442,23
save more money for the,1520,0.115442,6
amt per month she also,1519,0.115366,6
market at higher prices she,1519,0.115366,4
has been able to provide,1517,0.115214,26
she hopes to increase her,1517,0.115214,30
she is very excited to,1517,0.115214,12
her family main source of,1516,0.115138,14
in order to generate more,1516,0.115138,25
is single and lives with,1516,0.115138,23
to renovate her house and,1516,0.115138,23
order to develop her business,1515,0.115062,19
really hopes for your help,1515,0.115062,3
and single with one child,1514,0.114986,15
family income she also sells,1514,0.114986,5
multi bedroom house with access,1514,0.114986,4
sell to her customers she,1514,0.114986,21
use her profits to pay,1514,0.114986,24
is now seeking loan to,1513,0.11491,18
loc she is requesting kiva,1513,0.11491,7
wants to give her family,1513,0.11491,8
above she is amt years,1512,0.114834,3
back the loan and improve,1512,0.114834,4
her family with the profits,1512,0.114834,22
lives in loc loc he,1511,0.114759,13
years old she is widow,1511,0.114759,27
and single with two children,1510,0.114683,11
for the amount of amt,1510,0.114683,11
with his own working capital,1510,0.114683,7
challenge of seasonality in her,1509,0.114607,3
more money for the future,1509,0.114607,6
org for amt org which,1509,0.114607,5
from org loc field partner,1508,0.114531,3
her business so that she,1508,0.114531,34
income she also sells milk,1508,0.114531,6
name understands the importance of,1508,0.114531,9
of fresh fish to sell,1508,0.114531,10
with the loan she is,1508,0.114531,21
running her business she will,1507,0.114455,6
that is the reason her,1506,0.114379,4
the family income she also,1506,0.114379,6
average income of amt per,1505,0.114303,5
improve his family living conditions,1505,0.114303,25
joined org in amt to,1505,0.114303,4
for this reason she contacted,1504,0.114227,3
old and single with two,1504,0.114227,11
with four children three of,1503,0.114151,21
she is very experienced and,1502,0.114075,9
earning an average income of,1501,0.113999,5
five children two of whom,1501,0.113999,26
this loan she will definitely,1501,0.113999,4
three children she earns living,1501,0.113999,14
was born in amt she,1501,0.113999,11
her husband is construction worker,1500,0.113923,12
livestock she has been in,1500,0.113923,7
to provide for the family,1500,0.113923,30
considered among the best farmers,1499,0.113847,3
he would like loan of,1499,0.113847,3
name never had the opportunity,1499,0.113847,4
so that she can increase,1499,0.113847,34
to generate greater profits she,1499,0.113847,4
her business will continue to,1498,0.113771,16
her husband with the family,1498,0.113771,18
to providing for her family,1498,0.113771,13
and secure the future of,1497,0.113695,8
for her family and save,1497,0.113695,10
loan will help her pay,1497,0.113695,12
income she hopes you will,1496,0.113619,6
name has asked for loan,1496,0.113619,23
fees for her children her,1495,0.113543,12
for the coming harvesting season,1495,0.113543,3
her family she has food,1495,0.113543,5
individual she is amt years,1495,0.113543,3
the quality of her farm,1495,0.113543,5
name and her family are,1494,0.113467,12
old married woman who lives,1494,0.113467,21
renovate her house and send,1494,0.113467,3
has been raising livestock for,1493,0.113391,10
name is very grateful for,1493,0.113391,15
school fees for her child,1493,0.113391,20
with her husband and three,1493,0.113391,30
able to save money to,1492,0.113315,13
and sell it at higher,1492,0.113315,5
main source of income she,1492,0.113315,22
ingredients for her food vending,1490,0.113164,3
loan she will definitely expand,1490,0.113164,4
she will definitely expand her,1490,0.113164,4
this is her fourth loan,1490,0.113164,19
you will help and fund,1490,0.113164,4
her sales she is very,1489,0.113088,9
her second loan with org,1489,0.113088,14
needs name and her family,1489,0.113088,3
of amt children who are,1489,0.113088,22
to meet her customers demands,1489,0.113088,27
fertilizer for the coming harvesting,1488,0.113012,3
is considered among the best,1488,0.113012,4
blessed with three children who,1487,0.112936,11
but she does not have,1487,0.112936,24
from loc she is amt,1487,0.112936,13
has one child she is,1487,0.112936,28
her goal is to buy,1487,0.112936,17
in loc she is married,1487,0.112936,27
in order to increase the,1487,0.112936,31
she would like to have,1487,0.112936,25
in order to purchase more,1486,0.11286,25
that her business will continue,1486,0.11286,13
and its lenders for the,1485,0.112784,7
and other assorted items to,1485,0.112784,4
org in order to build,1485,0.112784,6
requested new loan to pay,1485,0.112784,7
parent of two children name,1484,0.112708,4
three children in school name,1482,0.112556,8
at higher prices she makes,1481,0.11248,3
has seen her life improve,1480,0.112404,3
kiva and its field partner,1480,0.112404,5
loan with the help of,1480,0.112404,9
aged between amt and amt,1479,0.112328,21
enough money to be able,1479,0.112328,10
in this business for over,1479,0.112328,29
secure better future for her,1479,0.112328,16
applied for her first loan,1478,0.112252,10
org loan to buy more,1478,0.112252,18
right in the photo with,1478,0.112252,5
and has three children he,1477,0.112176,22
help support her family she,1477,0.112176,21
rice to sell she has,1477,0.112176,5
used the profit she earned,1477,0.112176,5
will use the money to,1477,0.112176,27
will be able to satisfy,1476,0.1121,15
but also contributes to the,1474,0.111948,5
in the future and become,1474,0.111948,5
to assist her in running,1474,0.111948,3
year name has been working,1473,0.111872,5
her neighbors and passersby she,1472,0.111797,5
the loc district of loc,1472,0.111797,14
with his family in the,1472,0.111797,22
amt org to purchase more,1471,0.111721,13
her family she has three,1471,0.111721,13
of five children name works,1471,0.111721,6
the profit she earned to,1471,0.111721,5
why she wants to buy,1471,0.111721,9
would like to ask for,1471,0.111721,10
for over amt years she,1470,0.111645,27
name requested this loan through,1470,0.111645,4
whom is in school at,1470,0.111645,3
family she has three children,1469,0.111569,11
well being of her family,1469,0.111569,28
on the right in the,1468,0.111493,13
that is why she wants,1468,0.111493,12
who lives with his family,1468,0.111493,21
she has seen her life,1467,0.111417,3
to support her five children,1467,0.111417,5
old and single name has,1466,0.111341,7
the profits she earns from,1466,0.111341,19
to buy solar lamp she,1466,0.111341,3
and other supplies for her,1465,0.111265,15
with amt children who are,1465,0.111265,28
amt amt and amt years,1464,0.111189,20
for amt years he has,1464,0.111189,26
she is going to use,1464,0.111189,24
amt cookstove to help her,1463,0.111113,4
amt years old her husband,1463,0.111113,22
clothing sales business in the,1463,0.111113,3
four years now and has,1463,0.111113,6
her loan to buy more,1463,0.111113,18
name wants to meet the,1463,0.111113,6
take out loan to buy,1463,0.111113,19
for her and her family,1462,0.111037,30
has been blessed with amt,1462,0.111037,7
her family and contributing to,1462,0.111037,4
she has business buying and,1462,0.111037,10
women who live in the,1462,0.111037,8
year old mother of amt,1462,0.111037,30
in her business and to,1461,0.110961,24
amt and lives in loc,1460,0.110885,18
to purchase more animals to,1460,0.110885,8
boxes of fresh fish to,1459,0.110809,5
for the basic needs of,1459,0.110809,25
has applied for loan from,1459,0.110809,20
married and blessed with five,1459,0.110809,10
org one to help him,1459,0.110809,3
the profits from the loan,1459,0.110809,15
wants to grow her business,1459,0.110809,29
her portion of the loan,1458,0.110733,17
in amt and lives in,1458,0.110733,6
to grow her business she,1458,0.110733,31
to support her family during,1457,0.110657,8
and the mother of one,1456,0.110581,32
has six children she is,1456,0.110581,24
is very kind and responsible,1456,0.110581,4
and the mother of six,1455,0.110505,28
fresh fish to sell and,1455,0.110505,6
life and that of her,1455,0.110505,17
loan to purchase farming inputs,1455,0.110505,8
she sells groceries and beverages,1455,0.110505,4
since then she has seen,1455,0.110505,4
then she has seen her,1455,0.110505,4
is confident that she will,1454,0.110429,17
this loan will also help,1454,0.110429,19
to support her family by,1454,0.110429,20
build house of her own,1453,0.110353,8
best for her children she,1452,0.110278,8
profits to reinvest in her,1452,0.110278,14
she can have better one,1451,0.110202,3
she will use the additional,1451,0.110202,12
to buy fertilizer and other,1451,0.110202,9
to be able to support,1450,0.110126,28
with good quality education name,1450,0.110126,3
farming for the past amt,1449,0.11005,16
expand her business and income,1448,0.109974,4
to improve the condition of,1448,0.109974,17
acquire new farming methods since,1447,0.109898,3
and her husband have been,1447,0.109898,21
fertilizer and hybrid seeds and,1447,0.109898,3
sales she is very experienced,1447,0.109898,4
to develop her business further,1447,0.109898,17
and to educate her children,1446,0.109822,18
loan for the second time,1446,0.109822,10
org to buy fertilizer and,1446,0.109822,10
is married and has six,1445,0.109746,33
org through kiva field partner,1445,0.109746,12
name she is married and,1444,0.10967,19
one child in school she,1444,0.10967,9
she and her family live,1444,0.10967,23
is asking for new loan,1443,0.109594,17
name amt year old married,1443,0.109594,22
to purchase additional packs of,1443,0.109594,3
to thank all the lenders,1443,0.109594,11
as part of his loan,1441,0.109442,3
to buy sacks of rice,1441,0.109442,15
describes herself to be honest,1440,0.109366,3
good profit this will be,1440,0.109366,4
married and is the mother,1440,0.109366,23
needs of her family she,1440,0.109366,29
farm inputs that will boost,1439,0.10929,4
for fulfilling the needs of,1439,0.10929,6
she operates farm where she,1439,0.10929,3
this is name she is,1439,0.10929,16
to satisfy her customers and,1439,0.10929,18
has three children she has,1438,0.109214,28
her goal is to have,1438,0.109214,19
kiva field partner org she,1437,0.109138,16
name is formed by amt,1437,0.109138,3
this loan he will be,1437,0.109138,28
years ago she started her,1437,0.109138,20
as the main source of,1436,0.109062,15
described as very hardworking individual,1436,0.109062,6
org through org to invest,1436,0.109062,3
responsible for fulfilling the needs,1436,0.109062,6
will allow her to increase,1436,0.109062,27
is to educate her children,1435,0.108986,17
lives in the province of,1435,0.108986,6
will help her improve her,1435,0.108986,26
amt because he wanted to,1434,0.10891,3
her business and change her,1434,0.10891,11
in their first year of,1434,0.10891,3
in amt because he wanted,1433,0.108835,3
name is very thankful for,1433,0.108835,15
the profits he earns from,1433,0.108835,15
years she has been operating,1433,0.108835,18
to educate her children in,1432,0.108759,12
amt year old widow with,1431,0.108683,33
loan from org in the,1431,0.108683,10
requested an amount of org,1431,0.108683,3
seen her life improve especially,1431,0.108683,3
she wants to buy thread,1431,0.108683,4
the business in the future,1431,0.108683,16
to improve her farm productivity,1431,0.108683,6
why she is seeking this,1430,0.108607,8
and lives in loc she,1429,0.108531,22
hardworking individual she is amt,1429,0.108531,3
hopes you will help and,1429,0.108531,4
income is from her husband,1429,0.108531,5
is hopeful that kiva lenders,1429,0.108531,5
he will use to buy,1428,0.108455,26
field partner org to buy,1427,0.108379,18
has requested this loan to,1427,0.108379,29
partners for the support they,1426,0.108303,4
amt years old with one,1425,0.108227,18
and promises to repay her,1425,0.108227,7
challenge name is facing is,1425,0.108227,3
she is single mother of,1425,0.108227,30
loan that she will use,1424,0.108151,27
for loan amount of org,1423,0.108075,4
amt year old man from,1422,0.107999,18
business for two years she,1422,0.107999,25
group she is amt years,1422,0.107999,13
her business they live in,1422,0.107999,3
name is maize farmer from,1422,0.107999,3
name plans to invest the,1422,0.107999,8
one to help him and,1422,0.107999,3
the challenge name is facing,1422,0.107999,3
high quality inputs such as,1421,0.107923,4
his farm and increase his,1421,0.107923,12
the city of loc she,1421,0.107923,17
in loc she is requesting,1420,0.107847,14
org from org to buy,1420,0.107847,5
such as seeds and fertilizer,1420,0.107847,7
to buy amt bags of,1420,0.107847,19
of two children she is,1419,0.107771,28
been engaged in animal husbandry,1418,0.107695,5
send her child to college,1418,0.107695,5
she would like her children,1418,0.107695,9
the profits she earns to,1418,0.107695,18
has two children one of,1417,0.107619,22
loan of amt org for,1417,0.107619,13
her goal is to build,1416,0.107543,18
loc area of loc name,1416,0.107543,3
major challenge of seasonality in,1416,0.107543,3
the loc district she is,1416,0.107543,11
feed her family with the,1415,0.107467,6
is made up of amt,1415,0.107467,16
not have enough money to,1415,0.107467,26
the money from the loan,1415,0.107467,16
would like to buy more,1415,0.107467,26
her business and income level,1414,0.107391,4
it will allow her to,1414,0.107391,25
items she would like to,1414,0.107391,12
better living conditions for her,1413,0.107316,26
has no problems with her,1413,0.107316,5
in order to meet her,1413,0.107316,32
of this loan with her,1413,0.107316,4
six children name works hard,1413,0.107316,5
the profits will be used,1413,0.107316,17
and amt of them are,1412,0.10724,18
with two children both of,1412,0.10724,17
her business she wants to,1411,0.107164,31
lives in the loc district,1411,0.107164,17
neighbors and passersby she faces,1411,0.107164,3
other items to sell and,1411,0.107164,7
the loan she plans to,1411,0.107164,23
to take good care of,1411,0.107164,24
she meets her customers demands,1410,0.107088,5
her husband and three children,1409,0.107012,30
loc with her husband and,1409,0.107012,24
will be in position to,1409,0.107012,9
of amt org through kiva,1408,0.106936,11
old and she is married,1408,0.106936,29
to do so because she,1408,0.106936,4
house and send her children,1407,0.10686,7
so because she wanted to,1407,0.10686,3
agricultural activities such as growing,1406,0.106784,4
do so because she wanted,1406,0.106784,3
she runs business buying and,1406,0.106784,6
with her family in village,1406,0.106784,16
for her family thanks to,1405,0.106708,20
in the area and that,1405,0.106708,4
years old and has eight,1405,0.106708,13
season harvest she plans to,1404,0.106632,3
the loan she is requesting,1404,0.106632,19
this season harvest she plans,1404,0.106632,3
hopes to have your support,1403,0.106556,4
married mother of two children,1403,0.106556,30
name dreams of transforming her,1403,0.106556,3
person she has been working,1403,0.106556,8
she is very hardworking and,1403,0.106556,20
ensure she meets her customers,1402,0.10648,3
from org in the amount,1402,0.10648,8
he does not have to,1402,0.10648,11
old and has eight children,1402,0.10648,12
three children she has been,1402,0.10648,31
tries her utmost to provide,1402,0.10648,7
also involved in other agricultural,1401,0.106404,3
as very hardworking individual she,1400,0.106328,3
business she requested this loan,1400,0.106328,6
children she and her husband,1400,0.106328,22
now be able to have,1400,0.106328,4
support her five children she,1400,0.106328,3
the loc province of loc,1400,0.106328,5
will be able to receive,1400,0.106328,11
will strengthen her initial capital,1400,0.106328,3
for two years now and,1399,0.106252,14
he has been farmer for,1399,0.106252,17
living conditions of her family,1399,0.106252,27
are currently in school she,1398,0.106176,20
currently in school she is,1398,0.106176,13
five children she works very,1398,0.106176,4
org for the purchase of,1398,0.106176,9
the business for amt years,1398,0.106176,26
to build better house for,1398,0.106176,8
allow her to increase her,1397,0.1061,26
children she describes herself as,1397,0.1061,7
children still in school she,1397,0.1061,9
has been engaged in farming,1397,0.1061,14
her family she has two,1397,0.1061,16
not have to worry about,1397,0.1061,6
the area and that is,1397,0.1061,4
loan from org loc kiva,1396,0.106024,3
the future is to build,1396,0.106024,13
with her hand raised she,1396,0.106024,8
has been engaged in animal,1395,0.105948,7
save enough money to be,1395,0.105948,3
source of income has been,1395,0.105948,11
such as fertilizers herbicides and,1395,0.105948,6
to save enough to build,1395,0.105948,3
with his family he is,1395,0.105948,22
her to pay school fees,1394,0.105873,17
like her children to continue,1394,0.105873,6
through org to help improve,1394,0.105873,3
be able to buy more,1393,0.105797,27
famous in the area and,1393,0.105797,3
he is requesting this loan,1393,0.105797,24
loc field partner of kiva,1393,0.105797,4
because she wanted to have,1392,0.105721,7
is currently in school for,1392,0.105721,3
one of whom is still,1392,0.105721,20
to ensure she meets her,1392,0.105721,4
additional stocks of groceries to,1391,0.105645,3
business she will use the,1391,0.105645,30
continue her children education she,1391,0.105645,4
inputs such as fertilizers herbicides,1391,0.105645,7
to high quality inputs such,1391,0.105645,3
with the goal of increasing,1391,0.105645,19
by continuing to work alongside,1390,0.105569,3
dream of saving enough to,1390,0.105569,3
farmer to support his family,1390,0.105569,7
for her business continues to,1390,0.105569,3
loc she is mother of,1389,0.105493,19
feed and vitamins to raise,1388,0.105417,3
three hours per week as,1388,0.105417,5
will change her life and,1388,0.105417,5
would like to use her,1388,0.105417,18
name has been running an,1387,0.105341,9
love for her business continues,1386,0.105265,3
married mother of four children,1386,0.105265,28
mother taught her how to,1386,0.105265,6
use to pay for farm,1386,0.105265,3
age amt is married and,1385,0.105189,23
family living standards she hopes,1385,0.105189,7
loc in amt and has,1385,0.105189,4
married and works hard to,1384,0.105113,7
two are currently attending school,1384,0.105113,3
name would like to repair,1383,0.105037,4
her utmost to provide her,1382,0.104961,9
in the loc province of,1382,0.104961,6
in the photo is name,1382,0.104961,10
loan will provide name with,1382,0.104961,4
profits and be able to,1382,0.104961,14
save enough to build house,1382,0.104961,3
because she wanted to earn,1381,0.104885,5
both the quality and quantity,1381,0.104885,4
since amt thanks to her,1381,0.104885,6
single mother of two children,1381,0.104885,26
amt this decision was largely,1380,0.104809,3
business for two years name,1380,0.104809,18
her life improve especially in,1380,0.104809,3
profits she earns from this,1380,0.104809,8
through kiva lending partner org,1380,0.104809,7
use the profits from her,1380,0.104809,21
and is considered among the,1379,0.104733,3
because she wants to give,1379,0.104733,6
get more income from this,1379,0.104733,5
her to expand her business,1379,0.104733,33
is married and two of,1379,0.104733,5
she wanted to earn enough,1379,0.104733,3
district in loc she runs,1378,0.104657,6
of dried fish to sell,1378,0.104657,8
utmost to provide her family,1378,0.104657,8
help her husband she has,1377,0.104581,10
buy variety of fish to,1376,0.104505,5
has increased name wants to,1376,0.104505,3
loan from org loc field,1376,0.104505,3
loan to stock up on,1376,0.104505,22
requesting new loan to buy,1376,0.104505,18
business for more than amt,1375,0.104429,28
source of income she has,1375,0.104429,24
as farmer to support his,1374,0.104354,5
farming business for amt years,1374,0.104354,9
with three children she earns,1374,0.104354,7
her dream is to become,1373,0.104278,22
in amt he has been,1373,0.104278,8
monthly expense is food for,1373,0.104278,3
she has been working for,1373,0.104278,21
is her third loan with,1372,0.104202,19
married and two of her,1372,0.104202,5
old and two of her,1372,0.104202,5
she wishes to expand her,1372,0.104202,21
with her previous kiva loan,1372,0.104202,11
experience and is considered among,1370,0.10405,3
learned this trade from her,1370,0.10405,8
for the last five years,1369,0.103974,24
income she has applied for,1369,0.103974,12
shop business in the loc,1369,0.103974,3
which will strengthen her initial,1369,0.103974,3
to name hard work and,1368,0.103898,7
with his family in village,1368,0.103898,8
applied for loan amount of,1367,0.103822,7
the future of her children,1366,0.103746,22
the loan name will be,1366,0.103746,12
to increase her monthly income,1366,0.103746,8
amt year old woman with,1365,0.10367,29
in amt this decision was,1365,0.10367,3
quality of his harvest he,1365,0.10367,7
the local market she has,1365,0.10367,28
to have in stock she,1365,0.10367,3
married woman living in the,1364,0.103594,13
name is single mother of,1363,0.103518,24
of feed and other supplies,1363,0.103518,4
quality inputs such as fertilizers,1363,0.103518,3
business in the near future,1361,0.103366,23
in the future name is,1361,0.103366,25
loc she used her previous,1360,0.10329,5
name is married and works,1360,0.10329,9
other supplies needed for her,1360,0.10329,3
that she can grow her,1360,0.10329,27
year old man he is,1360,0.10329,23
family she has two children,1359,0.103214,13
her five children she is,1359,0.103214,15
she is pictured with her,1359,0.103214,9
she started the business to,1359,0.103214,14
her love for her business,1358,0.103138,4
with eight children she is,1358,0.103138,13
amt he has been able,1357,0.103062,6
is mother of four children,1357,0.103062,30
married and mother of amt,1357,0.103062,31
she is married with five,1357,0.103062,30
has noticed that she has,1355,0.102911,4
in order to meet the,1355,0.102911,32
loc district loc he is,1355,0.102911,6
of items she would like,1354,0.102835,3
support her family she would,1354,0.102835,11
amt org through kiva field,1353,0.102759,12
and has business buying and,1353,0.102759,4
anticipated profits she plans to,1353,0.102759,4
born in amt she is,1353,0.102759,9
business in the future for,1353,0.102759,4
from org loc to purchase,1353,0.102759,5
improve her living conditions she,1353,0.102759,24
main income for her family,1353,0.102759,4
variety of items she would,1353,0.102759,3
loan from visionfund loc to,1352,0.102683,3
run general store in the,1352,0.102683,3
four children she earns living,1351,0.102607,12
her previous kiva loan she,1351,0.102607,14
in the future he will,1351,0.102607,21
to college in the future,1351,0.102607,5
years of experience in farming,1351,0.102607,16
he also does extra work,1350,0.102531,3
is very thankful in advance,1350,0.102531,5
for loan from kiva field,1349,0.102455,13
the past three years she,1349,0.102455,27
earns additional income from raising,1348,0.102379,5
is married and works hard,1348,0.102379,9
loan amounting to amt to,1348,0.102379,5
with five other family members,1348,0.102379,6
grateful to you in advance,1347,0.102303,6
he is borrowing kiva loan,1347,0.102303,4
she works hard to support,1347,0.102303,16
three children with two children,1347,0.102303,3
because he wanted to help,1346,0.102227,3
name looks forward to using,1346,0.102227,3
sacks of feed and other,1346,0.102227,3
business for six years she,1345,0.102151,22
cookstove to help him and,1345,0.102151,3
she started in amt where,1345,0.102151,3
two children aged amt and,1345,0.102151,24
years old she lives in,1345,0.102151,28
buy fertilizer and other farm,1344,0.102075,4
is amt year old widowed,1344,0.102075,27
own name is member of,1344,0.102075,3
plans to take advantage of,1344,0.102075,6
for her family and contributing,1343,0.101999,4
hopes to improve the conditions,1343,0.101999,6
young man who tries his,1343,0.101999,5
able to satisfy the demand,1342,0.101923,9
it she would like to,1342,0.101923,11
of his harvest he is,1342,0.101923,5
this business for the last,1342,0.101923,16
with her parents in the,1342,0.101923,18
amt of them are female,1341,0.101847,3
amt years old and one,1341,0.101847,15
grow her business she joined,1341,0.101847,3
amt years old from loc,1340,0.101771,16
started this business amt years,1340,0.101771,19
eight children she is very,1339,0.101695,7
years old name from loc,1339,0.101695,3
amt year old proud mother,1338,0.101619,5
has amt children she describes,1338,0.101619,3
he is very grateful for,1338,0.101619,16
his income he hopes you,1338,0.101619,4
to take advantage of that,1338,0.101619,5
year old woman from the,1338,0.101619,15
to optimize his farm and,1337,0.101543,3
year old proud mother of,1337,0.101543,5
able to pay school fees,1336,0.101467,21
two children she earns living,1336,0.101467,11
has been running her business,1335,0.101392,29
married parent of two children,1335,0.101392,4
and has requested new loan,1334,0.101316,8
children and lives with her,1334,0.101316,27
for eight years in the,1334,0.101316,8
this will increase his production,1334,0.101316,8
amt year old refugee living,1333,0.10124,3
applied for loan to purchase,1333,0.10124,18
harvest he is excited to,1333,0.10124,3
previous loan she was able,1333,0.10124,17
children one of her children,1332,0.101164,23
loc for the past two,1332,0.101164,12
the anticipated profits she plans,1332,0.101164,4
children who all attend school,1331,0.101088,18
has run general store in,1331,0.101088,5
lives in two bedroom house,1331,0.101088,5
the outskirts of the city,1331,0.101088,12
widow and the mother of,1331,0.101088,29
of two school going children,1330,0.101012,13
she would like to increase,1330,0.101012,27
will help her meet the,1330,0.101012,17
amt children between the ages,1329,0.100936,15
but also contributing to the,1329,0.100936,5
children to college in the,1329,0.100936,4
is amt year old father,1329,0.100936,23
is requesting kiva loan in,1329,0.100936,18
of her own name is,1329,0.100936,4
profits she makes from her,1329,0.100936,15
will help her expand her,1329,0.100936,25
and make more income for,1328,0.10086,6
for more than five years,1328,0.10086,29
live decent life he is,1328,0.10086,6
old married and the father,1328,0.10086,24
they have been in this,1328,0.10086,11
to buy high quality seeds,1328,0.10086,8
two children she has had,1328,0.10086,13
wishes to say thanks to,1328,0.10086,5
for years now having joined,1327,0.100784,3
is responsible for fulfilling the,1327,0.100784,5
is the group leader of,1327,0.100784,12
amt they live in the,1326,0.100708,4
and other supplies needed for,1326,0.100708,7
can continue to provide for,1326,0.100708,8
for loan for the second,1326,0.100708,7
for the education of her,1326,0.100708,24
two children she lives in,1326,0.100708,27
for herself and her family,1325,0.100632,31
has applied for loan amount,1325,0.100632,6
her children to college in,1325,0.100632,5
he has been doing this,1324,0.100556,29
in loc loc with her,1324,0.100556,16
amt years old with five,1323,0.10048,15
could have better one this,1323,0.10048,4
name is confident that with,1323,0.10048,12
provide better future for them,1323,0.10048,5
to the family income she,1323,0.10048,11
business for eight years in,1322,0.100404,8
children she has high school,1322,0.100404,3
org to pay for her,1322,0.100404,10
to grow his business and,1322,0.100404,29
to purchase additional clothing items,1322,0.100404,3
with this loan which will,1322,0.100404,6
asking for loan to purchase,1321,0.100328,23
children in the area of,1321,0.100328,6
is very passionate about farming,1321,0.100328,5
life due to better nutrition,1321,0.100328,3
name likes her business because,1321,0.100328,4
plans to repay her loan,1321,0.100328,3
store in the future name,1321,0.100328,16
to continue sending her children,1321,0.100328,10
with two children she sells,1321,0.100328,17
amt years old and her,1320,0.100252,28
business for the past five,1320,0.100252,22
healthier life due to better,1320,0.100252,3
the town of loc she,1320,0.100252,16
district he is amt years,1319,0.100176,9
often described as very hardworking,1319,0.100176,5
to be able to afford,1319,0.100176,18
hopes that her business will,1318,0.1001,19
program for the first time,1318,0.1001,4
and other merchandise to sell,1317,0.100024,7
faces is the lack of,1317,0.100024,12
passionate about farming and loves,1317,0.100024,3
the heart of loc she,1317,0.100024,3
because she will now be,1316,0.099949,3
joined the program for the,1316,0.099949,3
she can grow her business,1316,0.099949,27
the program for the first,1316,0.099949,3
to cater to more customers,1316,0.099949,7
to grow her customer base,1316,0.099949,14
years old with one child,1316,0.099949,14
expand her business in order,1315,0.099873,27
for almost amt years she,1315,0.099873,13
having joined the program for,1315,0.099873,3
requested loan of org amt,1315,0.099873,9
first time in amt this,1314,0.099797,3
income she needs to improve,1314,0.099797,4
she hopes to grow her,1314,0.099797,24
years old and has been,1313,0.099721,28
married with amt children he,1312,0.099645,22
org to buy more stock,1312,0.099645,9
with her loan group members,1312,0.099645,3
his family in village near,1311,0.099569,4
to improve his family living,1311,0.099569,26
to pay the school fees,1311,0.099569,27
she makes from her business,1310,0.099493,20
time in amt this decision,1310,0.099493,3
had healthier life due to,1309,0.099417,3
and married with nine children,1308,0.099341,15
this loan will go long,1308,0.099341,7
an improved standard of living,1307,0.099265,13
their main source of income,1307,0.099265,21
year old woman she lives,1307,0.099265,24
years old married with three,1307,0.099265,24
his family he has been,1306,0.099189,26
name amt year old mother,1306,0.099189,16
name is applying for loan,1306,0.099189,28
retail business in the loc,1306,0.099189,4
she has always wanted to,1306,0.099189,14
she has three children she,1306,0.099189,24
that will enable him to,1306,0.099189,23
years old with five children,1306,0.099189,12
kiva and org loc for,1305,0.099113,3
loc she lives with her,1305,0.099113,22
that in the future he,1304,0.099037,18
to meet the increasing demand,1304,0.099037,17
years name will use this,1304,0.099037,8
years old married and lives,1304,0.099037,26
able to repay the loan,1303,0.098961,17
products and other merchandise to,1303,0.098961,3
she has two children she,1303,0.098961,26
has had healthier life due,1302,0.098885,3
income for her family thanks,1302,0.098885,7
four children who are all,1301,0.098809,27
name believes that this loan,1301,0.098809,9
loan by volunteering three hours,1300,0.098733,5
she applied for loan through,1300,0.098733,9
to help his family save,1300,0.098733,4
years old married and is,1300,0.098733,28
of org amt per month,1299,0.098657,4
volunteering three hours per week,1299,0.098657,5
as her main source of,1298,0.098581,18
as the primary source of,1298,0.098581,10
has four children two of,1298,0.098581,23
to grow his farming business,1298,0.098581,10
and promises to repay the,1297,0.098505,9
five children name is in,1297,0.098505,4
has decided to take out,1297,0.098505,12
has positive credit history he,1297,0.098505,3
married woman with eight children,1297,0.098505,14
the past five years name,1297,0.098505,18
in amt and has benefited,1296,0.09843,3
loc kiva field partner to,1296,0.09843,4
in remote village in loc,1295,0.098354,6
in this business for more,1295,0.098354,26
org amt to purchase more,1295,0.098354,9
she requested this loan from,1295,0.098354,7
will allow her to improve,1295,0.098354,27
for the financial support from,1294,0.098278,7
is requesting loan from kiva,1294,0.098278,25
is single mother with amt,1294,0.098278,18
that is why she has,1294,0.098278,18
been managing her sales for,1293,0.098202,3
good quality education for her,1293,0.098202,5
is very excited about as,1293,0.098202,4
old and married with nine,1293,0.098202,11
amt amt amt and amt,1292,0.098126,20
has two children she has,1292,0.098126,23
she used the profit she,1292,0.098126,6
been in the business of,1291,0.09805,25
help to increase his yields,1291,0.09805,4
her family will be grateful,1291,0.09805,5
she needs loan to buy,1291,0.09805,24
the profits of the business,1291,0.09805,10
through this loan name is,1291,0.09805,7
cookstove to help his family,1290,0.097974,4
family which is why she,1290,0.097974,11
woman living with her spouse,1290,0.097974,3
greater profits and improve her,1289,0.097898,4
her dream is to be,1289,0.097898,22
to grow more crops on,1289,0.097898,5
plans to expand her business,1288,0.097822,31
store her goals are to,1288,0.097822,4
to feed her family which,1288,0.097822,6
two children she has been,1288,0.097822,29
years old and married and,1288,0.097822,29
about farming and loves cultivating,1287,0.097746,3
is the father of amt,1287,0.097746,19
contributing to the prosperity of,1286,0.09767,3
her share of the loan,1286,0.09767,16
in loc district he is,1286,0.09767,6
live in the same neighborhood,1286,0.09767,3
she is seeking the loan,1286,0.09767,11
excited about as it will,1285,0.097594,4
family she is single and,1285,0.097594,5
her family which is why,1285,0.097594,9
herself to be honest she,1285,0.097594,3
it the only source of,1285,0.097594,8
meet the increasing demands of,1285,0.097594,11
three of whom are still,1285,0.097594,19
very excited about as it,1285,0.097594,4
very passionate about farming and,1285,0.097594,3
his wife and children in,1284,0.097518,17
profits she has managed to,1284,0.097518,5
who lives with her mother,1284,0.097518,15
from this season harvest to,1283,0.097442,3
products in the future name,1283,0.097442,9
and has one child for,1282,0.097366,11
name and her husband are,1282,0.097366,19
about as it will allow,1281,0.09729,4
and good quality education for,1281,0.09729,5
and other ingredients needed for,1281,0.09729,7
her loan by volunteering two,1281,0.09729,4
representative of the group she,1281,0.09729,4
dream is to see her,1280,0.097214,21
for six years now and,1280,0.097214,11
profits from the business will,1280,0.097214,13
thanks to his hard work,1280,0.097214,11
to improve her quality of,1280,0.097214,22
years this is her first,1280,0.097214,8
better life and good quality,1279,0.097138,4
her business name applied for,1279,0.097138,11
improve the condition of her,1279,0.097138,16
life and good quality education,1279,0.097138,4
married with six children with,1279,0.097138,8
reinvest in her business she,1279,0.097138,16
in the near future she,1278,0.097062,23
with three children name runs,1278,0.097062,6
loan and has requested new,1277,0.096987,5
she is married and her,1277,0.096987,26
the last amt years she,1277,0.096987,23
three children she has had,1277,0.096987,9
to build house and continue,1277,0.096987,3
children who are her greatest,1276,0.096911,4
feed her family which is,1276,0.096911,4
her family with the basic,1276,0.096911,7
name has been raising livestock,1276,0.096911,7
paid off her loan and,1276,0.096911,6
to be honest she operates,1276,0.096911,3
her mother taught her how,1275,0.096835,5
improve her family living standards,1275,0.096835,24
is now asking for loan,1274,0.096759,20
loc she is the mother,1274,0.096759,17
business for amt years he,1273,0.096683,26
five children name is married,1272,0.096607,4
food for her family and,1272,0.096607,22
his first loan with org,1272,0.096607,13
she has been in business,1272,0.096607,28
been working for more than,1271,0.096531,12
children to get higher education,1271,0.096531,6
helps to support her family,1271,0.096531,13
old she is married woman,1271,0.096531,20
hard working entrepreneur who has,1270,0.096455,5
has been working for more,1270,0.096455,12
has decided to request loan,1270,0.096455,11
in loc the capital of,1270,0.096455,10
old mother of four children,1270,0.096455,25
to the people of her,1270,0.096455,8
continue to provide for his,1269,0.096379,12
her hope and dream for,1269,0.096379,4
old married with three children,1269,0.096379,22
years old she is very,1269,0.096379,15
other ingredients needed for her,1268,0.096303,6
two years now and has,1268,0.096303,5
will increase her production and,1268,0.096303,12
and has one child in,1267,0.096227,22
be able to provide for,1267,0.096227,29
children she has been selling,1267,0.096227,24
dream is to educate her,1267,0.096227,9
help her meet the increasing,1267,0.096227,8
is amt years old in,1267,0.096227,18
is requesting loan to increase,1267,0.096227,23
loan will also help him,1267,0.096227,14
and contribute to the local,1266,0.096151,6
much experience and is considered,1266,0.096151,3
so that she can earn,1266,0.096151,34
the improvement of her business,1265,0.096075,7
better house for his family,1264,0.095999,6
loan amount to purchase more,1264,0.095999,6
name to start her business,1264,0.095999,5
the father of two children,1264,0.095999,30
to take out another loan,1264,0.095999,14
by volunteering three hours per,1263,0.095923,5
dried fish to sell name,1263,0.095923,3
his children to school this,1263,0.095923,4
she wants to grow her,1263,0.095923,28
their standard of living in,1263,0.095923,9
is often described as very,1262,0.095847,5
with this loan name expects,1262,0.095847,8
house of her own name,1261,0.095771,5
living standard in the future,1261,0.095771,7
her meet the increasing demand,1260,0.095695,8
provide for his family name,1260,0.095695,21
of the profits will be,1259,0.095619,9
to be able to provide,1259,0.095619,31
with six children she works,1259,0.095619,5
would like to increase her,1259,0.095619,29
her business and she is,1258,0.095543,27
in the morning and closes,1258,0.095543,6
is sure that she will,1258,0.095543,7
hopes to expand her business,1257,0.095468,33
she believes that education is,1256,0.095392,8
to buy greater variety of,1256,0.095392,10
field partner to buy more,1255,0.095316,5
loan to pay for his,1255,0.095316,18
name appears in the photo,1255,0.095316,9
order to buy additional stocks,1255,0.095316,3
she is group leader often,1255,0.095316,3
be able to achieve this,1254,0.09524,11
of her children is in,1254,0.09524,22
the help of the profits,1254,0.09524,5
is mother of two children,1253,0.095164,31
the main income for her,1253,0.095164,4
amt children she is group,1252,0.095088,3
amt married and has amt,1252,0.095088,21
purchase high quality seeds and,1252,0.095088,7
confident that she will be,1251,0.095012,16
fulfilling the needs of the,1251,0.095012,4
is borrowing amt org from,1251,0.095012,4
be able to afford to,1250,0.094936,13
be able to repay the,1250,0.094936,16
for five years now in,1250,0.094936,5
income of up to amt,1250,0.094936,4
she dreams of expanding her,1250,0.094936,26
to use on her farm,1250,0.094936,8
for her family and contribute,1249,0.09486,4
be able support her family,1248,0.094784,3
her to grow her customer,1248,0.094784,7
she wants to take out,1248,0.094784,15
enables her to grow her,1247,0.094708,4
with four children all of,1247,0.094708,21
able to save more money,1246,0.094632,14
and has seven children she,1246,0.094632,22
business in order to ensure,1246,0.094632,13
five years now in the,1246,0.094632,4
provide basic needs for her,1246,0.094632,10
the group she is amt,1246,0.094632,9
two children who are both,1246,0.094632,27
applied for kiva loan from,1245,0.094556,9
business because it helps her,1245,0.094556,7
five children four of whom,1245,0.094556,20
from the loan in the,1245,0.094556,6
her business name dreams that,1245,0.094556,4
to improve the living conditions,1245,0.094556,27
this will translate into more,1244,0.09448,3
able to afford to send,1243,0.094404,6
future for her loved ones,1243,0.094404,5
of charcoal to sell she,1243,0.094404,9
of four children she is,1243,0.094404,27
this group is made up,1243,0.094404,7
and has amt children name,1242,0.094328,20
her business and to save,1242,0.094328,11
is asking for loan in,1242,0.094328,23
lives with her family she,1242,0.094328,24
name successfully repaid her previous,1242,0.094328,6
operates retail business where he,1242,0.094328,7
she been in this business,1242,0.094328,18
and lives with his parents,1241,0.094252,22
has been farming rice for,1241,0.094252,7
her hand raised she is,1241,0.094252,7
loan that will be used,1241,0.094252,18
name has requested kiva loan,1241,0.094252,10
seeds to boost the quality,1241,0.094252,3
them up and then sells,1241,0.094252,7
up and then sells them,1241,0.094252,7
factors that encouraged name to,1240,0.094176,4
has one child in school,1240,0.094176,13
married woman living in loc,1240,0.094176,12
plans to invest in the,1240,0.094176,9
she is very kind and,1240,0.094176,7
amt year old mother who,1239,0.0941,18
farming inputs such as fertilizers,1239,0.0941,5
her third loan with org,1238,0.094025,15
in order to ensure she,1238,0.094025,6
married and blessed with one,1238,0.094025,11
years old her husband is,1238,0.094025,16
encouraged name to start her,1237,0.093949,4
mobile devices anytime for free,1237,0.093949,4
beverages to sell in her,1236,0.093873,7
children she is widowed and,1236,0.093873,7
life for his family he,1236,0.093873,19
plans to use to improve,1236,0.093873,6
the district of loc in,1235,0.093797,10
which she has done for,1235,0.093797,16
with his family in loc,1235,0.093797,15
children to have bright future,1234,0.093721,7
married and is blessed with,1234,0.093721,11
on the right of the,1234,0.093721,9
year old married man with,1234,0.093721,30
asking for new loan to,1233,0.093645,16
he is applying for loan,1233,0.093645,28
loan to purchase additional stock,1233,0.093645,13
pay the school fees for,1233,0.093645,24
from the district of loc,1232,0.093569,4
that encouraged name to start,1232,0.093569,4
the past few years name,1232,0.093569,11
family living standard in the,1231,0.093493,5
the lenders for this opportunity,1231,0.093493,6
will also help him earn,1231,0.093493,5
with four children she earns,1230,0.093417,4
for better life and good,1229,0.093341,3
and contribute to her community,1228,0.093265,5
ready to wear items to,1228,0.093265,3
their mobile devices anytime for,1228,0.093265,4
who lives in the loc,1228,0.093265,20
will use her portion of,1228,0.093265,17
be able to pay the,1227,0.093189,20
better living conditions to her,1227,0.093189,11
increase her income by buying,1227,0.093189,10
of three school going children,1227,0.093189,11
old he is married with,1227,0.093189,25
second loan by volunteering amt,1227,0.093189,5
she will therefore use the,1227,0.093189,3
business to contribute to the,1226,0.093113,11
expand her business with the,1226,0.093113,32
family with the basic necessities,1226,0.093113,6
five children she runs general,1226,0.093113,3
needs this loan to buy,1226,0.093113,18
so she has applied for,1226,0.093113,20
will help her to expand,1226,0.093113,29
earn more income to continue,1225,0.093037,3
goal is to be able,1225,0.093037,20
her children is in school,1225,0.093037,16
stable income for her family,1224,0.092961,9
her family in village near,1223,0.092885,3
is confident that she can,1223,0.092885,15
been blessed with amt children,1222,0.092809,8
grow his farming business name,1222,0.092809,5
order to ensure she meets,1222,0.092809,3
the further development of her,1222,0.092809,4
age of amt years she,1221,0.092733,10
amt years and amt years,1221,0.092733,12
harvest and increased profits name,1221,0.092733,3
has been engaged in the,1221,0.092733,18
he is married with amt,1221,0.092733,24
he is requesting loan of,1221,0.092733,17
old and married woman she,1221,0.092733,10
old with two children she,1221,0.092733,14
business for the last amt,1220,0.092657,21
income he will use the,1220,0.092657,12
org to purchase more sacks,1220,0.092657,3
and her family are thankful,1219,0.092581,4
has four children she has,1219,0.092581,22
to be able support her,1219,0.092581,4
to buy more groceries to,1219,0.092581,13
is young amt year old,1218,0.092506,20
loan of amt org which,1218,0.092506,13
rural village in the loc,1218,0.092506,3
for her family but also,1217,0.09243,12
her family well being name,1217,0.09243,16
money to start the business,1217,0.09243,4
the end of the season,1217,0.09243,13
child in school she works,1216,0.092354,4
in two bedroom house with,1216,0.092354,4
profit she earns to reinvest,1216,0.092354,5
she is member of org,1216,0.092354,8
three children she is in,1216,0.092354,16
children aged between amt and,1215,0.092278,19
is grateful to you in,1215,0.092278,3
start up capital from her,1215,0.092278,5
this will not only increase,1215,0.092278,7
to add more stock to,1215,0.092278,12
use the profits he earns,1215,0.092278,10
and is representing his group,1214,0.092202,3
she plans to expand her,1214,0.092202,31
that name will be able,1214,0.092202,6
to repay the loan on,1214,0.092202,16
based on the results of,1213,0.092126,3
but he does not have,1213,0.092126,22
expand her business by purchasing,1213,0.092126,29
of amt to buy more,1213,0.092126,11
provide for the needs of,1212,0.09205,25
with two children name runs,1212,0.09205,6
has been member of org,1211,0.091974,8
retail business where he sells,1211,0.091974,10
school and amt of them,1211,0.091974,4
she has had more profits,1211,0.091974,5
the needs of the family,1211,0.091974,23
that she can improve her,1210,0.091898,30
to school in the future,1210,0.091898,11
and is amt years old,1209,0.091822,30
been into this business for,1209,0.091822,7
earns monthly income of amt,1209,0.091822,5
for the support of the,1209,0.091822,14
good job in the future,1209,0.091822,7
requesting kiva loan to purchase,1209,0.091822,12
with the basic necessities of,1209,0.091822,3
this loan from org loc,1208,0.091746,6
woman with eight children she,1208,0.091746,7
continues to grow every day,1207,0.09167,3
family and contributing to the,1207,0.09167,4
and mother of five children,1206,0.091594,33
at the moment she has,1206,0.091594,18
inputs such as seeds fertilizer,1206,0.091594,10
loan will help improve her,1206,0.091594,17
means that name will be,1206,0.091594,3
to start her business selling,1206,0.091594,8
two times in the past,1206,0.091594,3
who has been farming for,1206,0.091594,11
amt year old businesswoman from,1205,0.091518,7
business continues to grow every,1205,0.091518,3
her previous loan which enabled,1205,0.091518,12
husband with the family expenses,1205,0.091518,17
of her business name has,1205,0.091518,12
org to purchase materials for,1205,0.091518,8
to boost her business and,1205,0.091518,21
to increase her sales she,1205,0.091518,27
who lives in two bedroom,1205,0.091518,4
been doing this work for,1204,0.091442,21
in small village in the,1204,0.091442,12
name would like loan of,1204,0.091442,5
the father of three children,1204,0.091442,28
to kiva and field partner,1204,0.091442,4
wants to develop her business,1204,0.091442,21
and loves cultivating her farm,1203,0.091366,3
as the main income for,1203,0.091366,5
she wants to develop her,1203,0.091366,23
will share this loan with,1203,0.091366,5
with org loc kiva field,1203,0.091366,3
and earns additional income from,1202,0.09129,7
of her children are presently,1202,0.09129,4
she is mother of two,1202,0.09129,28
to support her husband in,1202,0.09129,27
amt she has applied for,1201,0.091214,4
further build her business she,1201,0.091214,3
she would also like to,1201,0.091214,31
all the lenders for this,1200,0.091138,6
has been able to save,1200,0.091138,14
loc she is single mother,1200,0.091138,14
where she lives with her,1200,0.091138,22
are locals she will use,1199,0.091063,4
customers are locals she will,1199,0.091063,4
and thanks you in advance,1198,0.090987,7
at the moment she is,1198,0.090987,21
build better house for his,1198,0.090987,4
build house in the future,1198,0.090987,16
portion of the profits will,1198,0.090987,6
to repay the loan promptly,1198,0.090987,5
with the help of his,1198,0.090987,24
resident of the loc district,1197,0.090911,3
share of the loan to,1197,0.090911,13
she hopes that with the,1197,0.090911,15
she plans to repay her,1197,0.090911,3
with two children she earns,1197,0.090911,3
and her goal for the,1196,0.090835,3
from the town of loc,1196,0.090835,8
loc loc she has been,1196,0.090835,13
she is mother of amt,1196,0.090835,27
gathered much experience and is,1195,0.090759,3
order to generate greater profits,1195,0.090759,3
she is seeking amt org,1195,0.090759,6
two children she is in,1195,0.090759,15
the living conditions of her,1194,0.090683,27
to buy another dairy cow,1194,0.090683,7
and create better life for,1193,0.090607,8
her business because it provides,1193,0.090607,5
her standard of living and,1193,0.090607,25
provide for her family needs,1193,0.090607,29
she has been raising livestock,1193,0.090607,10
the other members of the,1193,0.090607,19
to use to improve her,1193,0.090607,11
his family standard of living,1192,0.090531,24
loc loc he is amt,1192,0.090531,7
man he was born in,1192,0.090531,3
provide food for her family,1192,0.090531,19
four of whom are in,1191,0.090455,17
this loan to pay for,1191,0.090455,29
to help improve her kiosk,1191,0.090455,4
enhance her farm productivity and,1190,0.090379,4
for his family he has,1190,0.090379,23
in this business for many,1190,0.090379,19
parent of five children name,1190,0.090379,3
she has had no problems,1190,0.090379,5
able to improve the quality,1189,0.090303,8
fish to sell to her,1189,0.090303,16
is the sole provider for,1189,0.090303,15
mother of amt school going,1189,0.090303,12
of loc loc her husband,1189,0.090303,5
with six children she runs,1189,0.090303,6
charging their mobile devices anytime,1188,0.090227,4
for loan to buy amt,1188,0.090227,13
is amt year old living,1188,0.090227,13
it is made up of,1188,0.090227,6
providing better living conditions to,1188,0.090227,3
be able to pay for,1186,0.090075,34
her kiosk she plans to,1186,0.090075,3
she earns to reinvest in,1186,0.090075,10
that will allow her to,1186,0.090075,26
three children her husband is,1186,0.090075,23
to satisfy the demand for,1186,0.090075,8
will help her to improve,1186,0.090075,25
business and take care of,1185,0.089999,17
kiosk she plans to use,1185,0.089999,5
old with three children she,1185,0.089999,13
business they live in their,1184,0.089923,3
five children between the ages,1184,0.089923,15
loan which he will use,1184,0.089923,25
the group in this village,1184,0.089923,3
earns additional income from farming,1183,0.089847,3
enabled her to purchase additional,1183,0.089847,3
grateful to kiva lenders for,1183,0.089847,17
her start up capital from,1183,0.089847,4
she plans to take advantage,1183,0.089847,4
the small income of her,1183,0.089847,3
allow her to improve her,1182,0.089771,27
is in common law marriage,1182,0.089771,6
one child who is still,1182,0.089771,16
she is mother of three,1182,0.089771,28
to reach more customers and,1182,0.089771,7
and has three children two,1181,0.089695,23
both of whom are in,1181,0.089695,24
for seven years in the,1181,0.089695,7
loans were repaid successfully she,1181,0.089695,3
loc district he is amt,1181,0.089695,7
to buy piece of land,1181,0.089695,19
her business to contribute to,1180,0.089619,9
thank all the lenders for,1180,0.089619,9
year old woman from loc,1180,0.089619,17
years old and from loc,1180,0.089619,14
attend school she lives in,1179,0.089544,19
because she wanted to get,1179,0.089544,6
feed his family which has,1179,0.089544,4
improve her kiosk she plans,1179,0.089544,3
in her food stall she,1179,0.089544,12
and as group leader she,1178,0.089468,3
his family live decent life,1178,0.089468,5
the needs of her children,1178,0.089468,23
an additional source of income,1177,0.089392,21
children are in school and,1177,0.089392,26
is name amt year old,1177,0.089392,21
old and single she has,1177,0.089392,21
use the money to buy,1177,0.089392,26
and build house of her,1176,0.089316,3
her family well being and,1176,0.089316,19
loan name is going to,1176,0.089316,10
hopes that she can grow,1175,0.08924,3
mother of four children who,1175,0.08924,32
name has always wanted to,1175,0.08924,15
profits to support her family,1175,0.08924,20
the rural area of loc,1175,0.08924,14
are amt and amt years,1174,0.089164,23
business she likes her business,1174,0.089164,4
five years she has been,1174,0.089164,25
she hopes that this loan,1174,0.089164,26
years old married with two,1174,0.089164,28
better future for her children,1173,0.089088,24
seeds and fertilizer she will,1173,0.089088,12
so that he can buy,1173,0.089088,27
with the small income of,1173,0.089088,3
years old from loc she,1173,0.089088,7
help her to expand her,1172,0.089012,29
is strong businesswoman who sells,1172,0.089012,3
children future and to buy,1171,0.088936,3
family which has improved his,1171,0.088936,4
he will use it to,1171,0.088936,22
seeds which is why she,1171,0.088936,4
so that she can improve,1171,0.088936,30
business for seven years in,1170,0.08886,5
children he describes himself to,1170,0.08886,4
consistently feed his family which,1170,0.08886,4
has requested loan to purchase,1170,0.08886,23
her children to get higher,1170,0.08886,5
his family living standards he,1170,0.08886,11
his family which has improved,1170,0.08886,4
in the local market and,1170,0.08886,23
lenders for their financial support,1170,0.08886,10
name is name she is,1170,0.08886,8
she wanted to get the,1170,0.08886,3
she would like to take,1170,0.08886,22
use the profits from the,1170,0.08886,18
loan she would like to,1169,0.088784,25
other farmers in the region,1169,0.088784,3
other members of the group,1169,0.088784,17
three children she lives in,1169,0.088784,25
to support her business which,1169,0.088784,5
borrowed two times in the,1168,0.088708,3
help improve her kiosk she,1168,0.088708,4
is very grateful to the,1168,0.088708,16
has borrowed two times in,1167,0.088632,3
man he is married and,1167,0.088632,20
the future she wishes to,1167,0.088632,19
got her start up capital,1166,0.088556,4
the loan will enable her,1166,0.088556,24
with amt children she is,1166,0.088556,29
has business of buying and,1165,0.08848,10
he plans on using the,1165,0.08848,10
this business for over amt,1165,0.08848,26
able to ensure that his,1164,0.088404,4
for additional capital to buy,1164,0.088404,3
her business is going well,1164,0.088404,21
her to grow more vegetables,1164,0.088404,3
needed for her business she,1164,0.088404,7
she earns additional income from,1164,0.088404,10
the financial support that will,1164,0.088404,6
with two children one of,1164,0.088404,21
expand her business she is,1163,0.088328,32
has three children all of,1163,0.088328,22
name will use the profits,1163,0.088328,20
she hopes for your support,1163,0.088328,10
single and lives with her,1163,0.088328,25
and monthly income of amt,1162,0.088252,4
asking for loan from org,1162,0.088252,14
her children future and to,1162,0.088252,7
her children still in school,1162,0.088252,5
married woman she is amt,1162,0.088252,15
amt year old woman and,1161,0.088176,32
she is group leader and,1161,0.088176,5
with access to electricity name,1161,0.088176,3
and has five children who,1160,0.088101,22
are in school and live,1160,0.088101,5
to buy vegetables to sell,1160,0.088101,11
bank she will use the,1159,0.088025,4
her family name is seeking,1159,0.088025,14
provide better future for her,1159,0.088025,17
saving enough to provide secure,1159,0.088025,4
the conditions of her house,1158,0.087949,4
will be able to reduce,1158,0.087949,14
amt clean cookstove is biomass,1157,0.087873,3
for her family basic needs,1157,0.087873,23
has been into this business,1157,0.087873,7
has decided to apply for,1157,0.087873,16
to meet the demand of,1157,0.087873,29
demands she plans to use,1156,0.087797,12
is requesting kiva loan from,1156,0.087797,10
locals she will use the,1156,0.087797,3
requesting loan in order to,1156,0.087797,30
sell in her store her,1156,0.087797,9
the group leader of her,1156,0.087797,5
the loan to purchase farm,1156,0.087797,7
the morning and closes at,1156,0.087797,3
to build her own house,1156,0.087797,26
child she runs general store,1155,0.087721,3
six years now and has,1155,0.087721,7
supplies she has been in,1155,0.087721,8
the condition of her house,1155,0.087721,11
grateful to the lenders for,1154,0.087645,16
photo is name she is,1154,0.087645,9
she is able to have,1154,0.087645,13
the demand of her customers,1154,0.087645,28
this investment will help her,1154,0.087645,14
to start the business she,1154,0.087645,14
group leader of her group,1153,0.087569,4
hopes this will increase his,1153,0.087569,9
hopes you will consider her,1153,0.087569,3
of amt years and amt,1153,0.087569,6
pay for farm inputs and,1153,0.087569,4
she has requested this loan,1153,0.087569,28
the future are to be,1153,0.087569,6
to increase her stock and,1153,0.087569,28
were repaid successfully she will,1153,0.087569,3
devices anytime for free the,1152,0.087493,4
in the loc of loc,1152,0.087493,3
is married and is the,1152,0.087493,28
is mother to amt children,1152,0.087493,19
requesting the loan to buy,1152,0.087493,18
the anticipated profits to purchase,1152,0.087493,5
work and her husband help,1152,0.087493,3
and closes at amt amt,1151,0.087417,6
is the lack of funds,1151,0.087417,8
lenders for their support and,1151,0.087417,18
standard of living as well,1151,0.087417,11
the ages of amt years,1151,0.087417,6
he does not have enough,1150,0.087341,23
his children school fees and,1150,0.087341,19
in order to be able,1150,0.087341,31
loan to buy an additional,1150,0.087341,17
past five years she has,1150,0.087341,24
traditional hut with access to,1150,0.087341,3
anytime for free the org,1149,0.087265,4
the future are to improve,1149,0.087265,9
four children one of whom,1148,0.087189,23
profits from her expanded business,1148,0.087189,4
she is happily married and,1148,0.087189,10
some years ago she started,1148,0.087189,4
thanks and appreciation to org,1148,0.087189,4
this loan amount to purchase,1148,0.087189,3
to attract more customers and,1148,0.087189,27
for this loan to purchase,1147,0.087113,22
is still in school she,1147,0.087113,20
kiva and its lenders and,1147,0.087113,4
she is married woman with,1147,0.087113,24
business has made name become,1146,0.087037,4
has four children three of,1146,0.087037,24
in traditional hut with access,1146,0.087037,3
is going to use her,1146,0.087037,12
name is amt years of,1146,0.087037,23
of land on which she,1146,0.087037,12
buy more groceries to sell,1145,0.086961,13
for over amt years and,1145,0.086961,27
go to school she is,1145,0.086961,23
has five children who are,1145,0.086961,18
her dream is to educate,1145,0.086961,8
and is the father of,1144,0.086885,23
order to be able to,1144,0.086885,31
quality of her harvest she,1144,0.086885,3
she has secondary education and,1144,0.086885,3
she hopes that her business,1144,0.086885,17
bills and provide basic needs,1143,0.086809,4
family live decent life he,1143,0.086809,5
her family living standard in,1143,0.086809,5
increased income name will be,1142,0.086733,6
name has requested this loan,1142,0.086733,18
to buy head of cattle,1142,0.086733,4
and millet to sell in,1141,0.086657,3
business for several years now,1141,0.086657,10
in the business for amt,1141,0.086657,23
for her children in the,1140,0.086582,21
future for her family name,1140,0.086582,14
name thanks you in advance,1140,0.086582,6
for the past year name,1139,0.086506,13
in loc loc she has,1139,0.086506,22
amt year old living with,1138,0.08643,10
business is doing well and,1138,0.08643,25
enable her to increase her,1138,0.08643,30
in order to pay for,1138,0.08643,32
org to buy spare parts,1138,0.08643,5
earns net income of amt,1137,0.086354,3
from the loc district of,1137,0.086354,6
plans to send his children,1137,0.086354,4
with the loan she plans,1137,0.086354,17
her goal is to continue,1136,0.086278,16
month on all of his,1136,0.086278,3
name envisions future where her,1136,0.086278,3
now she has requested loan,1136,0.086278,12
of living as well as,1136,0.086278,13
thereby improving their standard of,1136,0.086278,4
amt org she intends to,1135,0.086202,5
in the sense that he,1135,0.086202,4
income of org amt per,1135,0.086202,3
man who lives in multi,1135,0.086202,4
name seeks loan to invest,1135,0.086202,4
three children who are currently,1135,0.086202,13
with two children with one,1135,0.086202,6
would like to take out,1135,0.086202,20
he has been running this,1134,0.086126,25
his children to school the,1134,0.086126,9
this is his third loan,1134,0.086126,16
to increase her crop production,1134,0.086126,8
week as camfed learner guide,1134,0.086126,5
with the loan name will,1134,0.086126,18
all lenders around the world,1133,0.08605,3
buy and sell clothing business,1133,0.08605,3
single mother with amt children,1133,0.08605,19
very kind and responsible woman,1133,0.08605,4
client and has positive credit,1132,0.085974,3
family and contribute to the,1132,0.085974,6
her family thanks to her,1132,0.085974,17
to give her family good,1132,0.085974,10
amt is happily married and,1131,0.085898,5
in the business of selling,1131,0.085898,28
small plot of land in,1131,0.085898,5
the sense that he has,1131,0.085898,3
name is resident of the,1130,0.085822,7
she is married mother of,1130,0.085822,28
ages of amt years and,1129,0.085746,6
family members including amt children,1129,0.085746,4
loc and the kiva community,1129,0.085746,3
on all of his fuels,1129,0.085746,3
to buy farm inputs to,1129,0.085746,8
is thankful for your support,1128,0.08567,16
she started her business to,1128,0.08567,15
from the business will be,1127,0.085594,11
has requested loan of org,1127,0.085594,8
in the loc region she,1127,0.085594,8
she has been working hard,1127,0.085594,16
with six children name works,1127,0.085594,4
and she earns good income,1126,0.085518,9
and the youngest is amt,1126,0.085518,17
business name is member of,1126,0.085518,3
help his family save the,1126,0.085518,3
is name he is amt,1126,0.085518,9
that name can continue to,1126,0.085518,3
to buy more clothes to,1126,0.085518,24
to have light during the,1126,0.085518,5
will allow her to have,1126,0.085518,21
in school she has food,1125,0.085442,3
will enable her to boost,1125,0.085442,11
fertilizers and other essential farm,1124,0.085366,3
has been able to send,1124,0.085366,15
hopes to improve the condition,1124,0.085366,3
will be able to sell,1124,0.085366,24
demands her love for her,1123,0.08529,3
amt in the morning and,1122,0.085214,8
business for amt years selling,1122,0.085214,13
her business for amt years,1122,0.085214,26
business as well as support,1121,0.085139,9
of saving enough to provide,1121,0.085139,4
photo is amt years old,1121,0.085139,18
all the kiva lenders for,1120,0.085063,13
has been operating her business,1120,0.085063,24
it will help name to,1120,0.085063,5
started this business in amt,1120,0.085063,17
years she wants to expand,1120,0.085063,13
and her family are very,1119,0.084987,8
name would like to thank,1119,0.084987,22
she is amt married and,1119,0.084987,20
she is excited to have,1119,0.084987,4
year old woman who has,1119,0.084987,26
her life and that of,1118,0.084911,16
old married with two children,1118,0.084911,25
one cookstove to help his,1118,0.084911,3
request loan to buy solar,1118,0.084911,5
children and they live in,1117,0.084835,15
in her business she will,1117,0.084835,18
increasing demands of her customers,1117,0.084835,12
the past two years she,1117,0.084835,30
which is why she is,1117,0.084835,23
earns an income from raising,1116,0.084759,3
for five years and also,1116,0.084759,7
help her pay for her,1116,0.084759,22
family he is grateful to,1115,0.084683,10
has two children both of,1115,0.084683,20
likes to think of himself,1115,0.084683,3
the school fees for her,1115,0.084683,24
think of himself as very,1115,0.084683,3
to think of himself as,1115,0.084683,3
with four other family members,1115,0.084683,8
fees for his children he,1114,0.084607,15
from the city of loc,1114,0.084607,13
intends to use this loan,1114,0.084607,21
this season to send his,1114,0.084607,3
is mixed farmer who has,1113,0.084531,3
this loan she wants to,1113,0.084531,27
and has been doing this,1112,0.084455,28
buy fruits and vegetables to,1112,0.084455,11
customers demands her love for,1112,0.084455,3
his family he is grateful,1112,0.084455,12
per week as camfed learner,1112,0.084455,5
to enable her to buy,1112,0.084455,19
year old name from the,1112,0.084455,4
has been actively involved in,1111,0.084379,10
has great experience in this,1111,0.084379,10
is currently attending school she,1111,0.084379,6
lenders for the previous loan,1111,0.084379,9
name hopes and dreams for,1111,0.084379,5
to provide better life for,1111,0.084379,29
will be able to make,1111,0.084379,26
amt years old two are,1110,0.084303,6
business name is looking forward,1110,0.084303,5
children to school she says,1110,0.084303,3
her customers demands her love,1110,0.084303,3
her profits to pay back,1110,0.084303,5
is married mother of three,1110,0.084303,27
loan to buy variety of,1110,0.084303,24
will enable her to increase,1110,0.084303,30
and at the same time,1109,0.084227,28
of her harvest she is,1109,0.084227,3
requested loan which she will,1109,0.084227,22
to feed her family since,1109,0.084227,3
future for herself and her,1108,0.084151,16
amt years old and he,1107,0.084075,31
children who attend school she,1107,0.084075,26
from the rural area of,1107,0.084075,8
she wants to take advantage,1107,0.084075,11
business for many years and,1106,0.083999,16
increase her income by selling,1106,0.083999,10
org loc and the kiva,1106,0.083999,3
says that his life has,1106,0.083999,4
that his life has improved,1106,0.083999,3
to meet the increasing demands,1106,0.083999,11
wants to purchase stock of,1106,0.083999,5
years old and one of,1106,0.083999,11
city of loc she is,1105,0.083923,19
old and lives with his,1105,0.083923,23
old she is single and,1105,0.083923,26
order to generate more income,1105,0.083923,19
wishes to expand her business,1105,0.083923,24
is resident of the loc,1104,0.083847,6
of two children who are,1104,0.083847,26
in the photo is the,1103,0.083771,19
kiosk that she started in,1103,0.083771,5
thanks to all lenders for,1103,0.083771,9
the past year name has,1103,0.083771,13
three children in school she,1103,0.083771,11
she hopes to expand her,1102,0.083695,33
will be able to start,1102,0.083695,19
with her previous loan she,1102,0.083695,19
children in the loc district,1101,0.08362,11
loan she is requesting she,1101,0.08362,11
find good job in the,1100,0.083544,3
is hopeful that this loan,1100,0.083544,11
of her children still in,1100,0.083544,3
of living by providing them,1100,0.083544,5
will use the anticipated profit,1100,0.083544,4
of income she needs to,1099,0.083468,4
on fuel and also to,1099,0.083468,4
the financial support from the,1099,0.083468,7
to buy more sacks of,1099,0.083468,14
two children with one child,1099,0.083468,3
woman who lives in amt,1099,0.083468,4
name is requesting another loan,1098,0.083392,21
of loc she has small,1098,0.083392,8
pigs for amt years and,1098,0.083392,6
she has been doing it,1098,0.083392,22
the increasing demands of her,1098,0.083392,12
will help her to increase,1098,0.083392,32
amt hectare plot of land,1097,0.083316,10
asked for loan through org,1097,0.083316,5
in the context of the,1097,0.083316,6
millet to sell in the,1097,0.083316,4
org amt cookstove please visit,1097,0.083316,4
the org amt cookstove please,1097,0.083316,4
with amt children between the,1097,0.083316,10
and also pay school fees,1096,0.08324,8
and org loc for their,1096,0.08324,3
family by facing life challenges,1096,0.08324,4
in the future she wishes,1096,0.08324,19
in the local market the,1096,0.08324,14
meets her customers demands her,1096,0.08324,3
single and has one child,1096,0.08324,23
will use her portion to,1096,0.08324,12
been running her business for,1095,0.083164,27
family she has four children,1095,0.083164,9
he operates retail business where,1095,0.083164,6
org to buy vegetables to,1095,0.083164,3
two children she is single,1095,0.083164,10
ago she started her business,1094,0.083088,13
has kiosk that she started,1094,0.083088,4
he says that his life,1094,0.083088,3
her standard of living as,1094,0.083088,9
name went to school until,1094,0.083088,3
grow her customer base through,1093,0.083012,3
like to ask for financial,1093,0.083012,3
name amt year old single,1093,0.083012,18
she has been selling for,1093,0.083012,13
she has kiosk that she,1093,0.083012,4
the picturesque town of loc,1093,0.083012,3
to the lenders for their,1093,0.083012,13
for her children her hopes,1092,0.082936,3
her business by buying more,1092,0.082936,28
her family she has four,1092,0.082936,10
the past ten years she,1092,0.082936,26
this will increase her sales,1092,0.082936,20
become one of the most,1091,0.08286,15
he hopes that in the,1091,0.08286,12
his family by facing life,1091,0.08286,3
loc she is blessed with,1091,0.08286,8
married parent of five children,1091,0.08286,3
support of the lenders to,1091,0.08286,5
the future for her family,1091,0.08286,8
to take advantage of the,1091,0.08286,22
be used to buy additional,1090,0.082784,10
five years name has been,1090,0.082784,18
for the financial support that,1090,0.082784,10
full of hope and energy,1090,0.082784,5
she has been granted loan,1090,0.082784,4
valuable factors that encouraged name,1090,0.082784,4
in the future he wants,1089,0.082708,21
is hardworking young man who,1089,0.082708,13
lives with her parents and,1089,0.082708,26
prosperous future for her family,1089,0.082708,9
she would like to request,1089,0.082708,16
the photo is amt years,1089,0.082708,18
to increase her savings and,1089,0.082708,13
at this time when the,1088,0.082632,4
create better life for her,1088,0.082632,8
name will use the loan,1088,0.082632,22
she hopes for your help,1088,0.082632,3
will be able to continue,1088,0.082632,24
expand her business and to,1087,0.082556,32
use her portion of the,1087,0.082556,15
will enable her to purchase,1087,0.082556,22
children three of her children,1086,0.08248,21
field partner org loc to,1086,0.08248,8
which will enable him to,1086,0.08248,26
and secure better future for,1085,0.082404,15
children with one child currently,1085,0.082404,3
experience in this business she,1085,0.082404,19
farming she has been able,1085,0.082404,5
is kindly requesting loan to,1085,0.082404,3
and appreciation to org and,1084,0.082328,4
in this way she will,1084,0.082328,23
the mother of seven children,1084,0.082328,28
with the money from the,1084,0.082328,13
of her children in school,1083,0.082252,12
and selling ready to wear,1082,0.082177,5
for her family and the,1082,0.082177,18
living in loc loc she,1082,0.082177,12
loan of amt to purchase,1082,0.082177,15
name will use the income,1082,0.082177,5
this business in the future,1082,0.082177,9
wants her children to have,1082,0.082177,13
years old and married he,1082,0.082177,27
anticipated profits to purchase additional,1081,0.082101,5
expand her business by buying,1081,0.082101,29
four children she has been,1081,0.082101,28
is engaged in cattle breeding,1081,0.082101,3
who all go to school,1081,0.082101,22
has been selling for the,1080,0.082025,6
the future he wants to,1080,0.082025,21
to all lenders around the,1080,0.082025,3
for his work this will,1079,0.081949,5
her production will increase and,1079,0.081949,3
lives with his family he,1079,0.081949,23
more sacks of rice to,1079,0.081949,5
name is married and the,1079,0.081949,27
she is hardworking businesswoman who,1079,0.081949,4
she learned this trade from,1079,0.081949,7
to meet her family weekly,1079,0.081949,3
to support her children she,1079,0.081949,19
able to build and expand,1078,0.081873,3
all of his fuels and,1078,0.081873,3
her children she has requested,1078,0.081873,17
of his fuels and electricity,1078,0.081873,3
through org to buy spare,1078,0.081873,3
been selling for the past,1077,0.081797,5
for many years she has,1077,0.081797,19
for two years and sells,1077,0.081797,5
her customers she plans to,1077,0.081797,22
in the next five years,1077,0.081797,11
whom is in school she,1077,0.081797,19
be able to build and,1076,0.081721,5
her income she hopes you,1076,0.081721,4
is from loc she is,1076,0.081721,13
is requesting loan in order,1076,0.081721,29
loan she will stock up,1076,0.081721,8
requesting loan from org for,1076,0.081721,6
the key to success for,1076,0.081721,3
use the anticipated profit to,1076,0.081721,4
amt she wants to expand,1075,0.081645,5
loan from kiva lenders to,1075,0.081645,11
who has general store in,1075,0.081645,3
and has seven children name,1074,0.081569,13
children in small village in,1074,0.081569,7
for his family name is,1074,0.081569,24
of amt org to pay,1074,0.081569,14
buy more clothes to sell,1073,0.081493,21
increase her income she will,1073,0.081493,20
is amt married and the,1073,0.081493,24
more than amt years name,1073,0.081493,22
on the org amt cookstove,1073,0.081493,4
raising pigs for five years,1073,0.081493,3
works as farmer but struggles,1073,0.081493,4
would like to acquire loan,1073,0.081493,5
in the future he hopes,1072,0.081417,21
is his second loan with,1072,0.081417,15
loc loc she is pictured,1072,0.081417,4
of further developing her farm,1072,0.081417,3
to manage her grocery store,1072,0.081417,4
with five children name has,1072,0.081417,11
etc name would like to,1071,0.081341,4
have enough money to buy,1071,0.081341,21
married with two children and,1071,0.081341,26
morning and closes at amt,1071,0.081341,3
of whom is still in,1071,0.081341,18
profits will allow her to,1071,0.081341,17
she is thankful for the,1071,0.081341,20
and generate more income to,1070,0.081265,14
are currently in school for,1070,0.081265,6
has been doing it for,1070,0.081265,23
hopeful that this loan will,1070,0.081265,11
is currently requesting loan from,1070,0.081265,6
loan to buy head of,1070,0.081265,4
two children currently in school,1070,0.081265,6
with four children with two,1070,0.081265,3
women like her she is,1070,0.081265,3
amount of amt org from,1069,0.081189,11
he has been working alongside,1069,0.081189,3
his fuels and electricity expenses,1069,0.081189,3
items to sell name has,1069,0.081189,3
name is married with two,1069,0.081189,26
standard of living for her,1069,0.081189,26
who lives in traditional hut,1069,0.081189,4
mother of three children name,1068,0.081113,18
name has spent the past,1068,0.081113,4
she earns good income that,1068,0.081113,5
canned goods noodles drinks spices,1067,0.081037,3
house with his family in,1067,0.081037,5
is an enthusiastic and active,1067,0.081037,3
sells groceries and beverages her,1067,0.081037,3
she will stock up on,1067,0.081037,12
the loc region she is,1067,0.081037,5
and be able to increase,1066,0.080961,11
as well as support her,1066,0.080961,16
been able to save more,1066,0.080961,4
her parents in the loc,1066,0.080961,8
her to provide for her,1066,0.080961,30
like to thank all the,1066,0.080961,12
as farmer but struggles with,1065,0.080885,4
at this time she is,1065,0.080885,16
kiva loan to expand her,1065,0.080885,15
she also earns an income,1065,0.080885,8
which enabled her to purchase,1065,0.080885,10
years old and all of,1065,0.080885,11
her family she is very,1064,0.080809,23
her store her goals are,1064,0.080809,4
married with three children and,1064,0.080809,27
seeking loan to invest in,1064,0.080809,11
the past amt years he,1064,0.080809,27
also pay school fees for,1063,0.080733,6
groceries name has borrowed and,1063,0.080733,3
in the future with the,1063,0.080733,18
is married woman with eight,1063,0.080733,7
needs access to high quality,1063,0.080733,3
to all the lenders for,1063,0.080733,12
to purchase additional materials and,1063,0.080733,5
amt cookstove please visit www,1062,0.080658,4
her dream is to see,1062,0.080658,17
to help them access solar,1062,0.080658,4
buying and selling ready to,1061,0.080582,3
children in her care she,1061,0.080582,15
is pictured with her husband,1061,0.080582,4
provide her family with the,1061,0.080582,14
to buy more bags of,1061,0.080582,21
to improve her crop production,1061,0.080582,4
her business she successfully repaid,1060,0.080506,4
name wants her children to,1060,0.080506,9
other groceries name has borrowed,1060,0.080506,3
asking for the support of,1059,0.08043,6
kiva field partner to buy,1059,0.08043,11
market she is requesting loan,1059,0.08043,13
she would like to ask,1059,0.08043,7
amt years of age she,1058,0.080354,31
business for four years name,1058,0.080354,16
earns to reinvest in her,1058,0.080354,8
in order to improve their,1058,0.080354,23
live decent life she is,1058,0.080354,6
livestock in order to increase,1058,0.080354,8
old married woman with one,1058,0.080354,21
she is married and she,1058,0.080354,31
whom is still in school,1058,0.080354,17
business her hopes and dreams,1057,0.080278,4
seeds so that she can,1057,0.080278,12
she has no problems with,1057,0.080278,6
old married and has seven,1056,0.080202,24
primary source of income has,1056,0.080202,8
thanks you in advance for,1056,0.080202,11
through her hard work and,1056,0.080202,16
go to school she has,1055,0.080126,24
to have bright future and,1055,0.080126,7
her business with the help,1054,0.08005,22
is very grateful to org,1054,0.08005,15
more than amt years in,1054,0.08005,19
mother of two children name,1054,0.08005,21
the business will be used,1054,0.08005,11
used his previous loan to,1054,0.08005,13
amt hectares of land where,1053,0.079974,5
her children to have bright,1053,0.079974,7
is to see her children,1053,0.079974,21
old married woman from loc,1053,0.079974,11
she lives in rural village,1053,0.079974,10
applied for loan in the,1052,0.079898,14
name is married with three,1052,0.079898,23
profits from her sales she,1052,0.079898,14
with her own working capital,1052,0.079898,6
amount of org amt to,1051,0.079822,12
five children she earns living,1051,0.079822,10
old married woman with five,1051,0.079822,22
past year name has been,1051,0.079822,8
she is asking for the,1051,0.079822,15
the lenders for this financial,1051,0.079822,3
at her business site she,1050,0.079746,4
her new loan she plans,1050,0.079746,5
his children school fees name,1050,0.079746,12
is very pleased with the,1050,0.079746,8
primary customers are locals name,1050,0.079746,7
she has decided to take,1050,0.079746,17
to support her business during,1050,0.079746,3
able to send her children,1049,0.07967,22
applied for this loan to,1049,0.07967,23
family quality of life she,1049,0.07967,14
her neighbors and the local,1049,0.07967,5
improvement of her business name,1049,0.07967,3
month she has applied for,1049,0.07967,5
amt years old widow and,1048,0.079594,26
is the increase in the,1048,0.079594,5
mother of six children she,1048,0.079594,32
requested loan from org for,1048,0.079594,8
single woman with two children,1048,0.079594,13
to be financially stable and,1048,0.079594,11
years and amt years old,1048,0.079594,8
amt school going children she,1047,0.079518,15
an additional kiva loan to,1047,0.079518,3
in his local community he,1047,0.079518,3
is why she is requesting,1047,0.079518,23
therefore she has applied for,1047,0.079518,13
to all lenders for their,1047,0.079518,10
was born in loc loc,1047,0.079518,3
and both of her children,1046,0.079442,7
loan to finance her business,1046,0.079442,13
loc she is married to,1046,0.079442,14
name amt is married with,1046,0.079442,27
of rice to sell for,1046,0.079442,3
one of loc refugee camps,1046,0.079442,3
single mother of three children,1046,0.079442,25
to provide food for her,1046,0.079442,19
and is married with three,1045,0.079366,29
is her main source of,1045,0.079366,20
of items such as rice,1045,0.079366,5
she wants to purchase stock,1045,0.079366,4
providing enough food for her,1044,0.07929,3
despite the challenges she faces,1043,0.079215,5
loan will help her expand,1043,0.079215,21
org for loan of amt,1043,0.079215,11
this is name first loan,1043,0.079215,23
to feed her family she,1043,0.079215,23
be able to pay his,1042,0.079139,15
for loan from org to,1042,0.079139,19
has applied for this loan,1042,0.079139,25
help her to improve her,1042,0.079139,26
one child she runs general,1042,0.079139,3
the past four years name,1042,0.079139,17
the size of her business,1042,0.079139,24
town of loc she is,1042,0.079139,12
will help her increase her,1042,0.079139,34
years ago with start up,1042,0.079139,4
loc which she will use,1041,0.079063,11
requested loan through org loc,1041,0.079063,4
she earns an average income,1041,0.079063,4
she is divorced and has,1041,0.079063,21
and find good job in,1040,0.078987,3
be able to pay school,1040,0.078987,17
child name is in the,1040,0.078987,5
in school her partner is,1040,0.078987,6
of pests and diseases that,1040,0.078987,4
she also earns additional income,1040,0.078987,10
she wants to use the,1040,0.078987,23
with four children in school,1040,0.078987,9
her goal for the future,1039,0.078911,20
home to provide for her,1039,0.078911,5
income from this business and,1039,0.078911,15
man full of hope and,1039,0.078911,3
she will pay for her,1039,0.078911,15
an average monthly income of,1038,0.078835,4
area of loc loc name,1038,0.078835,3
is name she was born,1038,0.078835,3
she has one child who,1038,0.078835,24
she is grateful to the,1038,0.078835,16
the first time this year,1038,0.078835,3
to build house in the,1038,0.078835,17
to develop her business she,1038,0.078835,22
for her children name is,1037,0.078759,22
one child name is in,1037,0.078759,4
years old widowed and has,1037,0.078759,23
he has been working in,1036,0.078683,27
hence increasing his income he,1036,0.078683,5
the past amt years ago,1036,0.078683,4
with the profits from his,1036,0.078683,20
at higher price in the,1035,0.078607,7
community as very reliable person,1035,0.078607,3
for her business she is,1035,0.078607,25
funds received from her husband,1035,0.078607,3
have light during the night,1035,0.078607,4
will be used to increase,1035,0.078607,22
to the high cost of,1034,0.078531,14
aged amt and amt years,1033,0.078455,24
five children she works hard,1033,0.078455,5
for her work this will,1033,0.078455,7
fuel and also to help,1033,0.078455,4
she is now asking for,1033,0.078455,18
this new loan she plans,1033,0.078455,14
to continue her business as,1033,0.078455,5
year in the future name,1033,0.078455,5
is looking forward to your,1032,0.078379,5
is to expand his business,1032,0.078379,25
it is for this reason,1032,0.078379,22
she asked for loan from,1032,0.078379,12
use her share of the,1032,0.078379,14
amt children who are still,1031,0.078303,17
married and the couple has,1031,0.078303,5
seeking loan of amt to,1031,0.078303,11
she doesn have enough money,1031,0.078303,18
to buy spare parts and,1031,0.078303,18
amt year old mother living,1030,0.078227,8
and single with three children,1030,0.078227,10
are blessed with three children,1030,0.078227,8
continue her business as well,1030,0.078227,4
doesn have enough money to,1030,0.078227,19
has therefore applied for loan,1030,0.078227,11
name is hardworking businesswoman who,1030,0.078227,7
she has requested an amount,1030,0.078227,3
to improve their living conditions,1030,0.078227,24
amt she is engaged in,1029,0.078151,5
she earned to support her,1029,0.078151,6
she is hardworking business woman,1029,0.078151,4
applied for loan from org,1028,0.078075,13
as an extremely experienced farmer,1028,0.078075,4
earns low income this income,1028,0.078075,3
father of amt children he,1028,0.078075,27
the welfare of her family,1028,0.078075,20
woman with three children between,1028,0.078075,9
years now and she has,1028,0.078075,10
cows in order to increase,1027,0.077999,8
year old woman living in,1027,0.077999,20
business to support her family,1026,0.077923,25
contributes to her family well,1026,0.077923,3
described as an extremely experienced,1026,0.077923,4
she plans to send her,1026,0.077923,8
supplies needed for her business,1026,0.077923,4
and other beverages to sell,1025,0.077847,5
are blessed with two children,1025,0.077847,11
he is an enthusiastic and,1025,0.077847,3
on all of her fuels,1025,0.077847,3
the help of the loan,1025,0.077847,21
to help more farmers she,1025,0.077847,3
and is married with two,1024,0.077771,27
loan to buy sacks of,1024,0.077771,19
old and single with three,1024,0.077771,10
org in order to purchase,1024,0.077771,15
she is asking for this,1024,0.077771,24
they are currently attending school,1024,0.077771,3
children her husband works as,1023,0.077696,22
for four years and sells,1023,0.077696,6
school at the moment she,1023,0.077696,7
so that she will be,1023,0.077696,32
this loan name is going,1023,0.077696,9
for her family in the,1022,0.07762,26
her husband is farmer and,1022,0.07762,25
is blessed with three children,1022,0.07762,12
is the high cost of,1022,0.07762,13
more independent because she can,1022,0.07762,4
more than amt years he,1022,0.07762,23
name is very passionate about,1022,0.07762,5
org to buy fruits and,1022,0.07762,7
to increase her business and,1022,0.07762,26
ages amt amt and amt,1021,0.077544,21
is blessed with two children,1021,0.077544,12
she started this business amt,1021,0.077544,20
well as support her family,1021,0.077544,13
as well as that of,1020,0.077468,12
fees for her children in,1020,0.077468,16
has amt children and is,1020,0.077468,18
her family living conditions and,1020,0.077468,27
new loan she will stock,1020,0.077468,5
residing in the loc district,1020,0.077468,4
for five years she has,1019,0.077392,25
his income he will use,1019,0.077392,11
of amt org per month,1019,0.077392,8
profits to pay back the,1019,0.077392,8
her husband works in the,1018,0.077316,20
married and mother of three,1018,0.077316,30
name has been farming rice,1018,0.077316,4
profits name will be able,1018,0.077316,11
them in the local market,1018,0.077316,16
fees for his children and,1017,0.07724,20
asking for loan in order,1016,0.077164,21
her business name is requesting,1016,0.077164,28
her children school fees she,1016,0.077164,31
living conditions to her children,1016,0.077164,7
loan to buy fertilizers and,1016,0.077164,18
will use the income generated,1016,0.077164,9
will use this loan for,1016,0.077164,18
amt years now she would,1015,0.077088,6
her to pay for her,1015,0.077088,28
of amt through kiva lending,1015,0.077088,4
providing for her family and,1015,0.077088,10
purchase additional materials and equipment,1015,0.077088,3
to improve her life and,1015,0.077088,18
due to the high cost,1014,0.077012,15
repay his loan on time,1014,0.077012,10
woman with amt children she,1014,0.077012,25
year old mother living in,1014,0.077012,8
and also to help them,1013,0.076936,5
business to pay school fees,1013,0.076936,9
hardworking woman who tries her,1013,0.076936,7
sends thanks to all lenders,1013,0.076936,4
so she is asking for,1013,0.076936,21
customers she would like to,1012,0.07686,21
has amt children amt of,1012,0.07686,22
her business she likes her,1012,0.07686,4
knocked on the doors of,1012,0.07686,3
of loc she has been,1012,0.07686,23
use the income generated from,1012,0.07686,8
wheat flour maize flour and,1012,0.07686,4
four children she is in,1011,0.076784,13
graduate and find good job,1011,0.076784,3
his children to school with,1011,0.076784,7
is therefore seeking loan to,1011,0.076784,10
name amt is happily married,1011,0.076784,5
will be able to boost,1011,0.076784,16
of the loan will be,1010,0.076708,20
with four children name runs,1010,0.076708,7
as it will allow her,1009,0.076632,11
married with four children two,1009,0.076632,20
seeds and fertilizers to improve,1009,0.076632,11
years and would like to,1009,0.076632,18
has one child still in,1008,0.076556,3
old from loc she is,1008,0.076556,7
the profits she plans to,1008,0.076556,15
whom go to school she,1008,0.076556,20
at home to provide for,1007,0.07648,3
has one child currently in,1007,0.07648,5
he has applied for his,1007,0.07648,6
in loc she is amt,1007,0.07648,26
name is hardworking woman who,1007,0.07648,21
of hope and energy he,1007,0.07648,3
requesting loan from org in,1007,0.07648,13
business she is asking for,1006,0.076404,23
goal is to expand her,1006,0.076404,26
hardworking young man who tries,1006,0.076404,3
she will manage to buy,1006,0.076404,3
amt married and the mother,1005,0.076328,23
business woman with three children,1005,0.076328,5
loan that will enable him,1005,0.076328,14
she faces the challenge of,1005,0.076328,11
she started this business with,1005,0.076328,20
use this loan to pay,1005,0.076328,23
with five children between the,1005,0.076328,13
woman she lives with her,1005,0.076328,24
further development of her farm,1004,0.076253,4
in order to make more,1004,0.076253,28
life for her family name,1004,0.076253,17
requesting kiva loan to expand,1004,0.076253,9
such as fertilizers seeds and,1004,0.076253,6
high quality seeds and good,1003,0.076177,3
in common law marriage and,1003,0.076177,10
involved in business activities for,1003,0.076177,3
is married and has child,1003,0.076177,25
is the mother of five,1003,0.076177,28
she is living with her,1003,0.076177,18
amt years old and three,1002,0.076101,7
camfed my better world program,1002,0.076101,5
engaged in animal husbandry and,1002,0.076101,5
from loc she is happily,1002,0.076101,3
her only source of income,1002,0.076101,24
is amt years old lives,1002,0.076101,24
to make her business more,1002,0.076101,16
be able to give her,1001,0.076025,16
she is married with one,1001,0.076025,28
to secure her children future,1001,0.076025,10
which she is very excited,1001,0.076025,3
business for one year name,1000,0.075949,12
from its field partner org,1000,0.075949,4
parents in the loc district,1000,0.075949,7
well as that of her,1000,0.075949,8
who was born in amt,1000,0.075949,7
with the profits she plans,1000,0.075949,14
general store for five years,999,0.075873,6
in order for name to,999,0.075873,6
loc to enable her to,999,0.075873,5
of loc loc she has,999,0.075873,12
to be able to expand,999,0.075873,23
to buy amt kg of,999,0.075873,12
her sales she hopes to,998,0.075797,12
married with amt children and,998,0.075797,31
she is hardworking woman who,998,0.075797,24
to expand the size of,998,0.075797,16
and to pay for labor,997,0.075721,19
hand raised in the photo,997,0.075721,7
to be able to increase,997,0.075721,27
ago with start up funds,996,0.075645,3
and other groceries she has,996,0.075645,9
income she is amt years,996,0.075645,10
is known by his community,996,0.075645,3
is married and has children,996,0.075645,21
on the outskirts of town,996,0.075645,7
profits to purchase additional stock,996,0.075645,4
family thanks to her hard,995,0.075569,9
hope and energy he is,995,0.075569,3
pay the high cost of,995,0.075569,4
to pay the high cost,995,0.075569,4
and pay her children school,994,0.075493,26
business he plans to use,994,0.075493,17
children both of her children,994,0.075493,15
mother of two children living,994,0.075493,10
and amt years old her,993,0.075417,17
children to school in the,993,0.075417,11
financial management and increasing sales,993,0.075417,3
for her children to continue,993,0.075417,13
married and has eight children,993,0.075417,27
the loan will help improve,993,0.075417,11
and has one child currently,992,0.075341,7
requesting loan to buy farm,992,0.075341,4
three children still in school,992,0.075341,4
and other supplies needed to,991,0.075265,7
for amt years name says,991,0.075265,4
married and blessed with children,991,0.075265,4
of amt org she intends,991,0.075265,5
to pay for her son,991,0.075265,23
contribute to the local economy,990,0.075189,5
loan she plans to purchase,990,0.075189,24
name has applied for kiva,990,0.075189,12
school for the past three,990,0.075189,15
source of income thanks to,990,0.075189,9
to become one of the,990,0.075189,18
woman in the photo is,990,0.075189,12
woman she lives in loc,990,0.075189,14
years old married with four,990,0.075189,21
and has one child still,989,0.075113,3
business for the past three,989,0.075113,18
children name is married woman,989,0.075113,3
of two children living in,989,0.075113,11
business for eight years now,988,0.075037,11
income for the family he,988,0.075037,17
is returning to work with,988,0.075037,3
name is hard working entrepreneur,988,0.075037,8
name is thankful to kiva,988,0.075037,13
name lives with her family,988,0.075037,21
past five years name has,988,0.075037,16
work will help her to,988,0.075037,4
all of her fuels and,987,0.074961,3
business for eight years and,987,0.074961,18
buy vegetables to sell in,987,0.074961,3
district in loc she sells,987,0.074961,6
items to sell in order,987,0.074961,9
of her fuels and electricity,987,0.074961,3
of six children name works,987,0.074961,3
old married woman she lives,987,0.074961,15
requesting amt org loan to,987,0.074961,13
she is mother to amt,987,0.074961,18
very grateful to org and,987,0.074961,7
with this loan she wants,987,0.074961,25
dream is to expand his,986,0.074885,16
married woman she lives in,986,0.074885,15
motorcycle transport business in the,986,0.074885,3
she has four children she,986,0.074885,22
to pay for her treatment,986,0.074885,4
with the profits she will,986,0.074885,23
family better quality of life,985,0.074809,15
for the previous loan which,985,0.074809,8
for the support given to,985,0.074809,12
her family name is requesting,985,0.074809,26
more money with the profits,985,0.074809,4
thankful to the lenders for,985,0.074809,13
and improve her business she,984,0.074734,19
from her mother she has,984,0.074734,8
her family name has been,984,0.074734,20
hoping that her business will,984,0.074734,5
its lenders for the financial,984,0.074734,5
save more money with the,984,0.074734,4
she will use profits from,984,0.074734,7
to buy farming inputs that,984,0.074734,4
to org loc and the,984,0.074734,4
wants to improve her business,984,0.074734,23
buy sacks of rice to,983,0.074658,3
from org loc to buy,983,0.074658,6
has two children she lives,983,0.074658,23
in order to repay her,983,0.074658,3
of the profits she makes,983,0.074658,6
strong base of loyal customers,983,0.074658,3
years old and is single,983,0.074658,26
customers she plans to use,982,0.074582,15
help and that she will,982,0.074582,4
his children to school in,982,0.074582,8
in the loc district she,982,0.074582,16
increasing his income he will,982,0.074582,7
married with three children he,982,0.074582,26
mother of three children living,982,0.074582,13
and has four children he,981,0.074506,27
he intends to use the,981,0.074506,17
name will use the amt,981,0.074506,3
order to repay her loan,981,0.074506,3
quality farm inputs such as,981,0.074506,6
the productivity of her farm,981,0.074506,8
this trade from her mother,981,0.074506,5
three years she would like,981,0.074506,7
help her to increase her,980,0.07443,30
requesting another loan to buy,980,0.07443,21
so she is seeking loan,980,0.07443,15
committed to making positive impact,979,0.074354,3
few but valuable factors that,979,0.074354,3
her children to continue studying,979,0.074354,7
loan from its field partner,979,0.074354,4
program she plans to use,979,0.074354,4
in the same neighborhood and,978,0.074278,3
loan to buy solar system,978,0.074278,5
of amt children she has,978,0.074278,25
and other materials for her,977,0.074202,12
but valuable factors that encouraged,977,0.074202,3
for the past nine years,977,0.074202,24
is the president of the,977,0.074202,9
loan she intends to buy,977,0.074202,16
school she lives in her,977,0.074202,4
she wants to satisfy her,977,0.074202,9
three years she has been,977,0.074202,24
to care for her family,977,0.074202,25
using the loan she will,977,0.074202,6
with this loan she is,977,0.074202,24
due to insufficient financial means,976,0.074126,4
help this woman achieve her,976,0.074126,3
this business in amt with,976,0.074126,10
two children her husband is,976,0.074126,20
who is still in school,976,0.074126,23
they are blessed with two,975,0.07405,8
are only few but valuable,974,0.073974,3
her fuels and electricity expenses,974,0.073974,3
items such as rice sugar,974,0.073974,14
only few but valuable factors,974,0.073974,3
past three years she has,974,0.073974,21
sends her children to school,974,0.073974,8
standing on the far right,974,0.073974,6
to achieve the desired result,974,0.073974,3
to secure the future for,974,0.073974,3
who is married and has,974,0.073974,34
years old and three of,974,0.073974,6
years she has been good,974,0.073974,3
because she wants to have,973,0.073898,9
children who all go to,973,0.073898,20
in her community to earn,973,0.073898,12
loc he is father to,973,0.073898,8
old married with four children,973,0.073898,20
she wants to use this,973,0.073898,27
all of whom are still,972,0.073822,22
amt year old young man,972,0.073822,24
better standard of living for,972,0.073822,20
his hopes and dreams are,972,0.073822,7
of her loan which she,972,0.073822,3
wants to expand this business,972,0.073822,9
children she is engaged in,971,0.073746,18
for three years she would,971,0.073746,7
old man he is married,971,0.073746,17
request loan to buy new,971,0.073746,9
she plans to buy amt,971,0.073746,8
single and lives with his,971,0.073746,18
five children all of whom,970,0.07367,24
is for this reason that,970,0.07367,22
loan which she is very,970,0.07367,3
mother of amt children and,970,0.07367,33
name is hardworking entrepreneur with,970,0.07367,3
the loan in the further,970,0.07367,3
buy farming inputs that she,969,0.073594,3
family but also contributes to,969,0.073594,4
has applied for loan in,969,0.073594,15
help of the profits she,969,0.073594,3
like any loving parent her,969,0.073594,3
lives with amt other family,969,0.073594,5
name is thankful for the,969,0.073594,16
profit will be used to,969,0.073594,13
the expansion of her business,969,0.073594,22
to increase her family income,969,0.073594,20
to pay school fees and,969,0.073594,24
her children to continue their,968,0.073518,12
is borrowing this loan to,968,0.073518,3
items she has been involved,968,0.073518,8
loan will help him pay,968,0.073518,12
she intends to use this,968,0.073518,17
will improve her living conditions,968,0.073518,13
and applied for loan of,967,0.073442,6
been in business for the,967,0.073442,15
business for seven years and,967,0.073442,21
business she was able to,967,0.073442,24
her loan portion to buy,967,0.073442,10
living as well as that,967,0.073442,3
loan for the purchase of,967,0.073442,17
makes profit from farming name,967,0.073442,3
quality seeds and good fertilizer,967,0.073442,3
separated hut with access to,967,0.073442,3
two of whom are currently,967,0.073442,17
amt children her husband is,966,0.073366,23
children five of whom are,966,0.073366,20
to purchase fruits and vegetables,966,0.073366,14
to school she has been,966,0.073366,21
and enhance her income she,965,0.073291,6
in separated hut with access,965,0.073291,3
is in the business of,965,0.073291,27
of loc she is single,965,0.073291,14
profit to support her family,965,0.073291,15
sells them out in the,965,0.073291,3
the support of her husband,965,0.073291,21
them out in the market,965,0.073291,3
has been engaged in this,964,0.073215,24
her food stall she has,964,0.073215,7
is single mother of two,964,0.073215,26
married woman she buys animals,964,0.073215,3
mother to amt children and,964,0.073215,9
support her family living standards,964,0.073215,4
the opportunity to join the,964,0.073215,4
then sells them out in,964,0.073215,3
to invest in high quality,964,0.073215,8
year of the program she,964,0.073215,3
children the oldest is amt,963,0.073139,10
from her expanded business to,963,0.073139,3
her family she hopes to,963,0.073139,28
inputs that will boost his,963,0.073139,4
is to buy plot of,963,0.073139,11
live in the same area,963,0.073139,10
out in the market at,963,0.073139,3
she ll be able to,963,0.073139,25
they are also involved in,963,0.073139,6
business name is requesting loan,962,0.073063,28
he is very excited about,962,0.073063,7
her living conditions and secure,962,0.073063,3
name runs business where she,962,0.073063,7
this will allow him to,962,0.073063,29
where farming is the primary,962,0.073063,3
farmer who has been farming,961,0.072987,7
from her sales she hopes,961,0.072987,6
higher education in the future,961,0.072987,10
married with two children who,961,0.072987,23
of three children living in,961,0.072987,14
they are blessed with three,961,0.072987,7
will be thankful to the,961,0.072987,5
with five children she earns,961,0.072987,3
amt years she will use,960,0.072911,14
help him pay for his,960,0.072911,11
his family he would like,960,0.072911,18
kiva in the amount of,960,0.072911,5
now he will be able,960,0.072911,5
of her business in the,960,0.072911,15
to further expand her business,960,0.072911,28
use the loan amount to,960,0.072911,13
and the father of amt,959,0.072835,25
enhance her income she hopes,959,0.072835,4
her business and take care,959,0.072835,14
loc with her family she,959,0.072835,17
so that her husband can,959,0.072835,6
to sustain her business name,959,0.072835,5
two years she has been,959,0.072835,27
be able to study with,958,0.072759,3
farmer who lives in loc,958,0.072759,13
grateful to kiva and to,958,0.072759,9
he hopes to run bigger,958,0.072759,5
he wants to expand his,958,0.072759,26
he wants to improve his,958,0.072759,27
in the next amt years,958,0.072759,13
amt years old he lives,957,0.072683,27
blessed with five children she,957,0.072683,11
in order to provide for,957,0.072683,33
married with four children and,957,0.072683,28
org to buy more fish,957,0.072683,5
she is not able to,957,0.072683,24
years she has been running,957,0.072683,26
and has been working in,956,0.072607,24
become successful in the future,956,0.072607,6
her standard of living by,956,0.072607,6
name works as farmer but,956,0.072607,3
old and married woman with,956,0.072607,14
the seeds and fertilizer she,956,0.072607,4
and enhance his income he,955,0.072531,3
back her loan with the,955,0.072531,3
better future for them name,955,0.072531,6
goal is to improve her,955,0.072531,19
has seven children name is,955,0.072531,6
land name is member of,955,0.072531,3
profits in the future she,955,0.072531,17
providing better standard of living,955,0.072531,6
she does not have the,955,0.072531,23
she has had healthier life,955,0.072531,3
to become big business woman,955,0.072531,4
years ago she decided to,955,0.072531,14
able to increase her business,954,0.072455,20
community where farming is the,954,0.072455,3
groceries she has been in,954,0.072455,7
in short period of time,954,0.072455,13
this photo is name she,954,0.072455,7
to pay back his loan,954,0.072455,11
together with her partner and,954,0.072455,8
who lives in separated hut,954,0.072455,4
with the previous loan she,954,0.072455,14
of experience in this field,953,0.072379,23
dreams are to be financially,952,0.072303,3
has made name become more,952,0.072303,4
made name become more independent,952,0.072303,4
meet her customers demands she,952,0.072303,22
name lives in loc loc,952,0.072303,12
she started her business with,952,0.072303,27
to kiva lenders for their,952,0.072303,20
amt years old and works,951,0.072227,23
foods she has been in,951,0.072227,8
higher price in the future,951,0.072227,4
in the district of loc,951,0.072227,16
challenge she faces is the,950,0.072151,12
change her family living standards,950,0.072151,5
enough for the basic needs,950,0.072151,3
groceries and beverages her husband,950,0.072151,3
her business and repair her,950,0.072151,7
increase her sales she is,950,0.072151,20
lives in traditional hut with,950,0.072151,4
she wants to renovate her,950,0.072151,16
the loan name plans to,950,0.072151,13
able to study with the,949,0.072075,4
all the lenders for the,949,0.072075,9
amounting to amt to purchase,949,0.072075,4
to grow every day she,949,0.072075,3
for six years and sells,948,0.071999,6
goal is to increase her,948,0.071999,24
her business she has requested,948,0.071999,19
her business she is requesting,948,0.071999,29
lives in loc loc with,948,0.071999,15
on name would like to,948,0.071999,3
would like to thank the,948,0.071999,18
and other assorted items she,947,0.071923,3
is considered to be very,947,0.071923,4
is happily married and is,947,0.071923,4
married with two children in,947,0.071923,15
name become more independent because,947,0.071923,4
the income generated from his,947,0.071923,11
to pay tuition fees for,947,0.071923,15
with her husband and her,947,0.071923,31
woman in this photo is,947,0.071923,5
would like to see her,947,0.071923,23
and earns net income of,946,0.071847,3
earns additional income from selling,946,0.071847,9
has three children one of,946,0.071847,22
in her business and save,946,0.071847,12
kiva loan from its field,946,0.071847,3
she is in need of,946,0.071847,21
will help him pay for,946,0.071847,12
and with this loan she,945,0.071772,24
dairy cows in order to,945,0.071772,7
she lives in loc with,945,0.071772,20
this is name amt year,945,0.071772,17
which she plans to invest,945,0.071772,6
four years name has been,944,0.071696,16
is grateful to kiva lenders,944,0.071696,18
not have the opportunity to,944,0.071696,11
secure brighter future for her,944,0.071696,8
will use the profits of,944,0.071696,7
and she plans to take,943,0.07162,5
expand the size of her,943,0.07162,17
in the rural area of,943,0.07162,17
loc loc her husband is,943,0.07162,10
monthly income of amt she,943,0.07162,5
of amt org which she,943,0.07162,13
old man who lives with,943,0.07162,18
she intends to use to,943,0.07162,15
this is the first loan,943,0.07162,13
four children she has had,942,0.071544,9
her loan with the help,942,0.071544,4
increase her stock of merchandise,942,0.071544,11
for the last few years,941,0.071468,16
house with amt other family,941,0.071468,5
in her community she has,941,0.071468,24
the past four years she,941,0.071468,26
amt year old father of,940,0.071392,26
from kiva in the amount,940,0.071392,4
from the covid amt virus,940,0.071392,3
inputs such as fertilizers seeds,940,0.071392,4
to support her family her,940,0.071392,26
can earn enough money to,939,0.071316,9
from this season to buy,939,0.071316,4
is now requesting another loan,939,0.071316,23
is very thankful for the,939,0.071316,16
she is married woman she,939,0.071316,14
to manage her household expenses,939,0.071316,7
child name works hard to,938,0.07124,8
her family she wants to,938,0.07124,28
her hand raised in the,938,0.07124,9
wants to be able to,938,0.07124,29
would also like to buy,938,0.07124,22
you in advance for your,938,0.07124,11
and contributing to the local,937,0.071164,3
and that is why she,937,0.071164,20
her goal is to increase,937,0.071164,23
married with three children who,937,0.071164,26
mother of three children and,937,0.071164,30
save to take care of,937,0.071164,3
expand her business and repair,936,0.071088,5
father of two children he,936,0.071088,28
he hopes to use the,936,0.071088,15
purchase fruits and vegetables to,936,0.071088,9
and has two children with,935,0.071012,16
customer demand with the profits,935,0.071012,7
for amt org loan to,935,0.071012,20
her community to earn living,935,0.071012,10
living conditions and secure the,935,0.071012,3
other groceries she has been,935,0.071012,6
she needs this loan to,935,0.071012,20
also contribute to the local,934,0.070936,4
conditions and secure the future,934,0.070936,3
gains from this year harvest,934,0.070936,3
is married and one of,934,0.070936,5
is married woman with amt,934,0.070936,21
she started this business in,934,0.070936,22
sustenance for her family and,934,0.070936,3
and the help of her,933,0.07086,7
for amt years he is,933,0.07086,26
he is requesting loan from,933,0.07086,21
her family well being for,933,0.07086,6
improve their standards of living,933,0.07086,15
loc loc she is the,933,0.07086,9
to continue her children education,933,0.07086,8
enhance his family living standards,932,0.070784,5
family and pay school fees,932,0.070784,18
is now requesting kiva loan,932,0.070784,15
provide for her family basic,932,0.070784,19
she is able to meet,932,0.070784,21
children she lives in the,931,0.070708,24
hopes to expand the size,931,0.070708,4
is to grow his business,931,0.070708,17
like many other farmers in,931,0.070708,3
she requested loan in the,931,0.070708,11
spends total of amt org,931,0.070708,4
which will be used to,931,0.070708,29
children she sells groceries and,930,0.070632,8
in the market name has,930,0.070632,16
lives in the city of,930,0.070632,16
name hopes to expand the,930,0.070632,9
requesting this loan to purchase,930,0.070632,24
stock of groceries to sell,930,0.070632,9
the couple has amt children,930,0.070632,6
been in this line of,929,0.070556,22
every day of the week,929,0.070556,11
married and one of her,929,0.070556,3
to help improve her business,929,0.070556,9
trade from her mother she,929,0.070556,4
wants to build house and,929,0.070556,12
will be able to afford,929,0.070556,18
and she works hard to,928,0.07048,18
has been in this line,928,0.07048,22
name is hard working woman,928,0.07048,22
name plans to increase her,928,0.07048,21
other items to sell she,928,0.07048,11
years she is on her,928,0.07048,7
and other farm supplies to,927,0.070404,6
and other food items to,927,0.070404,14
hectares of land where she,927,0.070404,4
lenders for the support and,927,0.070404,8
paying back the loan successfully,927,0.070404,3
she has amt years of,927,0.070404,22
tuition fees for her children,927,0.070404,14
and has been able to,926,0.070329,26
children she has been in,926,0.070329,27
like canned goods noodles drinks,926,0.070329,3
old with four children she,926,0.070329,9
profits name will use the,926,0.070329,6
to have the support of,926,0.070329,17
to help her husband to,926,0.070329,30
to improve their standard of,926,0.070329,28
with her husband and four,926,0.070329,28
family needs this will be,925,0.070253,4
is seeking loan from kiva,925,0.070253,13
the future he will be,925,0.070253,15
access to electricity name works,924,0.070177,4
child she is single and,924,0.070177,4
plot of land where she,924,0.070177,16
she was able to increase,924,0.070177,23
children are only few but,923,0.070101,3
has knocked on the doors,923,0.070101,3
her loan her dream is,923,0.070101,7
it at higher price in,923,0.070101,4
she would like to acquire,923,0.070101,13
the goal of increasing her,923,0.070101,15
who works very hard she,923,0.070101,3
income from the loan in,922,0.070025,3
married with seven children name,922,0.070025,10
she is hopeful that with,922,0.070025,8
source of income to support,922,0.070025,19
the income generated by the,922,0.070025,10
business she applied for loan,921,0.069949,15
did not have the opportunity,921,0.069949,9
enhance his income he hopes,921,0.069949,3
her regular customers are her,921,0.069949,4
will use the profits to,921,0.069949,30
for several years now and,920,0.069873,12
meet the demand of her,920,0.069873,28
name is hopeful that kiva,920,0.069873,4
requesting loan to increase her,920,0.069873,21
she has no problem with,920,0.069873,5
able to give her children,919,0.069797,12
amt org per month she,919,0.069797,10
for kiva loan to buy,919,0.069797,18
is hard working entrepreneur who,919,0.069797,9
loan to buy sewing machine,919,0.069797,25
the profits from this loan,919,0.069797,20
born in amt and is,918,0.069721,7
business she is requesting loan,918,0.069721,26
her goal is to expand,918,0.069721,24
his loan will be used,918,0.069721,11
main source of income he,918,0.069721,19
plans to invest the proceeds,918,0.069721,4
that will boost his yield,918,0.069721,4
with the support of her,918,0.069721,21
with three children she sells,918,0.069721,16
and give her children good,917,0.069645,14
blessed with one child she,917,0.069645,9
children and lives in loc,917,0.069645,17
is grateful to the lenders,917,0.069645,12
loc she is divorced and,917,0.069645,8
loc with her previous kiva,917,0.069645,4
of loc she is blessed,917,0.069645,3
single with one child name,917,0.069645,5
the loan she wants to,917,0.069645,19
the near future name will,917,0.069645,4
further develop her business she,916,0.069569,14
her children as well as,916,0.069569,25
improve the living standards of,916,0.069569,18
loc he is applying for,916,0.069569,6
meet customer demand with the,916,0.069569,11
name has been working in,916,0.069569,22
support her family name has,916,0.069569,19
greater profits name will use,915,0.069493,3
her husband is responsible for,915,0.069493,5
life skills sessions for students,915,0.069493,5
loan so that he can,915,0.069493,30
old woman she lives in,915,0.069493,18
she lives in loc town,915,0.069493,7
the next five years she,915,0.069493,8
years name has applied for,915,0.069493,11
amt amt am to amt,914,0.069417,9
and then sells them out,914,0.069417,3
for his children to be,914,0.069417,12
has been working in agriculture,914,0.069417,19
loc she intends to use,914,0.069417,6
that will boost her business,914,0.069417,6
to buy seeds fertilizers and,914,0.069417,20
blessed with amt children who,913,0.069341,11
children aged amt to amt,913,0.069341,17
experience under her belt she,913,0.069341,4
farming she will be able,913,0.069341,4
her goal is to improve,913,0.069341,16
loan will help her buy,913,0.069341,25
loc she has one child,913,0.069341,13
name requested loan in the,913,0.069341,8
the loan that she is,913,0.069341,14
two school going children she,913,0.069341,14
will help her to support,913,0.069341,20
and its partners for supporting,912,0.069265,5
he is happily married to,912,0.069265,4
her husband and four children,912,0.069265,29
hopes that kiva lenders will,912,0.069265,15
lenders for this financial assistance,912,0.069265,3
living conditions for her children,912,0.069265,19
loan facility to buy more,912,0.069265,4
near future name will be,912,0.069265,3
she faces is the lack,912,0.069265,10
the challenge of her business,912,0.069265,4
to meet her customers needs,912,0.069265,27
and dreams are to have,911,0.069189,7
expenses and improve her business,910,0.069113,7
so that she can generate,910,0.069113,20
to electricity name works as,910,0.069113,4
will be able to to,910,0.069113,7
years she and her husband,910,0.069113,14
in loc with her husband,909,0.069037,21
is very common activity in,909,0.069037,3
maize flour and wheat flour,909,0.069037,3
of the group in this,909,0.069037,5
provide basic needs for the,909,0.069037,6
received her dream is to,909,0.069037,4
that she can expand her,909,0.069037,32
to her customers name has,909,0.069037,14
as the result of the,908,0.068961,3
business to provide for her,908,0.068961,21
investment and wants to thank,908,0.068961,3
name is young amt year,908,0.068961,18
of customers she would like,908,0.068961,8
will not only increase his,908,0.068961,7
his dream is to grow,907,0.068885,10
in her business in the,907,0.068885,15
is an amt year old,907,0.068885,27
is turning to you for,907,0.068885,3
proceeds will be used to,907,0.068885,13
the result of the investment,907,0.068885,4
this loan to buy assorted,907,0.068885,4
two children living in loc,907,0.068885,10
amt years she will be,906,0.06881,7
and amt years old three,906,0.06881,10
business because she wants to,906,0.06881,11
business for seven years now,906,0.06881,15
loan for the third time,906,0.06881,4
rice to sell in the,906,0.06881,7
be able to take care,905,0.068734,28
been member of org for,905,0.068734,4
by facing life challenges he,905,0.068734,3
grateful to org and kiva,905,0.068734,8
in the further development of,905,0.068734,3
now he does not have,905,0.068734,6
old mother living in loc,905,0.068734,4
she seeks loan to invest,905,0.068734,6
to generate more income to,905,0.068734,19
to use her share of,905,0.068734,5
woman who is married and,905,0.068734,29
amt year old lady living,904,0.068658,8
and that of her entire,904,0.068658,3
farmers in the loc district,904,0.068658,3
has operated this business for,904,0.068658,17
help her to support her,904,0.068658,24
inputs such as fertilizers to,904,0.068658,4
loc district of loc she,904,0.068658,12
to sell in the market,904,0.068658,22
amt years old and both,903,0.068582,10
as main source of income,903,0.068582,8
children to school name will,903,0.068582,6
guide supporting other young women,903,0.068582,5
he wants to increase his,903,0.068582,26
her loan by volunteering three,903,0.068582,4
name has been running this,903,0.068582,16
and become successful in the,902,0.068506,6
and the father of two,902,0.068506,30
and the mother of seven,902,0.068506,25
four children who are still,902,0.068506,17
has made name independent and,902,0.068506,3
additional items to sell in,901,0.06843,4
amt year old woman residing,901,0.06843,11
increase her income she is,901,0.06843,22
living with her spouse and,901,0.06843,6
all her children to school,900,0.068354,12
amt am to amt amt,900,0.068354,9
customers are her neighbors and,900,0.068354,8
from amt amt am to,900,0.068354,9
from the expanded business to,900,0.068354,3
is married businesswoman with two,900,0.068354,3
married with two children he,900,0.068354,26
name is married and blessed,900,0.068354,11
the use of electricity and,900,0.068354,3
will enable her to grow,900,0.068354,20
with five children two of,900,0.068354,16
amt years she successfully repaid,899,0.068278,3
her business to increase her,899,0.068278,27
how to sell by herself,899,0.068278,3
she is hoping for your,899,0.068278,5
amt it is made up,898,0.068202,4
family he would like loan,898,0.068202,3
increase her profits this will,898,0.068202,9
is able to ensure that,898,0.068202,4
person he is amt years,898,0.068202,8
quality of life she also,898,0.068202,7
with five children three of,898,0.068202,18
build children self esteem and,897,0.068126,5
help her to buy more,897,0.068126,23
in order to improve the,897,0.068126,28
married businesswoman with two children,897,0.068126,3
married woman residing in the,897,0.068126,8
name is humbly seeking loan,897,0.068126,3
name lives with her husband,897,0.068126,25
she is mother of four,897,0.068126,29
very thankful in advance for,897,0.068126,3
year old woman residing in,897,0.068126,10
fertilizer your loan will enable,896,0.06805,3
for the needs of her,896,0.06805,25
her profits she has managed,896,0.06805,3
loc he will use this,896,0.06805,4
name is the father of,896,0.06805,17
org to pay for his,896,0.06805,10
the age of amt she,896,0.06805,26
vegetables to sell name has,896,0.06805,4
will help improve her family,896,0.06805,15
year old name is married,896,0.06805,24
blessed with four children who,895,0.067974,8
business in the future as,895,0.067974,9
demand with the profits from,895,0.067974,5
income to provide food for,895,0.067974,3
married with eight children she,895,0.067974,14
neighbors and the local community,895,0.067974,5
regular customers are her neighbors,895,0.067974,4
so that they can have,895,0.067974,24
the future he hopes to,895,0.067974,20
district in loc with her,894,0.067898,7
is in school name is,894,0.067898,13
am to amt amt pm,893,0.067822,9
but struggles with charcoal and,893,0.067822,3
old and married she runs,893,0.067822,5
sell in the future at,893,0.067822,3
sending his children to school,893,0.067822,12
she can earn enough money,893,0.067822,7
this will be name first,893,0.067822,10
with her own savings and,893,0.067822,3
able to feed his family,892,0.067746,16
in multi bedroom house without,892,0.067746,4
name generate greater profits and,892,0.067746,4
pay tuition fees for her,892,0.067746,14
proceeds from the loan will,892,0.067746,7
support her family in the,892,0.067746,18
to build children self esteem,892,0.067746,5
which will translate into more,892,0.067746,3
amt org to pay for,891,0.06767,15
feed his family he needs,891,0.06767,6
in loc with her family,891,0.06767,20
woman with three children all,891,0.06767,10
years old and married mother,891,0.06767,24
earn more income to support,890,0.067594,12
name is very hard working,890,0.067594,24
such as rice sugar soap,890,0.067594,5
field partner org loc she,889,0.067518,8
in loc with her previous,889,0.067518,6
income name is member of,889,0.067518,3
is requesting loan to order,889,0.067518,3
money with the profits from,889,0.067518,4
name needs this loan to,889,0.067518,15
now name seeks loan to,889,0.067518,4
old lady living with her,889,0.067518,6
org loc to buy more,889,0.067518,8
will open new markets for,889,0.067518,3
amt years she wants to,888,0.067442,22
back the loan in full,888,0.067442,6
been involved in animal husbandry,888,0.067442,5
children her husband is farmer,888,0.067442,21
demands of her customers she,888,0.067442,26
happily married and is blessed,888,0.067442,3
her dream which is to,888,0.067442,9
hope and dream is to,888,0.067442,6
she is going to purchase,888,0.067442,18
this loan to buy seeds,888,0.067442,16
business and be able to,887,0.067367,27
general store in the future,887,0.067367,10
her biggest dream is to,887,0.067367,18
her quality of life and,887,0.067367,16
his farming business name is,887,0.067367,8
loc for the past year,887,0.067367,8
multi bedroom house without access,887,0.067367,4
name is very hardworking and,887,0.067367,18
per month she has applied,887,0.067367,3
she lives together with her,887,0.067367,16
to reduce the use of,887,0.067367,4
woman she lives in the,887,0.067367,16
amt year old lady who,886,0.067291,22
and is married with four,886,0.067291,33
been working in animal husbandry,886,0.067291,5
family name is grateful to,886,0.067291,12
her business and dreams of,886,0.067291,11
new loan to increase her,886,0.067291,13
woman she has two children,886,0.067291,17
field partner of kiva name,885,0.067215,3
for amt years name will,885,0.067215,11
has amt children and lives,885,0.067215,13
her husband in the loc,885,0.067215,11
name is able to ensure,885,0.067215,4
to improve her business she,885,0.067215,28
to provide for the needs,885,0.067215,23
using this loan she will,885,0.067215,7
will be name first loan,885,0.067215,10
amt org to purchase another,884,0.067139,5
amt years now name has,884,0.067139,16
and would like to save,884,0.067139,5
financial help from her husband,884,0.067139,6
for amt years name is,884,0.067139,23
for the well being of,884,0.067139,25
kind and responsible woman she,884,0.067139,5
loan in full at maturity,884,0.067139,5
married woman who lives with,884,0.067139,18
of her children is currently,884,0.067139,9
she hopes to improve her,884,0.067139,27
the sole provider for the,884,0.067139,10
to amt org per month,884,0.067139,11
child who is still in,883,0.067063,16
is single woman with two,883,0.067063,13
kiva lending partner to purchase,883,0.067063,3
life she also hopes to,883,0.067063,5
loan proceeds will be used,883,0.067063,7
loan to purchase more stock,883,0.067063,19
of amt org for her,883,0.067063,8
six children two of whom,883,0.067063,18
that the loan will help,883,0.067063,23
to work hard so that,883,0.067063,12
wood and energy expenses she,883,0.067063,3
amt children and lives in,882,0.066987,20
in order to improve his,882,0.066987,26
is located in busy area,882,0.066987,12
married and mother of four,882,0.066987,27
seeds and fertilizer to improve,882,0.066987,11
sole provider for the family,882,0.066987,9
also to help them access,881,0.066911,4
and she is married with,881,0.066911,26
business is located in busy,881,0.066911,12
living in loc loc he,881,0.066911,10
one child name works hard,881,0.066911,5
past few years she has,881,0.066911,13
amt years old lives in,880,0.066835,21
business in the future he,880,0.066835,22
children are presently in school,880,0.066835,3
mother of two school going,880,0.066835,15
for this reason he is,879,0.066759,23
from loc she lives with,879,0.066759,9
her dream is to own,879,0.066759,15
living standards she hopes that,879,0.066759,6
name is married she is,879,0.066759,16
of life she also hopes,879,0.066759,3
area of loc she has,878,0.066683,13
because he has been able,878,0.066683,7
has asked for loan from,878,0.066683,14
to meet his family needs,878,0.066683,26
with several years of experience,878,0.066683,8
amt year old mother she,877,0.066607,14
and support her family name,877,0.066607,20
been able to provide for,877,0.066607,22
fish to sell in the,877,0.066607,6
hopeful that kiva lenders will,877,0.066607,6
inputs such as fertilizer to,877,0.066607,4
school for the past two,877,0.066607,13
such as biscuits noodles sugar,877,0.066607,3
was born in amt is,877,0.066607,5
who has been blessed with,877,0.066607,9
will be able to pull,877,0.066607,3
become more independent because she,876,0.066531,4
kiva community for their financial,876,0.066531,5
lending partner to purchase more,876,0.066531,3
loc with the help of,876,0.066531,10
would like to save up,876,0.066531,10
year old businesswoman from loc,876,0.066531,6
for kiva loan from its,875,0.066455,3
has proven track record of,875,0.066455,3
he is grateful for the,875,0.066455,19
she is applying for her,875,0.066455,11
the org amt pandemic has,875,0.066455,8
to succeed in life and,875,0.066455,8
will use to buy farm,875,0.066455,5
woman who lives in separated,875,0.066455,4
woman who lives in the,875,0.066455,22
year old lady living with,875,0.066455,5
and she plans to use,874,0.066379,22
applied for loan from kiva,874,0.066379,13
farmer from the rural area,874,0.066379,7
help of this loan she,874,0.066379,21
in her business she has,874,0.066379,28
name has successfully repaid her,874,0.066379,9
of the loan to purchase,874,0.066379,18
has not been able to,873,0.066303,29
loan in order to increase,873,0.066303,25
single and has two children,873,0.066303,20
and encouraging them to save,872,0.066227,4
barely enough for the basic,872,0.066227,3
from amt in the morning,872,0.066227,5
has great desire to succeed,872,0.066227,3
has strong base of loyal,872,0.066227,3
his children to be able,872,0.066227,8
rice maize flour and wheat,872,0.066227,3
to generate more income name,872,0.066227,12
to manage her retail business,872,0.066227,3
years she has been managing,872,0.066227,10
amt years name will use,871,0.066151,12
is hopeful that with increased,871,0.066151,3
kiva lending partner to buy,871,0.066151,6
name lives in the province,871,0.066151,3
other food items to sell,871,0.066151,7
requesting kiva loan to start,871,0.066151,6
with four children with three,871,0.066151,5
woman she has three children,871,0.066151,22
for his family he would,870,0.066075,16
future she wants to continue,870,0.066075,6
man who lives in amt,870,0.066075,4
and earns monthly income of,869,0.065999,4
and fertilizer to improve her,869,0.065999,10
business for amt years earning,869,0.065999,4
has been able to support,869,0.065999,22
her business name has applied,869,0.065999,15
her supplies at the market,869,0.065999,7
pay back the loan successfully,869,0.065999,4
to use his profits to,869,0.065999,21
and amt years old all,868,0.065923,18
and has two children one,868,0.065923,24
is applying for loan of,868,0.065923,15
loc he used his previous,868,0.065923,3
name is married with four,868,0.065923,21
of the loan to buy,868,0.065923,23
wants to increase her income,868,0.065923,21
year old mother of five,868,0.065923,27
family in village near loc,867,0.065848,5
for one year name has,867,0.065848,10
managed to give her family,867,0.065848,3
name dreams of improving her,867,0.065848,6
name runs food vending business,867,0.065848,3
seeking the loan to buy,867,0.065848,5
she has decided to request,867,0.065848,12
to purchase additional farmland for,867,0.065848,3
and to everyone who helped,866,0.065772,3
children living in loc loc,866,0.065772,6
expand her business and improve,866,0.065772,28
this is her fifth loan,866,0.065772,18
woman and mother of amt,866,0.065772,28
and other groceries to sell,865,0.065696,12
everyone who helped her with,865,0.065696,4
farming inputs such as fertilizer,865,0.065696,7
grateful for the support she,865,0.065696,9
lack of funds she is,865,0.065696,10
other farm supplies to maintain,865,0.065696,3
production hence increasing his income,865,0.065696,4
to use the increased income,865,0.065696,5
two of whom attend school,865,0.065696,21
will improve his work and,865,0.065696,3
community for their financial support,864,0.06562,5
for her children education and,864,0.06562,30
help and fund his loan,864,0.06562,4
in her community her husband,864,0.06562,9
is amt year old from,864,0.06562,17
married and the couple have,864,0.06562,3
of her children attend school,864,0.06562,21
of them are in school,864,0.06562,24
sells them in the market,864,0.06562,19
single mother of amt children,864,0.06562,26
will help and fund his,864,0.06562,4
and lives in the loc,863,0.065544,15
community to earn living she,863,0.065544,9
her store in the future,863,0.065544,15
income so that she can,863,0.065544,26
is married mother of two,863,0.065544,22
loc she has requested loan,863,0.065544,8
not only increase his income,863,0.065544,4
support from kiva in the,863,0.065544,3
use to buy farm inputs,863,0.065544,4
challenge of her business is,862,0.065468,6
has done for amt years,862,0.065468,16
living like any loving parent,862,0.065468,3
loc which is in the,862,0.065468,11
name is seeking loan from,862,0.065468,16
of living like any loving,862,0.065468,3
the amt year old name,862,0.065468,9
to expand her business so,862,0.065468,31
to school name will use,862,0.065468,4
and four of her children,861,0.065392,9
at the market and is,861,0.065392,8
business to be able to,861,0.065392,27
drinks to help expand her,861,0.065392,3
farming to take care of,861,0.065392,4
father of three children he,861,0.065392,28
he works in the public,861,0.065392,5
maintain her business name has,861,0.065392,4
married mother of amt children,861,0.065392,30
the past amt years her,861,0.065392,21
and has been in the,860,0.065316,24
and sells them in the,860,0.065316,25
from kiva partner org loc,860,0.065316,3
her family name is grateful,860,0.065316,13
his business in order to,860,0.065316,29
loan to purchase high quality,860,0.065316,10
that kiva lenders will respond,860,0.065316,3
to buy more ingredients that,860,0.065316,3
to continue growing her business,860,0.065316,21
and the other members of,859,0.06524,16
children she and her family,859,0.06524,18
days week and amt hours,859,0.06524,7
food and clothing for his,859,0.06524,3
harvest as good last year,859,0.06524,3
has the ambition to expand,859,0.06524,4
is from the loc area,859,0.06524,3
is the mother of one,859,0.06524,26
married woman living with her,859,0.06524,17
she would like to continue,859,0.06524,20
to graduate and find good,859,0.06524,3
use the profits of the,859,0.06524,4
wants to satisfy her customers,859,0.06524,9
her business amt years ago,858,0.065164,22
lives in rural village with,858,0.065164,5
name is hardworking business woman,858,0.065164,6
name runs retail business selling,858,0.065164,5
she deals in business selling,858,0.065164,4
skills sessions for students in,858,0.065164,5
that she intends to use,858,0.065164,10
therefore she has asked for,858,0.065164,6
family standard of living like,857,0.065088,3
for eight years now and,857,0.065088,10
her standard of living in,857,0.065088,11
is amt and the youngest,857,0.065088,13
is married woman who has,857,0.065088,23
married and mother of two,857,0.065088,31
standard of living like any,857,0.065088,3
the loan to buy farm,857,0.065088,9
the past six years she,857,0.065088,25
to support her business and,857,0.065088,23
be able to boost her,856,0.065012,16
for five years name has,856,0.065012,21
for many years and has,856,0.065012,18
located in busy area and,856,0.065012,8
made up of amt women,856,0.065012,4
married she is in the,856,0.065012,7
of amt org from kiva,856,0.065012,11
time her dream is to,856,0.065012,8
and has three children with,855,0.064936,15
as good last year but,855,0.064936,3
make her business more profitable,855,0.064936,12
partner org loc with the,855,0.064936,3
with her family she has,855,0.064936,26
family name is seeking loan,854,0.06486,13
for her business to grow,854,0.06486,19
home to her neighbors and,854,0.06486,4
leading life skills sessions for,854,0.06486,4
org to purchase sacks of,854,0.06486,4
she hopes that you will,854,0.06486,11
the father of four children,854,0.06486,26
using the loan to buy,854,0.06486,15
for the support that will,853,0.064784,6
from camfed my better world,853,0.064784,5
her business name is very,853,0.064784,16
loan his dream is to,853,0.064784,9
loan to buy amt bags,853,0.064784,15
size of her business in,853,0.064784,6
to pay her educational fees,853,0.064784,4
and clothing for his family,852,0.064708,4
and enable her to pay,852,0.064708,6
be inspired to support her,852,0.064708,3
desire to get ahead is,852,0.064708,3
dreams of improving her business,852,0.064708,8
has paid off her loan,852,0.064708,5
his dream is to expand,852,0.064708,17
lives with her mother in,852,0.064708,18
now she is asking for,852,0.064708,20
products to sell she has,852,0.064708,10
raising pigs for three years,852,0.064708,6
selling for the past amt,852,0.064708,5
she is now seeking loan,852,0.064708,16
to improve her living standards,852,0.064708,20
wants to build her house,852,0.064708,6
farmers in her village she,851,0.064632,3
grateful for the support received,851,0.064632,7
in school she has been,851,0.064632,23
loc district in loc with,851,0.064632,9
mother of four children living,851,0.064632,11
of land in the future,851,0.064632,17
sell at her store she,851,0.064632,14
the profits to reinvest in,851,0.064632,12
any loving parent her dream,850,0.064556,3
has been involved in animal,850,0.064556,6
her hard work and perseverance,850,0.064556,7
income generated by the loan,850,0.064556,5
is very thankful for your,850,0.064556,11
lives with her children in,850,0.064556,27
maize flour and sugar she,850,0.064556,3
of further developing her business,850,0.064556,7
school name will use the,850,0.064556,5
use the profits to reinvest,850,0.064556,11
very common activity in the,850,0.064556,3
and her mother taught her,849,0.06448,4
and improve his family living,849,0.06448,24
and learned the trade from,849,0.06448,5
children she lives in rural,849,0.06448,13
goal is to build house,849,0.06448,12
in the fight against poverty,849,0.06448,3
lives in the village of,849,0.06448,14
she is requesting the loan,849,0.06448,24
she wants to buy more,849,0.06448,28
so that she can meet,849,0.06448,31
that he started in amt,849,0.06448,4
to become independent and to,849,0.06448,7
with the loan amount she,849,0.06448,8
been doing this for amt,848,0.064405,24
generate more income name is,848,0.064405,9
income to support her children,848,0.064405,19
is very responsible with his,848,0.064405,5
lending partner to buy more,848,0.064405,3
loan from org for the,848,0.064405,11
married with four children three,848,0.064405,18
woman from the loc district,848,0.064405,4
her family out of poverty,847,0.064329,14
single woman with one child,847,0.064329,11
the woman in the photo,847,0.064329,14
children for the past amt,846,0.064253,22
for the first time through,846,0.064253,4
has had farming business for,846,0.064253,4
her goal is to grow,846,0.064253,23
making her dreams come true,846,0.064253,9
married and lives in loc,846,0.064253,19
will be grateful for your,846,0.064253,7
as his main source of,845,0.064177,15
for loan for the third,845,0.064177,4
lives with her family and,845,0.064177,22
of three children who are,845,0.064177,28
with this investment she will,845,0.064177,11
woman she is the mother,845,0.064177,23
amt org loan to purchase,844,0.064101,12
and has great experience in,844,0.064101,7
children to earn an income,844,0.064101,6
is her fourth loan with,844,0.064101,15
living conditions in the future,844,0.064101,17
requesting loan of amt from,844,0.064101,11
with her husband she is,844,0.064101,30
amt year old lady married,843,0.064025,10
as rice sugar soap and,843,0.064025,4
field partner to purchase more,843,0.064025,6
for several years with this,843,0.064025,5
in small village of loc,843,0.064025,3
lives with her parents she,843,0.064025,18
of loc he is married,843,0.064025,16
three children she is single,843,0.064025,5
to buy farming inputs to,843,0.064025,5
to provide for their family,843,0.064025,21
an income she and her,842,0.063949,3
children ages amt amt and,842,0.063949,19
client of the microfinance institution,842,0.063949,4
income she and her husband,842,0.063949,13
money to invest in her,842,0.063949,15
she is thankful to all,842,0.063949,13
to improve her family standard,842,0.063949,30
way she will be able,842,0.063949,24
with her first kiva loan,842,0.063949,12
amt year old single mom,841,0.063873,7
buy feed and vitamins to,841,0.063873,4
earn an income she and,841,0.063873,3
fertilizers to improve her crop,841,0.063873,3
for her family she hopes,841,0.063873,21
of providing for her family,841,0.063873,12
seven children name works hard,841,0.063873,3
the next amt years she,841,0.063873,9
children she has had retail,840,0.063797,5
four children her husband is,840,0.063797,19
meet the needs of his,840,0.063797,25
that you will support her,840,0.063797,5
are her neighbors and the,839,0.063721,3
get higher education in the,839,0.063721,5
has seven children she is,839,0.063721,14
income is not enough to,839,0.063721,20
is applying for her first,839,0.063721,8
loan in short period of,839,0.063721,5
name is happily married woman,839,0.063721,7
source of sustenance for her,839,0.063721,3
the basic needs of his,839,0.063721,18
this way she will be,839,0.063721,21
to increase her working capital,839,0.063721,24
two bedroom house with access,839,0.063721,3
up to amt org per,839,0.063721,5
charcoal to sell she has,838,0.063645,3
for many years now she,838,0.063645,13
grateful to org loc and,838,0.063645,4
her business she hopes to,838,0.063645,26
his business goal is to,838,0.063645,7
many more great memories and,838,0.063645,4
she is sure that she,838,0.063645,9
will boost her income and,838,0.063645,9
is very hard working and,837,0.063569,19
shop business for the past,837,0.063569,4
that he will be able,837,0.063569,29
three school going children she,837,0.063569,14
to get higher education in,837,0.063569,5
to support her family the,837,0.063569,19
village on the outskirts of,837,0.063569,6
able to repay her loan,836,0.063493,18
basic needs of her household,836,0.063493,10
he will have many more,836,0.063493,4
is going to stock up,836,0.063493,8
living standards and pay for,836,0.063493,5
now requesting another loan to,836,0.063493,16
so that she can provide,836,0.063493,32
the first time through kiva,836,0.063493,3
to increase his stock of,836,0.063493,15
to invest in agriculture name,836,0.063493,4
with three children with one,836,0.063493,6
able to pay his children,835,0.063417,13
he is married with two,835,0.063417,26
he used his previous loan,835,0.063417,12
is taking this loan to,835,0.063417,14
providing better living conditions for,835,0.063417,10
to repay his loan on,835,0.063417,11
and children in small village,834,0.063341,4
buy more stock of clothes,834,0.063341,10
for financial assistance that will,834,0.063341,3
further develop her farm she,834,0.063341,3
her family she has one,834,0.063341,9
her general store in the,834,0.063341,4
her home in order to,834,0.063341,19
she is requesting another loan,834,0.063341,25
will have many more great,834,0.063341,4
working capital name will use,834,0.063341,8
have many more great memories,833,0.063265,4
hoping for your support to,833,0.063265,3
in order to grow more,833,0.063265,17
income of amt org per,833,0.063265,6
lives in loc in the,833,0.063265,14
partner org loc to buy,833,0.063265,8
the money from this loan,833,0.063265,17
to increase the size of,833,0.063265,35
be used to buy materials,832,0.063189,7
classes from camfed my better,832,0.063189,5
has been working in animal,832,0.063189,5
helps her support her family,832,0.063189,11
is married with seven children,832,0.063189,24
old and from loc she,832,0.063189,10
years old and is the,832,0.063189,26
years old and is widow,832,0.063189,22
amt years ago with the,831,0.063113,16
an unwavering passion for agriculture,831,0.063113,3
business for eight years she,831,0.063113,20
children she has kiosk that,831,0.063113,4
family name has general store,831,0.063113,4
her husband works in construction,831,0.063113,14
like to build house and,831,0.063113,8
loan to buy high quality,831,0.063113,17
of income comes from her,831,0.063113,12
past four years name has,831,0.063113,14
raising livestock for amt years,831,0.063113,10
requested loan to buy more,831,0.063113,19
she would like to establish,831,0.063113,6
amt years she has had,830,0.063037,13
doing this for amt years,830,0.063037,24
grow her business and dreams,830,0.063037,3
has already received and successfully,830,0.063037,3
has amt children he has,830,0.063037,17
loan will enable him to,830,0.063037,22
soft drinks to help expand,830,0.063037,3
three children living in loc,830,0.063037,7
already received and successfully repaid,829,0.062961,3
expand her business name is,829,0.062961,23
for the support provided to,829,0.062961,8
of four children living in,829,0.062961,12
almost amt years she has,828,0.062886,9
business for the past four,828,0.062886,21
her family but also contributes,828,0.062886,4
in the farming business for,828,0.062886,14
is seeking loan through kiva,828,0.062886,10
of the entire family but,828,0.062886,3
seeds and fertilizer she hopes,828,0.062886,5
the far right of the,828,0.062886,7
to buy refrigerator to keep,828,0.062886,10
wants to purchase bundles of,828,0.062886,3
woman residing in the loc,828,0.062886,3
because he wanted to have,827,0.06281,5
children she has requested loan,827,0.06281,15
her standard of living name,827,0.06281,21
is amt years old woman,827,0.06281,28
is looking forward to bountiful,827,0.06281,3
is married woman she buys,827,0.06281,4
loan to cover the cost,827,0.06281,14
money so that she could,827,0.06281,4
her customers name has been,826,0.062734,8
her livestock in the future,826,0.062734,4
she wants her business to,826,0.062734,17
the picturesque region of loc,826,0.062734,3
two of them are currently,826,0.062734,11
used to pay school fees,826,0.062734,14
years old she is living,826,0.062734,11
children he lives with his,825,0.062658,23
has been raising livestock and,825,0.062658,9
he wanted to have access,825,0.062658,3
loan to enable her to,825,0.062658,20
piglets sacks of feed and,825,0.062658,3
the life of her family,825,0.062658,19
aged amt amt and amt,824,0.062582,17
child name runs general store,824,0.062582,3
has three children she lives,824,0.062582,24
is married woman and mother,824,0.062582,26
loan to buy new sewing,824,0.062582,22
loc kiva field partner she,824,0.062582,3
school going children he is,824,0.062582,6
since amt she has been,824,0.062582,21
this will improve his work,824,0.062582,3
will increase her sales and,824,0.062582,21
years old and the youngest,824,0.062582,17
and the father of three,823,0.062506,27
family in the future name,823,0.062506,17
her business and renovate her,823,0.062506,10
inadequate working capital name will,823,0.062506,5
is in school name has,823,0.062506,10
old married woman who has,823,0.062506,25
profits of the business to,823,0.062506,3
she has paid off her,823,0.062506,8
to purchase more stocks of,823,0.062506,12
and amt years old name,822,0.06243,17
greetings from loc name is,822,0.06243,8
has been in the farming,822,0.06243,12
her profits to reinvest in,822,0.06243,7
improving financial management and increasing,822,0.06243,3
in school name has business,822,0.06243,6
is going to buy amt,822,0.06243,8
is grateful to org loc,822,0.06243,5
life and is grateful to,822,0.06243,5
of good harvest which will,822,0.06243,3
to help him improve his,822,0.06243,13
buy more charcoal to sell,821,0.062354,9
construction worker she has been,821,0.062354,3
four children she lives in,821,0.062354,25
has successfully repaid her previous,821,0.062354,14
he will use the profits,821,0.062354,19
is her second loan cycle,821,0.062354,13
she is asking for new,821,0.062354,17
with the loan she wants,821,0.062354,16
applying for loan of amt,820,0.062278,15
be used to increase her,820,0.062278,19
has been good client of,820,0.062278,5
her goal is to be,820,0.062278,17
items to sell and increase,820,0.062278,6
org for the third time,820,0.062278,4
business his dream is to,819,0.062202,11
is barely enough for the,819,0.062202,5
loan to add stock of,819,0.062202,3
loan to buy more clothes,819,0.062202,23
name was unable to study,819,0.062202,3
wants to renovate her house,819,0.062202,12
work and the help of,819,0.062202,7
average monthly income of amt,818,0.062126,4
be able to repay her,818,0.062126,12
from kiva lenders to buy,818,0.062126,9
is her only source of,818,0.062126,22
month at the market and,818,0.062126,3
old married woman and the,818,0.062126,23
says her business is going,818,0.062126,4
to add stock to her,818,0.062126,9
woman living in the area,818,0.062126,3
assured of good harvest which,817,0.06205,3
currently in school she works,817,0.06205,3
has decided to expand her,817,0.06205,12
in animal husbandry since amt,817,0.06205,3
loc the capital of the,817,0.06205,3
now seeking loan to buy,817,0.06205,13
on improving financial management and,817,0.06205,3
seeking loan from kiva lenders,817,0.06205,3
the market she is requesting,817,0.06205,16
use this new loan to,817,0.06205,20
with three other family members,817,0.06205,5
with two of her children,817,0.06205,17
and his family live in,816,0.061974,21
child she works hard to,816,0.061974,8
he has been working as,816,0.061974,24
members of the group in,816,0.061974,6
old and all of her,816,0.061974,3
seeking loan to purchase essential,816,0.061974,3
she asks for loan to,816,0.061974,15
business for almost amt years,815,0.061898,19
children he is group leader,815,0.061898,3
field partner org loc with,815,0.061898,3
income of amt org name,815,0.061898,4
of rice to sell in,815,0.061898,8
quality farming inputs such as,815,0.061898,5
really wants to improve her,815,0.061898,9
the ages of her children,815,0.061898,4
to everyone who helped her,815,0.061898,3
who is in school name,815,0.061898,14
will be able to support,815,0.061898,25
with her husband and child,815,0.061898,26
with two children with both,815,0.061898,3
year old mother of one,815,0.061898,25
children the family lives in,814,0.061822,15
name has run general store,814,0.061822,6
requesting loan to buy solar,814,0.061822,9
sugar salt cooking oil and,814,0.061822,10
thankful in advance for your,814,0.061822,3
to make improvements to her,814,0.061822,19
wants to improve her life,814,0.061822,11
with amt children she joined,814,0.061822,4
amt to amt years old,813,0.061746,22
five children she is in,813,0.061746,10
she earns more income from,813,0.061746,5
the future name wishes to,813,0.061746,10
use her loan portion to,813,0.061746,11
for three years and also,812,0.06167,5
kiva loan she expanded her,812,0.06167,6
of loc she has one,812,0.06167,8
the income she makes from,812,0.06167,17
are to expand her business,811,0.061594,16
children they live in community,811,0.061594,3
great memories and amazing accomplishments,811,0.061594,4
loc where she lives with,811,0.061594,16
loc which she has been,811,0.061594,4
married mother of five children,811,0.061594,27
money to take care of,811,0.061594,21
more great memories and amazing,811,0.061594,4
of loc she is very,811,0.061594,12
purchase more sacks of rice,811,0.061594,5
she will continue to save,811,0.061594,5
six children she works very,811,0.061594,3
so that she can expand,811,0.061594,32
to give her family better,811,0.061594,19
child for the past amt,810,0.061518,11
family but also contribute to,810,0.061518,4
her family live decent life,810,0.061518,6
she hopes to have your,810,0.061518,3
so she can continue to,810,0.061518,19
wants to increase her business,810,0.061518,18
whom are in school and,810,0.061518,14
year old farmer from loc,810,0.061518,8
amt year old widowed woman,809,0.061443,18
in the future name wishes,809,0.061443,10
she wants to build her,809,0.061443,13
six children three of whom,809,0.061443,23
thankful to all the lenders,809,0.061443,11
will be able to help,809,0.061443,25
at the market name is,808,0.061367,16
be thankful to the lenders,808,0.061367,4
in this line of work,808,0.061367,26
lives with her mother and,808,0.061367,22
with seven children she works,808,0.061367,4
amt this is her first,807,0.061291,6
and amt hours per day,807,0.061291,5
because he wanted to be,807,0.061291,4
he is married with three,807,0.061291,27
her main challenge is the,807,0.061291,12
improve her business and take,807,0.061291,7
is repeat client and has,807,0.061291,4
of experience under her belt,807,0.061291,3
she has been unable to,807,0.061291,14
very responsible with his crops,807,0.061291,4
help of org and kiva,806,0.061215,3
paying back the loan in,806,0.061215,7
amount of org amt for,805,0.061139,5
and its partners for their,805,0.061139,7
business for the past six,805,0.061139,18
businesswoman from loc she is,805,0.061139,6
is able to meet the,805,0.061139,19
one of the most profitable,805,0.061139,5
proud mother of amt children,805,0.061139,7
she has always worked hard,805,0.061139,3
to her hard work her,805,0.061139,5
with six children she has,805,0.061139,14
acquire loan that will be,804,0.061063,5
and dreams of providing better,804,0.061063,4
children name hopes that in,804,0.061063,3
for loan to increase her,804,0.061063,22
income from raising livestock name,804,0.061063,3
is mother of five children,804,0.061063,31
new loan of amt org,804,0.061063,9
org she wants to use,804,0.061063,7
the future is to own,804,0.061063,9
been engaged in farming for,803,0.060987,13
buy seeds and fertilizer and,803,0.060987,12
dream is to grow his,803,0.060987,12
four years she would like,803,0.060987,8
he is going to buy,803,0.060987,17
improve her business she joined,803,0.060987,3
name is from loc she,803,0.060987,11
amt and closes at amt,802,0.060911,4
children and lives in the,802,0.060911,15
for seven years now and,802,0.060911,10
has operated retail shop business,802,0.060911,3
her business because it has,802,0.060911,5
like to acquire loan that,802,0.060911,4
past two years she has,802,0.060911,25
refrigerator to keep drinks cold,802,0.060911,3
she can further expand her,802,0.060911,7
she faces is lack of,802,0.060911,9
support in the future she,802,0.060911,7
three years and also earns,802,0.060911,3
week and amt hours per,802,0.060911,5
year old married man he,802,0.060911,22
years of experience under her,802,0.060911,3
for amt years and earns,801,0.060835,10
for loan through kiva field,801,0.060835,13
has provided her family with,801,0.060835,3
he is very responsible with,801,0.060835,5
her farm and her family,801,0.060835,3
improving her business in the,801,0.060835,8
in her own house that,801,0.060835,4
members name works as farmer,801,0.060835,3
of hands on farming experience,801,0.060835,3
raising her hand in the,801,0.060835,8
ingredients for her business name,800,0.060759,3
previous kiva loan she expanded,800,0.060759,3
to acquire loan that will,800,0.060759,6
to kiva and to everyone,800,0.060759,3
woman from loc she is,800,0.060759,11
years of hands on farming,800,0.060759,3
basic needs of the family,799,0.060683,18
children school fees name is,799,0.060683,18
farming name is seeking loan,799,0.060683,3
for amt years she requested,799,0.060683,11
gained good reputation in the,799,0.060683,3
he would like to thank,799,0.060683,19
loan cycle with org and,799,0.060683,12
she really wants to improve,799,0.060683,9
six children four of whom,799,0.060683,22
the couple has two children,799,0.060683,7
three children with one child,799,0.060683,4
to increase her production and,799,0.060683,26
and would like to thank,798,0.060607,12
business for seven years she,798,0.060607,22
business will continue to improve,798,0.060607,3
children two of whom attend,798,0.060607,20
income for her family and,798,0.060607,24
is amt years old her,798,0.060607,28
lives in the community of,798,0.060607,7
mother of two children and,798,0.060607,29
she has three children two,798,0.060607,23
will be able to cater,798,0.060607,10
and to take care of,797,0.060531,24
experience in this field she,797,0.060531,18
has gained good reputation in,797,0.060531,3
help her to take care,797,0.060531,16
loan to purchase bags of,797,0.060531,15
member of the group will,797,0.060531,4
several years now and has,797,0.060531,6
use her portion to buy,797,0.060531,10
would like to take loan,797,0.060531,14
and blessed with six children,796,0.060455,11
business name has applied for,796,0.060455,16
her business this is her,796,0.060455,18
mother of three children all,796,0.060455,26
name she is married with,796,0.060455,15
with the income earned she,796,0.060455,7
can further expand her business,795,0.060379,7
focused on improving financial management,795,0.060379,3
her previous loan she was,795,0.060379,16
in making her dreams come,795,0.060379,5
in the above picture is,795,0.060379,4
one of whom is currently,795,0.060379,10
store she plans to use,795,0.060379,18
the future is to have,795,0.060379,13
the help of org she,795,0.060379,5
to pay for her child,795,0.060379,27
for her children name hopes,794,0.060303,10
for the family name has,794,0.060303,16
hard to provide her family,794,0.060303,8
her business she is asking,794,0.060303,20
mother of four children name,794,0.060303,19
name wants to use this,794,0.060303,11
of cereals such as maize,794,0.060303,6
support her family daily needs,794,0.060303,19
that is why he is,794,0.060303,17
to improve their living standards,794,0.060303,20
with the loan that she,794,0.060303,15
amt year old widow and,793,0.060227,34
children who go to school,793,0.060227,28
family standard of living by,793,0.060227,13
hard in order to improve,793,0.060227,10
is married and her husband,793,0.060227,22
lives in separated hut with,793,0.060227,4
loan to buy farm supplies,793,0.060227,14
plot of land name is,793,0.060227,8
the full price of the,793,0.060227,3
therefore applied for loan of,793,0.060227,6
this loan name will buy,793,0.060227,21
to meet her customers demand,793,0.060227,22
will help her to take,793,0.060227,18
been raising pigs for three,792,0.060151,6
further expand her business with,792,0.060151,7
in the business as she,792,0.060151,3
old mother of amt children,792,0.060151,28
plot of land on which,792,0.060151,16
smallholder farmer based in loc,792,0.060151,3
the loan will help to,792,0.060151,20
years and has had no,792,0.060151,4
and is grateful to org,791,0.060075,9
and will be able to,791,0.060075,27
family live decent life she,791,0.060075,6
for four years she would,791,0.060075,5
for loan of amt from,791,0.060075,9
her family and her community,791,0.060075,9
her gratitude for the support,791,0.060075,7
in one of loc refugee,791,0.060075,3
name wants to increase her,791,0.060075,23
name was able to buy,791,0.060075,17
she is going to stock,791,0.060075,8
with her husband and amt,791,0.060075,26
years and has great experience,791,0.060075,7
amt years old lives with,790,0.059999,22
and has been engaged in,790,0.059999,16
married with amt children between,790,0.059999,10
provided her family with decent,790,0.059999,3
raw materials for her business,790,0.059999,14
the past amt years earning,790,0.059999,4
total of amt org on,790,0.059999,3
use to repay the loan,790,0.059999,5
years and works amt hours,790,0.059999,3
years old she is the,790,0.059999,29
business for six years name,789,0.059924,12
doing this business for the,789,0.059924,17
from one place to another,789,0.059924,18
in loc loc her husband,789,0.059924,10
is farmer and has been,789,0.059924,21
kiva and to everyone who,789,0.059924,4
loan that she is requesting,789,0.059924,11
to finance his business he,789,0.059924,8
ages of her children are,788,0.059848,3
and she lives with her,788,0.059848,33
children ranging in age from,788,0.059848,17
improve her farm yield and,788,0.059848,3
she lives with her children,788,0.059848,26
their standard of living she,788,0.059848,23
to make the most of,788,0.059848,15
business that she started in,787,0.059772,7
family standard of living in,787,0.059772,13
farm and increase his yields,787,0.059772,5
income she would like loan,787,0.059772,4
is lack of capital to,787,0.059772,9
old name from the loc,787,0.059772,4
the future is to expand,787,0.059772,14
the income earned she will,787,0.059772,5
the quality of her crops,787,0.059772,10
to improve the state of,787,0.059772,11
which will allow him to,787,0.059772,30
years old married woman and,787,0.059772,17
for five years now she,786,0.059696,18
kiva lenders in order to,786,0.059696,6
mother of three school going,786,0.059696,11
of improving her business in,786,0.059696,6
the support of kiva lenders,786,0.059696,22
to buy solar system for,786,0.059696,6
town where the main economic,786,0.059696,3
year old lady married and,786,0.059696,5
years she has been granted,786,0.059696,3
able to meet the basic,785,0.05962,8
hand in the photo is,785,0.05962,4
his family with the profits,785,0.05962,14
loc an area endowed with,785,0.05962,3
loc with several years of,785,0.05962,3
manage her household expenses with,785,0.05962,3
mother of one child who,785,0.05962,29
name hopes for your support,785,0.05962,3
that she can further expand,785,0.05962,6
where the main economic activities,785,0.05962,3
will use part of the,785,0.05962,24
years now name has been,785,0.05962,14
be able to help her,784,0.059544,27
clothes she has been involved,784,0.059544,6
fish she has been in,784,0.059544,14
hard work and perseverance she,784,0.059544,11
married with four children he,784,0.059544,23
the photo is hardworking young,784,0.059544,4
to better support her family,784,0.059544,24
to increase her income to,784,0.059544,23
with seven children she runs,784,0.059544,6
assists her with her work,783,0.059468,3
field partner she is seeking,783,0.059468,3
for about amt years she,783,0.059468,20
her children education in the,783,0.059468,16
loan she will buy amt,783,0.059468,8
name was born in loc,783,0.059468,8
profits and improve her family,783,0.059468,14
she understands the importance of,783,0.059468,8
support her family basic needs,783,0.059468,16
to ensure that she keeps,783,0.059468,3
to generate income to support,783,0.059468,14
with three children he has,783,0.059468,18
year old resident of loc,783,0.059468,10
is seeking loan to invest,782,0.059392,10
it is considered to be,782,0.059392,3
mother of three children her,782,0.059392,25
struggles with charcoal and energy,782,0.059392,3
the loan will help him,782,0.059392,24
been running for many years,781,0.059316,11
clothes to sell name has,781,0.059316,4
confident that she can further,781,0.059316,4
due to financial constraints she,781,0.059316,11
has been blessed with three,781,0.059316,9
has had this business for,781,0.059316,23
of loc he is amt,781,0.059316,13
remaining part was covered by,781,0.059316,3
the remaining part was covered,781,0.059316,3
to increase his income and,781,0.059316,25
with her husband her husband,781,0.059316,16
amt years she has worked,780,0.05924,17
career path and active citizenship,780,0.05924,4
future name wants to build,780,0.05924,5
her first loan which she,780,0.05924,15
her husband in the photo,780,0.05924,8
in the middle of the,780,0.05924,24
is made up of women,780,0.05924,6
is the married mother of,780,0.05924,26
meet her family basic needs,780,0.05924,21
single woman amt years old,780,0.05924,10
amt married and has two,779,0.059164,19
average income of amt org,779,0.059164,5
bedroom house with amt other,779,0.059164,4
been in the farming business,779,0.059164,13
children education in the future,779,0.059164,15
from this loan will allow,779,0.059164,18
her request for this loan,779,0.059164,4
hopes that she will be,779,0.059164,21
loc kiva field partner with,779,0.059164,3
old and married mother of,779,0.059164,20
she has been member of,779,0.059164,13
with charcoal and energy expenses,779,0.059164,3
at the local market and,778,0.059088,24
change her life and that,778,0.059088,7
customers she is confident that,778,0.059088,4
is married and she has,778,0.059088,29
lives in his own house,778,0.059088,8
of amt years she is,778,0.059088,18
seeking loan to buy an,778,0.059088,8
she has been running for,778,0.059088,25
she will save her profits,778,0.059088,9
thank you for your support,778,0.059088,20
therefore name has applied for,778,0.059088,10
to avail herself of loan,778,0.059088,3
with six other family members,778,0.059088,4
and secure brighter future for,777,0.059012,9
flour and wheat flour she,777,0.059012,3
hopes that you will help,777,0.059012,4
is single woman amt years,777,0.059012,10
loan will be productive one,777,0.059012,3
partners for the support provided,777,0.059012,3
the lenders for the opportunity,777,0.059012,7
the main economic activities include,777,0.059012,3
why she is asking for,777,0.059012,23
will help her to purchase,777,0.059012,22
access to safe drinking water,776,0.058936,6
has two children she works,776,0.058936,12
his dream is to be,776,0.058936,14
improve his family living standards,776,0.058936,16
six children name is married,776,0.058936,3
this loan she is going,776,0.058936,17
years old and single mother,776,0.058936,21
child in school she is,775,0.05886,7
children she has been engaged,775,0.05886,12
for her children education name,775,0.05886,18
income to pay his children,775,0.05886,8
is single mother of amt,775,0.05886,24
old living with her family,775,0.05886,7
they will be able to,775,0.05886,28
to be very hardworking individual,775,0.05886,3
to make ends meet she,775,0.05886,19
amt years now and she,774,0.058784,15
education she believes that education,774,0.058784,4
for this reason name is,774,0.058784,21
her husband she has been,774,0.058784,22
will be productive one for,774,0.058784,3
years and she would like,774,0.058784,7
for more than three years,773,0.058708,26
loan he was able to,773,0.058708,22
portion of the loan to,773,0.058708,23
take care of her needs,773,0.058708,14
to improve their standards of,773,0.058708,10
who lives in loc with,773,0.058708,19
with five children four of,773,0.058708,17
with three children one of,773,0.058708,18
and fertilizer she hopes this,772,0.058632,3
family she is amt years,772,0.058632,18
food stall she has been,772,0.058632,6
for this reason that she,772,0.058632,17
her life and is grateful,772,0.058632,4
is blessed with amt children,772,0.058632,9
loan in the further development,772,0.058632,3
of whom is currently in,772,0.058632,8
the basic needs of the,772,0.058632,21
the rest of the loan,772,0.058632,13
to buy school uniforms for,772,0.058632,6
amt org on all of,771,0.058556,4
challenge she will use this,771,0.058556,3
demand she plans to use,771,0.058556,13
has been running for many,771,0.058556,9
honest she operates retail business,771,0.058556,3
market she is asking for,771,0.058556,13
married man he has amt,771,0.058556,10
of whom are already independent,771,0.058556,6
request loan to pay her,771,0.058556,3
she hopes this loan will,771,0.058556,20
to support her family daily,771,0.058556,21
been farming for few years,770,0.058481,3
improve her life and is,770,0.058481,4
profit she earned to support,770,0.058481,5
she hopes to run bigger,770,0.058481,6
standards and pay for her,770,0.058481,5
to access solar electricity for,770,0.058481,4
to expand his business to,770,0.058481,26
to restock her store with,770,0.058481,14
whom is currently in school,770,0.058481,7
will be able to attain,770,0.058481,12
with the profits earned from,770,0.058481,10
funds she is requesting loan,769,0.058405,12
help and hopes for your,769,0.058405,3
her children in school name,769,0.058405,9
in loc she has been,769,0.058405,21
loc for the past three,769,0.058405,10
share this loan with her,769,0.058405,4
single and the mother of,769,0.058405,19
taking care of her family,769,0.058405,28
the covid amt pandemic has,769,0.058405,7
the future name plans to,769,0.058405,19
to sell and grow her,769,0.058405,6
to support his family name,769,0.058405,22
will enable him to increase,769,0.058405,22
asks for loan to buy,768,0.058329,14
challenge she faces is lack,768,0.058329,4
com and facebook loc ncleanenergy,768,0.058329,3
enable him to increase his,768,0.058329,22
her family basic needs name,768,0.058329,16
old and three of her,768,0.058329,3
org she wants to purchase,768,0.058329,8
to see her business grow,768,0.058329,22
to support her six children,768,0.058329,5
amt years now name requested,767,0.058253,5
buy ingredients for her business,767,0.058253,5
first loan which she will,767,0.058253,9
hand raised she is married,767,0.058253,5
he has amt children he,767,0.058253,16
is asking for your support,767,0.058253,8
name is asking for this,767,0.058253,20
name is hardworking farmer who,767,0.058253,6
of amt org on all,767,0.058253,3
requesting loan to be able,767,0.058253,18
single woman with three children,767,0.058253,10
that through the loan she,767,0.058253,4
therefore save more money with,767,0.058253,3
therefore seeking loan to buy,767,0.058253,8
add more stock to her,766,0.058177,10
and mother of six children,766,0.058177,31
are all in school her,766,0.058177,11
business name is very thankful,766,0.058177,7
charcoal to sell name would,766,0.058177,3
given to her by her,766,0.058177,14
her business name requested loan,766,0.058177,10
her family she has business,766,0.058177,8
in school she has business,766,0.058177,11
is married woman and the,766,0.058177,18
keen to ensure that she,766,0.058177,3
month at the market name,766,0.058177,3
name is one of the,766,0.058177,21
name was born in the,766,0.058177,9
not only sustains her family,766,0.058177,4
old married woman with amt,766,0.058177,29
sales she hopes to be,766,0.058177,3
seeking loan that will enable,766,0.058177,6
them at the local market,766,0.058177,20
why she has decided to,766,0.058177,13
will help her to attain,766,0.058177,6
years over the years she,766,0.058177,4
and has three children her,765,0.058101,26
five years she wants to,765,0.058101,12
grateful for the support and,765,0.058101,13
kiva lenders for the support,765,0.058101,17
loan to buy more rice,765,0.058101,17
married woman from loc district,765,0.058101,3
more animals to increase her,765,0.058101,4
one child she is in,765,0.058101,8
provide for his family he,765,0.058101,25
referred to as very hardworking,765,0.058101,3
to expand the business and,765,0.058101,27
year name has requested loan,765,0.058101,6
amt married and has three,764,0.058025,18
be productive one for her,764,0.058025,3
business for many years now,764,0.058025,8
hopes for your understanding and,764,0.058025,4
married woman who has been,764,0.058025,14
mother of amt children name,764,0.058025,22
name wants to take advantage,764,0.058025,7
sessions on topics including health,764,0.058025,5
business where she sells clothes,763,0.057949,14
from the loan into further,763,0.057949,3
inputs that she will use,763,0.057949,4
loc loc she is divorced,763,0.057949,3
name is single woman amt,763,0.057949,6
next five years she wants,763,0.057949,5
of groceries to sell she,763,0.057949,5
old businesswoman from loc she,763,0.057949,4
other young women who are,763,0.057949,6
pay for her household necessities,763,0.057949,3
she is single and lives,763,0.057949,22
year old married man who,763,0.057949,25
for three years name has,762,0.057873,15
from org to help grow,762,0.057873,3
her to attain her dream,762,0.057873,4
of two children she sells,762,0.057873,17
only sustains her family but,762,0.057873,4
partners for the support given,762,0.057873,3
sugar soap soft drinks and,762,0.057873,4
the business allowing her to,762,0.057873,4
will enable her to pay,762,0.057873,22
woman with four children between,762,0.057873,6
and kiva she is very,761,0.057797,3
children self esteem and motivating,761,0.057797,5
expand his land under cultivation,761,0.057797,3
five years name would like,761,0.057797,6
is named name she is,761,0.057797,6
resident of loc he is,761,0.057797,5
sell and grow her business,761,0.057797,4
sense that he has been,761,0.057797,3
to expand his land under,761,0.057797,3
will use to buy more,761,0.057797,28
best conditions and cover all,760,0.057721,4
develop her business further name,760,0.057721,5
for her business name is,760,0.057721,22
general store for three years,760,0.057721,7
help her to attain her,760,0.057721,6
her loan on time her,760,0.057721,5
of land and build house,760,0.057721,13
other family members including one,760,0.057721,3
that she can earn more,760,0.057721,29
to help her husband in,760,0.057721,24
year old resident of the,760,0.057721,10
and has requested loan of,759,0.057645,6
children education she wishes to,759,0.057645,4
her children education she wishes,759,0.057645,6
is requesting loan to be,759,0.057645,19
loan to start her own,759,0.057645,8
more groceries to sell name,759,0.057645,3
of funds she is requesting,759,0.057645,9
one of them currently in,759,0.057645,3
products in the future she,759,0.057645,11
successfully he will use the,759,0.057645,3
to earn more income for,759,0.057645,19
who is married and lives,759,0.057645,19
and has been in business,758,0.057569,27
and soft drinks to help,758,0.057569,5
but due to financial constraints,758,0.057569,7
customers name has been in,758,0.057569,7
eight years now and has,758,0.057569,4
for the past twenty years,758,0.057569,18
for three years she has,758,0.057569,26
her business has provided her,758,0.057569,6
loan he plans to buy,758,0.057569,14
teacher but struggles with charcoal,758,0.057569,3
this loan to buy amt,758,0.057569,16
to buy additional kilos of,758,0.057569,3
to expand her enterprise name,758,0.057569,4
years old single and lives,758,0.057569,24
and kiva he is very,757,0.057493,3
business in order to increase,757,0.057493,26
help her expand her business,757,0.057493,26
kiva lenders will support her,757,0.057493,12
name wants to improve her,757,0.057493,20
purchase more animals to increase,757,0.057493,3
the market she wants to,757,0.057493,16
family she has been practicing,756,0.057417,3
hours per day six days,756,0.057417,3
is grateful for your support,756,0.057417,20
of her children are schooling,756,0.057417,5
to buy more charcoal to,756,0.057417,11
with one child name runs,756,0.057417,8
amt years old and living,755,0.057341,21
attain better standard of living,755,0.057341,4
expresses her gratitude for the,755,0.057341,6
feed his family with the,755,0.057341,8
her future hopes and dreams,755,0.057341,3
is barely enough to cover,755,0.057341,10
more customers she is confident,755,0.057341,4
of three children she sells,755,0.057341,19
one year name has requested,755,0.057341,5
the central region of loc,755,0.057341,6
use her profits to reinvest,755,0.057341,6
woman she has four children,755,0.057341,15
and has four children with,754,0.057265,16
for one year in the,754,0.057265,3
personal care products rice sugar,754,0.057265,3
the business as she has,754,0.057265,4
to buy more land to,754,0.057265,11
woman and amt years old,754,0.057265,6
and she was able to,753,0.057189,22
at her store she has,753,0.057189,6
child she is in the,753,0.057189,8
end of the season name,753,0.057189,5
from farming name is not,753,0.057189,3
her production and enhance her,753,0.057189,5
is requesting loan facility to,753,0.057189,3
is single and has one,753,0.057189,19
is why she has decided,753,0.057189,11
living in the loc district,753,0.057189,9
married woman she has three,753,0.057189,20
old married and lives in,753,0.057189,20
source of livelihood for her,753,0.057189,6
the loan she will buy,753,0.057189,27
to increase her net income,753,0.057189,4
to make his family live,753,0.057189,6
to support his family needs,753,0.057189,18
woman she has been working,753,0.057189,11
family in remote village in,752,0.057113,4
family in the area of,752,0.057113,4
has been farming for amt,752,0.057113,17
in order to start her,752,0.057113,14
name and her husband have,752,0.057113,25
name is content with the,752,0.057113,3
she is farmer who grows,752,0.057113,12
and expand her business in,751,0.057037,25
expand her business to increase,751,0.057037,18
has three children she works,751,0.057037,14
meet name amt years old,751,0.057037,9
name was only able to,751,0.057037,5
to reinvest in his business,751,0.057037,16
and then sells them in,750,0.056962,16
business for one year in,750,0.056962,4
business name and her family,750,0.056962,8
children with two of her,750,0.056962,4
he lives in rural village,750,0.056962,8
major challenge she will use,750,0.056962,3
of four school going children,750,0.056962,11
she has two children who,750,0.056962,27
she wants to continue her,750,0.056962,12
to buy additional fish to,750,0.056962,4
and send her child to,749,0.056886,13
are all in school she,749,0.056886,24
due to the use of,749,0.056886,8
her previous loan and has,749,0.056886,5
is asking for the support,749,0.056886,6
the group she is married,749,0.056886,8
to grow her business so,749,0.056886,27
additional income from raising pigs,748,0.05681,4
and has eight children she,748,0.05681,17
been doing for amt years,748,0.05681,26
earns an income from farming,748,0.05681,4
harvest name plans to use,748,0.05681,7
in the future name plans,748,0.05681,19
is able to provide for,748,0.05681,25
needs for her family like,748,0.05681,3
of living for her family,748,0.05681,24
she also wants to make,748,0.05681,8
this new loan to buy,748,0.05681,20
to her customers she is,748,0.05681,25
working hard to continually provide,748,0.05681,3
farming rice for amt years,747,0.056734,5
future she is going to,747,0.056734,5
her family name has general,747,0.056734,4
is amt years old divorced,747,0.056734,25
lives in small house with,747,0.056734,9
married man with two children,747,0.056734,23
mother of four children and,747,0.056734,30
standard of living this loan,747,0.056734,4
years and earns an average,747,0.056734,3
and is married with amt,746,0.056658,29
lives in remote village in,746,0.056658,7
profits he earns from his,746,0.056658,7
than amt years she has,746,0.056658,21
thankful to kiva and its,746,0.056658,10
from org loc kiva field,745,0.056582,3
lives together with her partner,745,0.056582,10
name dreams of expanding her,745,0.056582,17
name has been working as,745,0.056582,21
of amt per month this,745,0.056582,3
province of loc she is,745,0.056582,10
to be able to purchase,745,0.056582,28
wants to support her husband,745,0.056582,11
and has four children two,744,0.056506,22
business she learned the trade,744,0.056506,4
business woman with four children,744,0.056506,4
children go to school and,744,0.056506,17
farming name is not comfortable,744,0.056506,3
her major challenge she will,744,0.056506,3
improve the state of her,744,0.056506,9
is hardworking man who tries,744,0.056506,3
loan will help her purchase,744,0.056506,16
married with seven children with,744,0.056506,4
name is now requesting another,744,0.056506,16
to earn enough to send,744,0.056506,5
to keep her business running,744,0.056506,19
business and improve her family,743,0.05643,24
children he has been farmer,743,0.05643,11
name plans to invest in,743,0.05643,14
amt years ago with start,742,0.056354,3
amt years this is his,742,0.056354,14
and enterprising amt year old,742,0.056354,5
and is looking forward to,742,0.056354,15
and she has been in,742,0.056354,26
hardworking man who tries his,742,0.056354,3
has four children all of,742,0.056354,18
in her business she would,742,0.056354,17
name intends to use the,742,0.056354,11
received his dream is to,742,0.056354,3
sustains her family but also,742,0.056354,4
the future she is going,742,0.056354,4
this loan to buy some,742,0.056354,22
to pay for her daughter,742,0.056354,22
two children she and her,742,0.056354,18
will use his loan to,742,0.056354,25
woman who lives in traditional,742,0.056354,4
years with this new loan,742,0.056354,6
aged amt is married woman,741,0.056278,17
amt years old two of,741,0.056278,17
and has four children three,741,0.056278,21
basic needs of his family,741,0.056278,18
children with one of them,741,0.056278,10
far right of the photo,741,0.056278,7
her family she is amt,741,0.056278,19
her hand in the photo,741,0.056278,5
in order to make her,741,0.056278,26
in the central region of,741,0.056278,6
of loc name is married,741,0.056278,11
provide his family with decent,741,0.056278,10
requested loan to cover the,741,0.056278,4
the years she has established,741,0.056278,4
can earn money every day,740,0.056202,4
first loan with visionfund loc,740,0.056202,3
has been doing this work,740,0.056202,21
has been working in the,740,0.056202,26
income to take care of,740,0.056202,25
is working hard to continually,740,0.056202,3
married with three children in,740,0.056202,16
married woman she has two,740,0.056202,16
old with three children name,740,0.056202,4
she wants to increase the,740,0.056202,24
she will use part of,740,0.056202,22
so that her children can,740,0.056202,18
the market name is requesting,740,0.056202,16
to buy farm inputs and,740,0.056202,8
to invest the proceeds from,740,0.056202,4
amt year old woman married,739,0.056126,27
amt years old happily married,739,0.056126,8
and has strong base of,739,0.056126,3
in order to take care,739,0.056126,24
is amt years old happily,739,0.056126,8
of sustenance for her family,739,0.056126,3
order to take care of,739,0.056126,24
profits from the loan will,739,0.056126,11
she is working very hard,739,0.056126,11
she lives with her parents,739,0.056126,27
so she is requesting loan,739,0.056126,27
to earn additional income name,739,0.056126,13
farming inputs to improve her,738,0.05605,3
is married and father of,738,0.05605,23
name says her business is,738,0.05605,3
neighborhood on the outskirts of,738,0.05605,3
old married and is the,738,0.05605,17
org loc org field partner,738,0.05605,3
she lives in rural community,738,0.05605,9
the loan in full at,738,0.05605,5
children she operates retail business,737,0.055974,7
from her business her dream,737,0.055974,6
has amt children all of,737,0.055974,20
has requested loan to cover,737,0.055974,3
her profits she plans to,737,0.055974,23
like to see her business,737,0.055974,16
loan was repaid successfully she,737,0.055974,4
she can earn more income,737,0.055974,23
she is able to provide,737,0.055974,25
with his wife and two,737,0.055974,28
work and responsible approach to,737,0.055974,3
by prime agricultural lands that,736,0.055898,3
farming name is able to,736,0.055898,3
for this reason name has,736,0.055898,15
harvest and sell it for,736,0.055898,3
has been doing for amt,736,0.055898,26
helping to build children self,736,0.055898,5
her family living conditions she,736,0.055898,25
improve her business in the,736,0.055898,14
mother of amt children including,736,0.055898,8
needs of the family name,736,0.055898,14
oil to increase her business,736,0.055898,3
raised in the photo is,736,0.055898,5
school she has been selling,736,0.055898,20
the financial stability of her,736,0.055898,6
the profits earned from this,736,0.055898,8
this year he decided to,736,0.055898,8
to attain better standard of,736,0.055898,4
to improve her business in,736,0.055898,22
amt org loan which she,735,0.055822,4
and see to it that,735,0.055822,4
currently name is seeking loan,735,0.055822,7
her family living standard she,735,0.055822,9
lack of capital has prevented,735,0.055822,3
name is married and she,735,0.055822,25
other family members including two,735,0.055822,3
she hopes that she will,735,0.055822,20
this is name second loan,735,0.055822,22
with amt children amt of,735,0.055822,22
and at the local market,734,0.055746,13
enable her to pay school,734,0.055746,7
for his children school fees,734,0.055746,22
seeking loan to pay school,734,0.055746,3
she works as farmer to,734,0.055746,5
the growth and prosperity of,734,0.055746,3
the photo is name she,734,0.055746,7
was able to increase the,734,0.055746,12
well being of his family,734,0.055746,21
will help him to buy,734,0.055746,26
and is often described as,733,0.05567,4
at the market she wants,733,0.05567,9
be able to attain better,733,0.05567,3
for over amt years he,733,0.05567,23
her goal is to become,733,0.05567,17
is married mother of four,733,0.05567,25
loc loc she is single,733,0.05567,8
married man with amt children,733,0.05567,21
other farmers in her village,733,0.05567,4
price he is very responsible,733,0.05567,3
she has been working with,733,0.05567,18
to boost her business she,733,0.05567,17
years old she has been,733,0.05567,28
and increase her business in,732,0.055594,8
business her main challenge is,732,0.055594,8
family she has been engaged,732,0.055594,9
for many years she is,732,0.055594,18
in amt she is married,732,0.055594,9
loc loc with her family,732,0.055594,7
single mother of one child,732,0.055594,24
to grow her business to,732,0.055594,28
and at the market to,731,0.055519,4
group of six farmers in,731,0.055519,3
her fourth loan with org,731,0.055519,11
income for their everyday expenses,731,0.055519,4
income is barely enough to,731,0.055519,7
ingredients needed for her food,731,0.055519,3
org one clean cook stove,731,0.055519,4
the org one clean cook,731,0.055519,4
the photo is the group,731,0.055519,6
to her hard work she,731,0.055519,12
and has no dependent children,730,0.055443,7
be grateful for your support,730,0.055443,5
because of the economic situation,730,0.055443,4
been operating her business for,730,0.055443,21
choosing career path and active,730,0.055443,4
improving their standards of living,730,0.055443,7
is very proud of her,730,0.055443,19
one clean cook stove is,730,0.055443,4
profits from the business to,730,0.055443,13
the loan will enable the,730,0.055443,4
to fulfill the needs of,730,0.055443,13
to improve the living standards,730,0.055443,15
to the kiva lenders for,730,0.055443,16
years old and has nine,730,0.055443,12
amt years old with six,729,0.055367,10
dream is to be able,729,0.055367,22
in the picture she is,729,0.055367,22
lives in the municipality of,729,0.055367,6
mother of three children two,729,0.055367,23
of loc loc with her,729,0.055367,9
supporting other young women who,729,0.055367,5
to lack of access to,729,0.055367,4
able to pay for her,728,0.055291,29
amt year old entrepreneur from,728,0.055291,14
but struggles with wood and,728,0.055291,3
her hard work and determination,728,0.055291,7
hopeful that with increased inventory,728,0.055291,3
increase her monthly income she,728,0.055291,6
of amt bags of maize,728,0.055291,3
profit from farming name is,728,0.055291,3
the org one cook stove,728,0.055291,4
will be able to get,728,0.055291,26
amt per month she has,727,0.055215,7
care for her family she,727,0.055215,15
financial stability of her family,727,0.055215,6
her husband and amt children,727,0.055215,26
his business in the future,727,0.055215,25
his family with decent life,727,0.055215,7
loan to invest in her,727,0.055215,22
name is an amt year,727,0.055215,24
old married woman living with,727,0.055215,11
she dreams that one day,727,0.055215,6
such as rights and choices,727,0.055215,4
to be able to build,727,0.055215,23
to buy more items to,727,0.055215,19
to educate his children and,727,0.055215,17
due to lack of access,726,0.055139,4
for her general store business,726,0.055139,5
her children she has been,726,0.055139,21
is to save enough money,726,0.055139,8
loan from kiva to buy,726,0.055139,17
more than amt years of,726,0.055139,19
old and has nine children,726,0.055139,10
pests and diseases name is,726,0.055139,4
source of income she is,726,0.055139,23
the general store for three,726,0.055139,4
to buy more stock for,726,0.055139,23
topics such as rights and,726,0.055139,4
choices choosing career path and,725,0.055063,4
decided to ask for loan,725,0.055063,15
for their support and wishes,725,0.055063,4
invest the proceeds from the,725,0.055063,4
market name is requesting this,725,0.055063,9
name amt years old and,725,0.055063,24
old he is married to,725,0.055063,8
support her six children she,725,0.055063,3
thanks to org and the,725,0.055063,4
the well being of his,725,0.055063,20
to the lenders for this,725,0.055063,8
who lives in loc she,725,0.055063,20
as rights and choices choosing,724,0.054987,4
blessed with two children he,724,0.054987,6
in the best conditions and,724,0.054987,6
so that she can continue,724,0.054987,29
with five children name runs,724,0.054987,6
with which she plans to,724,0.054987,14
are blessed with four children,723,0.054911,9
be used to pay for,723,0.054911,24
her business and continue to,723,0.054911,22
her business she has borrowed,723,0.054911,4
husband and two children in,723,0.054911,19
in neighborhood on the outskirts,723,0.054911,3
loc name is married and,723,0.054911,14
operates farm where she grows,723,0.054911,3
seeking loan through kiva field,723,0.054911,5
she spends most of her,723,0.054911,15
amt children she is dedicated,722,0.054835,4
amt years old he has,722,0.054835,25
for his children he is,722,0.054835,16
in order to buy ingredients,722,0.054835,10
is his main source of,722,0.054835,17
use this loan amount to,722,0.054835,6
years old with six children,722,0.054835,8
additional income to pay his,721,0.054759,4
amt children and lives with,721,0.054759,16
challenges are more competitors and,721,0.054759,3
currently requesting loan from org,721,0.054759,3
full of dreams and aspirations,721,0.054759,3
her business so she can,721,0.054759,30
her family needs she is,721,0.054759,22
name is hoping for your,721,0.054759,4
she is an honest hardworking,721,0.054759,6
this group is composed of,721,0.054759,6
be able to build house,720,0.054683,19
five children one of whom,720,0.054683,17
food and school fees for,720,0.054683,11
groceries to sell she has,720,0.054683,3
loan to purchase more groceries,720,0.054683,11
loan to purchase sacks of,720,0.054683,13
she is married mother with,720,0.054683,11
she would be able to,720,0.054683,27
so that she can use,720,0.054683,16
the loan to pay for,720,0.054683,28
with this loan name is,720,0.054683,16
at the local market name,719,0.054607,23
business and support her family,719,0.054607,28
has been blessed with two,719,0.054607,10
able to feed her family,718,0.054531,17
approached org for loan of,718,0.054531,4
children aged amt amt and,718,0.054531,17
condition of her family she,718,0.054531,8
has asked for loan through,718,0.054531,8
increase the size of her,718,0.054531,33
like to take out loan,718,0.054531,15
married man with three children,718,0.054531,23
of her children are amt,718,0.054531,3
of three children two of,718,0.054531,21
the mother of eight children,718,0.054531,22
to expand her current business,718,0.054531,13
transition guide supporting other young,718,0.054531,5
with child in school she,718,0.054531,4
with one of them currently,718,0.054531,5
access to electricity with five,717,0.054455,4
amt children she lives in,717,0.054455,25
can grow her business and,717,0.054455,18
he lives in loc loc,717,0.054455,11
her six children she is,717,0.054455,13
married with amt children name,717,0.054455,19
needs of her family name,717,0.054455,23
of the name she is,717,0.054455,16
she describes herself as hardworking,717,0.054455,5
to assist her with her,717,0.054455,7
to expand his business he,717,0.054455,28
tuition at the university so,717,0.054455,3
wants to expand his business,717,0.054455,24
better position to engage in,716,0.054379,3
in better position to engage,716,0.054379,3
is single mother of three,716,0.054379,25
married with one child in,716,0.054379,15
married woman she has been,716,0.054379,11
on the org one cook,716,0.054379,4
one cook stove please visit,716,0.054379,4
org one cook stove please,716,0.054379,4
she also engages in small,716,0.054379,3
six children she runs general,716,0.054379,3
will increase his production hence,716,0.054379,4
woman and mother of three,716,0.054379,28
years she hopes that in,716,0.054379,3
and expanding her business to,715,0.054303,6
capital has prevented her from,715,0.054303,4
engage in other agricultural businesses,715,0.054303,3
feed her family since she,715,0.054303,3
is requesting loan for the,715,0.054303,18
laborer to support her family,715,0.054303,3
name plans to expand her,715,0.054303,22
seven years now and has,715,0.054303,3
through farming she has been,715,0.054303,3
commitment to her family well,714,0.054227,4
for almost amt years and,714,0.054227,15
for the financial support she,714,0.054227,10
for two years name has,714,0.054227,15
from other farmers in her,714,0.054227,3
he hopes that with the,714,0.054227,10
lot of appreciation from her,714,0.054227,3
name is grateful for your,714,0.054227,17
order to buy more stocks,714,0.054227,4
rights and choices choosing career,714,0.054227,4
source of income she sells,714,0.054227,11
this business and change her,714,0.054227,3
to expand her business into,714,0.054227,18
and choices choosing career path,713,0.054151,4
earned to support her family,713,0.054151,7
family and contribute to her,713,0.054151,4
his production hence increasing his,713,0.054151,4
loan that will help him,713,0.054151,15
loc for amt years she,713,0.054151,13
raising business for amt years,713,0.054151,6
she is hopeful that this,713,0.054151,11
and fertilizer your loan will,712,0.054075,3
and increase his income he,712,0.054075,16
despite facing the challenges of,712,0.054075,3
for her first loan from,712,0.054075,11
her household expenses with the,712,0.054075,3
ingredients needed for her business,712,0.054075,4
is the primary means of,712,0.054075,5
living conditions for her family,712,0.054075,28
married and blessed with six,712,0.054075,11
of experience in this business,712,0.054075,23
org loan which she will,712,0.054075,5
primary means of income for,712,0.054075,4
she works monday through saturday,712,0.054075,3
and other items she started,711,0.054,5
and she works as farmer,711,0.054,5
has been farming for few,711,0.054,3
help support her family everyday,711,0.054,4
in order to buy fertilizers,711,0.054,12
in the same area and,711,0.054,8
married with four children who,711,0.054,23
plans to use the additional,711,0.054,10
thanks all the kiva lenders,711,0.054,12
that allows him to meet,711,0.054,6
to increase the family income,711,0.054,16
was repaid successfully she will,711,0.054,3
with nine children she is,711,0.054,6
years old married with one,711,0.054,17
fertilizer that she will use,710,0.053924,4
her to increase her stock,710,0.053924,21
is to have her own,710,0.053924,21
loan to purchase variety of,710,0.053924,21
mother of amt children all,710,0.053924,20
sell in her store in,710,0.053924,9
to buy different types of,710,0.053924,20
amt year old entrepreneur she,709,0.053848,14
been raising livestock for amt,709,0.053848,8
clothes to sell to her,709,0.053848,16
name is hardworking man who,709,0.053848,14
was able to increase her,709,0.053848,23
years old and both of,709,0.053848,3
and she will be using,708,0.053772,4
buy construction materials such as,708,0.053772,12
family with decent life he,708,0.053772,6
farming inputs name is seeking,708,0.053772,3
is married and has seven,708,0.053772,31
is widow and mother of,708,0.053772,30
like sugar salt cooking oil,708,0.053772,4
name is hopeful that this,708,0.053772,5
which she has operated for,708,0.053772,11
are still in school and,707,0.053696,18
brighter future for her children,707,0.053696,14
care of her children she,707,0.053696,23
contributing to the local economy,707,0.053696,3
enough to send her children,707,0.053696,6
expenses she has amt children,707,0.053696,3
for loan to buy fertilizer,707,0.053696,15
for many years and she,707,0.053696,15
has had retail business for,707,0.053696,5
is client of the microfinance,707,0.053696,3
province she is amt years,707,0.053696,7
to buy amt sacks of,707,0.053696,12
amt years old married to,706,0.05362,23
and is married woman she,706,0.05362,8
been able to support her,706,0.05362,21
children to continue their studies,706,0.05362,9
for the new school year,706,0.05362,10
from her mother she sells,706,0.05362,3
her family and the community,706,0.05362,8
her loan on time she,706,0.05362,11
her previous loan she is,706,0.05362,18
is her first loan which,706,0.05362,5
like to be able to,706,0.05362,27
living with her husband and,706,0.05362,24
loan to invest in essential,706,0.05362,3
man he has amt children,706,0.05362,10
requesting another loan to purchase,706,0.05362,19
she has been into this,706,0.05362,8
wants her business to expand,706,0.05362,6
was able to buy the,706,0.05362,11
will enable her to add,706,0.05362,10
with two children he has,706,0.05362,20
able to meet her family,705,0.053544,22
at an excellent price he,705,0.053544,3
business woman with two children,705,0.053544,3
invested time and resources in,705,0.053544,3
is asking for another loan,705,0.053544,20
light during the night and,705,0.053544,3
loan name will buy more,705,0.053544,13
loan will enable name to,705,0.053544,25
of her family name is,705,0.053544,28
of three children all of,705,0.053544,26
past ten years she has,705,0.053544,22
requesting kiva loan from org,705,0.053544,8
that she has had more,705,0.053544,4
then sells them in the,705,0.053544,16
this will be name second,705,0.053544,12
who helped her with financing,705,0.053544,3
amt he is married and,704,0.053468,21
and hopes for your support,704,0.053468,5
back her loan on time,704,0.053468,12
for this reason she has,704,0.053468,25
her community as very reliable,704,0.053468,3
investment will allow her to,704,0.053468,14
it has become difficult for,704,0.053468,5
loan will help to educate,704,0.053468,3
loc she will use the,704,0.053468,11
nine children she is very,704,0.053468,5
old and mother of amt,704,0.053468,23
profits her dream is to,704,0.053468,8
save money to invest in,704,0.053468,7
she has two children one,704,0.053468,19
that he will use to,704,0.053468,24
to the remote areas in,704,0.053468,3
been farming for amt years,703,0.053392,17
been farming for the last,703,0.053392,8
business with the aim of,703,0.053392,19
electricity with five other family,703,0.053392,4
etc in the future she,703,0.053392,7
for two years she has,703,0.053392,26
he is married and is,703,0.053392,23
he lives in his own,703,0.053392,7
per month on all of,703,0.053392,3
school helping to build children,703,0.053392,5
she applied for loan of,703,0.053392,15
to educate her children to,703,0.053392,12
will help her to generate,703,0.053392,13
with these inputs name will,703,0.053392,3
buy plot of land in,702,0.053316,14
expand her business to be,702,0.053316,20
from kiva partner org for,702,0.053316,5
generate more income to improve,702,0.053316,9
has two children with one,702,0.053316,5
her family and pay school,702,0.053316,16
needs in the future she,702,0.053316,17
of them go to school,702,0.053316,25
old with one child she,702,0.053316,6
one child she is single,702,0.053316,4
take out another loan to,702,0.053316,9
the future she wants her,702,0.053316,9
amt is married and the,701,0.05324,27
future she wants to become,701,0.05324,9
in business activities since amt,701,0.05324,3
in small community in loc,701,0.05324,3
in village on the outskirts,701,0.05324,4
order to grow more crops,701,0.05324,6
shown in the photo is,701,0.05324,10
to electricity with five other,701,0.05324,4
to engage in other agricultural,701,0.05324,4
buy farming inputs to improve,700,0.053164,3
by volunteering amt hours weekly,700,0.053164,3
challenge is the lack of,700,0.053164,15
has two children and lives,700,0.053164,20
his loan on time and,700,0.053164,12
name requested loan from kiva,700,0.053164,8
next amt years she wants,700,0.053164,4
org to buy more stocks,700,0.053164,4
than amt years and has,700,0.053164,16
will be name second loan,700,0.053164,12
young women who are just,700,0.053164,5
add stock to her business,699,0.053088,5
and wants to thank all,699,0.053088,7
been farming rice for amt,699,0.053088,5
business and educate her children,699,0.053088,11
in her place of business,699,0.053088,6
is amt and lives with,699,0.053088,23
school for the past five,699,0.053088,15
she has two children and,699,0.053088,27
she started her business of,699,0.053088,17
so that she can save,699,0.053088,25
the support of this loan,699,0.053088,11
three children she describes herself,699,0.053088,4
to educate her children her,699,0.053088,11
an excellent price he is,698,0.053012,3
four children in school name,698,0.053012,5
in this line of business,698,0.053012,18
man he is amt years,698,0.053012,14
source of income for him,698,0.053012,15
the challenges that come with,698,0.053012,3
to use this loan amount,698,0.053012,3
to use to repay the,698,0.053012,3
women who are just entering,698,0.053012,5
all live in the same,697,0.052936,9
by the covid amt pandemic,697,0.052936,11
is applying for kiva loan,697,0.052936,17
married with three children all,697,0.052936,17
new farming methods since then,697,0.052936,3
photo is hardworking young man,697,0.052936,3
she is asking for your,697,0.052936,6
that her children can have,697,0.052936,13
use her loan share to,697,0.052936,6
was born in amt into,697,0.052936,4
and everyone who helped her,696,0.05286,3
fees for her children with,696,0.05286,10
has the support of her,696,0.05286,9
her children name hopes that,696,0.05286,8
position to engage in other,696,0.05286,3
she wants to provide her,696,0.05286,18
take care of the family,696,0.05286,24
to sell this will help,696,0.05286,15
woman who has been running,696,0.05286,12
ages amt and amt years,695,0.052784,20
basic necessities of life she,695,0.052784,3
charcoal and energy expenses she,695,0.052784,3
door to door to her,695,0.052784,6
farmer she is amt years,695,0.052784,14
for her family like food,695,0.052784,3
his family in loc he,695,0.052784,8
loc loc she is mother,695,0.052784,10
looking forward to bountiful harvest,695,0.052784,3
request loan to buy more,695,0.052784,12
she is now requesting loan,695,0.052784,27
support her family needs she,695,0.052784,17
volunteering amt hours weekly as,695,0.052784,3
and has three children all,694,0.052708,22
been farming for many years,694,0.052708,10
build house for her children,694,0.052708,15
buy plot of land name,694,0.052708,7
contribute to the local community,694,0.052708,3
for her first loan cycle,694,0.052708,4
hopes this loan will help,694,0.052708,18
is assured of bumper harvest,694,0.052708,3
lives in small community in,694,0.052708,4
more than amt years like,694,0.052708,5
she is married and two,694,0.052708,6
the increased income to purchase,694,0.052708,3
two children she lives with,694,0.052708,29
two children with one of,694,0.052708,8
will be used to make,694,0.052708,19
five children who are in,693,0.052632,16
for the last ten years,693,0.052632,19
her business is going on,693,0.052632,6
is wonderful woman who tries,693,0.052632,4
lenders for their generous support,693,0.052632,7
support her family name runs,693,0.052632,6
to charge their mobile devices,693,0.052632,4
year old man who is,693,0.052632,27
amt year old married lady,692,0.052557,21
but the biggest challenge she,692,0.052557,3
children she is widow and,692,0.052557,12
has been practicing farming for,692,0.052557,5
pigs name would like to,692,0.052557,3
she decided to take out,692,0.052557,11
this is why name is,692,0.052557,16
brought about low demand for,691,0.052481,3
her business she says thanks,691,0.052481,6
is thankful to the lenders,691,0.052481,14
married with five children and,691,0.052481,27
more profit to support her,691,0.052481,9
one cookstove to help him,691,0.052481,3
she would like to see,691,0.052481,20
to continue her business she,691,0.052481,10
who is amt years of,691,0.052481,22
with decent life he is,691,0.052481,7
and she is seeking loan,690,0.052405,13
area of loc name is,690,0.052405,8
business in which she sells,690,0.052405,21
buy spare parts and other,690,0.052405,7
family standard of living and,690,0.052405,25
for the purchase of livestock,690,0.052405,5
four children living in loc,690,0.052405,9
grocery store business in the,690,0.052405,7
has brought about low demand,690,0.052405,3
his family in the future,690,0.052405,21
in the price of goods,690,0.052405,5
in very simple house with,690,0.052405,3
such as milk eggs sugar,690,0.052405,3
up her business she will,690,0.052405,6
would like to be able,690,0.052405,27
and to pay for the,689,0.052329,23
dependents to earn an income,689,0.052329,3
for all the support that,689,0.052329,6
her family basic needs and,689,0.052329,19
her family in the area,689,0.052329,5
her standard of living this,689,0.052329,7
improve his family standard of,689,0.052329,22
is hardworking farmer who has,689,0.052329,6
name is confident that she,689,0.052329,14
she is with her husband,689,0.052329,5
this time she is working,689,0.052329,6
years thanks to her hard,689,0.052329,4
and will do anything to,688,0.052253,4
confident that this loan will,688,0.052253,13
increase his production hence increasing,688,0.052253,4
is the father of two,688,0.052253,24
name does not have enough,688,0.052253,17
plans to reinvest the profits,688,0.052253,12
years old and is from,688,0.052253,17
and amt years old they,687,0.052177,17
and has rice farming business,687,0.052177,3
loan for the amount of,687,0.052177,8
ranging in age from amt,687,0.052177,18
she is very thankful for,687,0.052177,18
so that she can make,687,0.052177,29
will use the entire loan,687,0.052177,4
and providing for her family,686,0.052101,12
be able to increase his,686,0.052101,30
children who attend school he,686,0.052101,17
for amt years name earns,686,0.052101,4
in business for the past,686,0.052101,15
income comes from her husband,686,0.052101,5
involved in business activities since,686,0.052101,3
it for this reason that,686,0.052101,8
name is from the loc,686,0.052101,9
over amt years of experience,686,0.052101,17
profits and expand her business,686,0.052101,11
this will boost her income,686,0.052101,5
to be able to send,686,0.052101,21
to get white collar job,686,0.052101,3
very hardworking individual and is,686,0.052101,4
amt days week she has,685,0.052025,3
farming business for the past,685,0.052025,10
from the loan into the,685,0.052025,5
in front of her house,685,0.052025,23
kiva field partner to purchase,685,0.052025,9
loan she is grateful to,685,0.052025,8
of expanding her business and,685,0.052025,25
opportunity to build better life,685,0.052025,5
plans to use the increased,685,0.052025,4
school fees for the children,685,0.052025,18
the eastern region of loc,685,0.052025,5
this investment will not only,685,0.052025,7
to build better life for,685,0.052025,12
who is dedicated to her,685,0.052025,10
with great understanding of business,685,0.052025,3
woman who lives in two,685,0.052025,4
excellent price he is very,684,0.051949,3
group representative she is married,684,0.051949,3
his dream is to open,684,0.051949,10
in loc loc name is,684,0.051949,15
is her major challenge she,684,0.051949,3
of her family she thanks,684,0.051949,14
of living to her family,684,0.051949,9
org loc she will use,684,0.051949,6
pay for his children school,684,0.051949,21
profits will enable her to,684,0.051949,15
to do so because he,684,0.051949,5
use the profits he gains,684,0.051949,3
woman living in the loc,684,0.051949,9
amt and the youngest is,683,0.051873,14
better standard of living to,683,0.051873,11
children to continue studying and,683,0.051873,3
food to sell to her,683,0.051873,9
has seen his life improve,683,0.051873,3
invest more in her business,683,0.051873,17
kiva loan to purchase more,683,0.051873,13
own house in the future,683,0.051873,16
to meet customer demand with,683,0.051873,12
will enable him to optimize,683,0.051873,3
will use to buy certified,683,0.051873,3
educator leading life skills sessions,682,0.051797,4
hardworking individual and is representing,682,0.051797,4
her main sources of income,682,0.051797,9
high school education and is,682,0.051797,3
his second loan with org,682,0.051797,12
is seeking new loan to,682,0.051797,16
life with this loan she,682,0.051797,9
lives with her spouse and,682,0.051797,16
loan will allow him to,682,0.051797,29
loc area of loc and,682,0.051797,3
married with amt children all,682,0.051797,17
name is single woman she,682,0.051797,10
peer educator leading life skills,682,0.051797,4
she has honed her skills,682,0.051797,4
three children ages amt amt,682,0.051797,18
years old he is single,682,0.051797,18
because he wanted to get,681,0.051721,4
engaged in this business for,681,0.051721,23
is single woman with three,681,0.051721,9
kiva loan to start her,681,0.051721,3
she is part of the,681,0.051721,15
the best for her family,681,0.051721,13
to buy more cows for,681,0.051721,7
village in the loc district,681,0.051721,5
be able to send her,680,0.051645,20
he has seen his life,680,0.051645,3
her family in loc she,680,0.051645,14
in her store in the,680,0.051645,8
individual he is amt years,680,0.051645,4
is widow with amt children,680,0.051645,26
loan to buy seeds fertilizers,680,0.051645,18
old married woman from the,680,0.051645,7
order to support her family,680,0.051645,29
she will be in position,680,0.051645,7
with her husband who is,680,0.051645,24
year old living with her,680,0.051645,8
an education loan to pay,679,0.051569,3
and increase the number of,679,0.051569,28
kiva loan to purchase seeds,679,0.051569,5
quality seeds and fertilizers to,679,0.051569,8
she describes herself as honest,679,0.051569,3
that with this loan she,679,0.051569,22
the opportunity to build better,679,0.051569,5
the woman in this photo,679,0.051569,7
farmer from loc she is,678,0.051493,6
has also been affected by,678,0.051493,4
has been farming for many,678,0.051493,10
is confident that this loan,678,0.051493,12
maintenance she also wants to,678,0.051493,3
name hard work and her,678,0.051493,3
name has been running her,678,0.051493,24
per day and six days,678,0.051493,3
profits to pay back her,678,0.051493,5
to support his family and,678,0.051493,29
with the support of this,678,0.051493,10
years she needs loan to,678,0.051493,11
business name plans to use,677,0.051417,19
her family living standards and,677,0.051417,11
her previous loans were repaid,677,0.051417,6
is widow and the mother,677,0.051417,26
loc he is married with,677,0.051417,14
name has been member of,677,0.051417,12
profits he earns from this,677,0.051417,9
she is beloved wife and,677,0.051417,3
started the business to be,677,0.051417,5
to buy spare parts for,677,0.051417,20
to kiva and its field,677,0.051417,3
to pay for his children,677,0.051417,31
to restock her grocery store,677,0.051417,11
able to provide for his,676,0.051341,23
and has children who are,676,0.051341,11
blessed with three children he,676,0.051341,8
her and her family to,676,0.051341,18
improve her business and change,676,0.051341,4
like to thank all of,676,0.051341,11
loan in order to start,676,0.051341,8
materials for her business she,676,0.051341,17
old married woman who started,676,0.051341,4
the future are to expand,676,0.051341,12
they are blessed with four,676,0.051341,8
to be self reliant and,676,0.051341,9
to the well being of,676,0.051341,21
would like for her children,676,0.051341,4
committed to repaying her loan,675,0.051265,4
dream is to improve her,675,0.051265,15
for their support in the,675,0.051265,8
he dreams of expanding his,675,0.051265,13
hours per day and six,675,0.051265,3
is requesting for loan to,675,0.051265,16
living by providing them with,675,0.051265,4
now she is requesting loan,675,0.051265,21
the last amt years and,675,0.051265,23
to expand her farm and,675,0.051265,18
to meet her family basic,675,0.051265,19
and save money to invest,674,0.051189,4
business for the past seven,674,0.051189,14
buy more items to sell,674,0.051189,17
her business she dreams of,674,0.051189,24
her children are schooling and,674,0.051189,4
is married woman aged amt,674,0.051189,18
loan to buy construction materials,674,0.051189,15
name first loan request from,674,0.051189,3
name is hardworking farmer from,674,0.051189,6
prime agricultural lands that favor,674,0.051189,3
since then he has seen,674,0.051189,3
to get this loan to,674,0.051189,7
two children she describes herself,674,0.051189,3
very grateful to the lenders,674,0.051189,12
access to financial services for,673,0.051113,4
amt is married mother of,673,0.051113,24
as camfed learner guide facilitating,673,0.051113,5
both of whom attend school,673,0.051113,21
buy seeds and fertilizer she,673,0.051113,10
describes herself as hardworking businesswoman,673,0.051113,3
is amt year old business,673,0.051113,20
is amt years old now,673,0.051113,14
money so she can continue,673,0.051113,3
she wants to expand this,673,0.051113,6
taking this loan to buy,673,0.051113,14
the increased income to pay,673,0.051113,3
then he has seen his,673,0.051113,3
to provide basic needs for,673,0.051113,9
to sell she will use,673,0.051113,23
vegetable farming business in the,673,0.051113,3
woman with two children who,673,0.051113,20
years old married with five,673,0.051113,18
all lenders for their support,672,0.051038,11
amt org from kiva partner,672,0.051038,5
customers demands she plans to,672,0.051038,13
she has run general store,672,0.051038,7
she wants to support her,672,0.051038,22
this investment will allow her,672,0.051038,13
three children all of her,672,0.051038,16
amt years old and happily,671,0.050962,9
and to pay for her,671,0.050962,30
has been making and selling,671,0.050962,19
he is married with four,671,0.050962,24
is father to amt children,671,0.050962,10
like for her children to,671,0.050962,4
long hours on his farm,671,0.050962,3
name earns additional income from,671,0.050962,4
she was also able to,671,0.050962,22
up of amt women who,671,0.050962,3
years she has been involved,671,0.050962,14
and fertilizers to improve her,670,0.050886,8
children his hopes and dreams,670,0.050886,4
for amt years thanks to,670,0.050886,13
her husband helps her with,670,0.050886,18
her store she plans to,670,0.050886,23
high quality farm inputs and,670,0.050886,4
in order to earn more,670,0.050886,28
married woman she has four,670,0.050886,13
old and married she lives,670,0.050886,22
she is married with six,670,0.050886,24
that her business will grow,670,0.050886,16
the investment he hopes to,670,0.050886,4
to make ends meet name,670,0.050886,13
to purchase materials for fishing,670,0.050886,3
years this is her second,670,0.050886,11
able to pay back her,669,0.05081,11
amt years and works amt,669,0.05081,4
and has two children her,669,0.05081,23
and that he will have,669,0.05081,6
blessed with three children her,669,0.05081,8
further developing her business name,669,0.05081,5
improve the quality of his,669,0.05081,28
is hardworking woman who has,669,0.05081,20
old and married to earn,669,0.05081,3
past few years name has,669,0.05081,9
the couple has three children,669,0.05081,7
to rent more land to,669,0.05081,6
to see her children succeed,669,0.05081,8
and expand her business name,668,0.050734,23
and that of her family,668,0.050734,20
and two children in the,668,0.050734,18
be used to buy fertilizer,668,0.050734,12
decided to join this year,668,0.050734,3
her family living conditions her,668,0.050734,14
her in better position to,668,0.050734,3
his family quality of life,668,0.050734,20
in the local market name,668,0.050734,19
is very grateful for your,668,0.050734,10
loan to buy another dairy,668,0.050734,6
old married with five children,668,0.050734,18
on the farm she has,668,0.050734,12
past amt years and has,668,0.050734,15
to her family and her,668,0.050734,11
buy quality farming inputs such,667,0.050658,4
customers buying on credit and,667,0.050658,3
doing it for many years,667,0.050658,9
into this business for amt,667,0.050658,4
of amt org she will,667,0.050658,14
on she would like to,667,0.050658,9
she has operated this business,667,0.050658,14
standard of living to her,667,0.050658,9
the main source of her,667,0.050658,16
the previous loan which enabled,667,0.050658,6
this loan to buy fishing,667,0.050658,8
use his profits to pay,667,0.050658,15
wants to use the profits,667,0.050658,17
years old and single woman,667,0.050658,11
and amt years old both,666,0.050582,15
enabling her to support her,666,0.050582,9
has lot of experience in,666,0.050582,23
her family better quality of,666,0.050582,14
income for the family name,666,0.050582,19
plans to use the money,666,0.050582,19
profits to repay the loan,666,0.050582,9
she is committed to repaying,666,0.050582,5
to join this year because,666,0.050582,3
to the use of poor,666,0.050582,3
amt year old young woman,665,0.050506,21
her family needs and give,665,0.050506,3
name has requested for loan,665,0.050506,15
she seeks loan to buy,665,0.050506,17
to kiva and the lenders,665,0.050506,6
to support her only child,665,0.050506,4
used to support her family,665,0.050506,19
wants to help her husband,665,0.050506,17
with the aim of increasing,665,0.050506,14
wonderful woman who tries her,665,0.050506,4
amt year old name married,664,0.05043,8
born in the year amt,664,0.05043,3
business for number of years,664,0.05043,13
capital name will use the,664,0.05043,7
go long way in uplifting,664,0.05043,3
has approached org for loan,664,0.05043,5
is grateful to the kiva,664,0.05043,15
lives with her spouse in,664,0.05043,10
this income is barely enough,664,0.05043,3
to strengthen her business and,664,0.05043,18
tries his utmost to make,664,0.05043,6
with amt children he is,664,0.05043,19
with one of her children,664,0.05043,14
children who are both in,663,0.050354,24
farmer with many years of,663,0.050354,6
farming for the past five,663,0.050354,9
in front of her home,663,0.050354,15
loc she is very hardworking,663,0.050354,11
name is now seeking loan,663,0.050354,11
save for her children education,663,0.050354,16
she can generate more income,663,0.050354,16
she is member of name,663,0.050354,9
she takes care of her,663,0.050354,30
the remote areas in the,663,0.050354,3
child in the loc district,662,0.050278,7
do so because he wanted,662,0.050278,3
four of whom are still,662,0.050278,14
hard work and determination she,662,0.050278,9
her dreams for the future,662,0.050278,11
is amt years old the,662,0.050278,25
is her first loan cycle,662,0.050278,10
loan to buy more cows,662,0.050278,9
seen his life improve especially,662,0.050278,3
single mother of four children,662,0.050278,19
so because he wanted to,662,0.050278,3
this is name he is,662,0.050278,11
to support her with loan,662,0.050278,6
two children and lives in,662,0.050278,21
will help to educate her,662,0.050278,3
amt year old single man,661,0.050202,29
as she will be able,661,0.050202,18
customer demand she plans to,661,0.050202,14
dream is to be successful,661,0.050202,12
for many years her business,661,0.050202,7
from org to buy more,661,0.050202,17
items like sugar salt cooking,661,0.050202,4
place her in better position,661,0.050202,3
profit she earns to pay,661,0.050202,9
ten years she has been,661,0.050202,21
the past seven years she,661,0.050202,23
this reason she is requesting,661,0.050202,24
to earn additional income she,661,0.050202,13
to support her children education,661,0.050202,26
who lives with amt other,661,0.050202,4
will enable him to buy,661,0.050202,19
years of experience in the,661,0.050202,22
amt years old is the,660,0.050126,23
and give her family better,660,0.050126,12
challenge as inadequate working capital,660,0.050126,5
generate income for her family,660,0.050126,17
in the village of loc,660,0.050126,17
is new to the program,660,0.050126,3
married with three children between,660,0.050126,8
of amt children including amt,660,0.050126,6
running his business has made,660,0.050126,3
she is the leader of,660,0.050126,17
this loan to increase her,660,0.050126,26
buy new sewing machine and,659,0.05005,17
for the loan to purchase,659,0.05005,11
he hopes this will increase,659,0.05005,9
her business by purchasing more,659,0.05005,28
in the community of loc,659,0.05005,11
its partners for their support,659,0.05005,5
loan to buy more fish,659,0.05005,18
loan to pay for the,659,0.05005,22
married woman with nine children,659,0.05005,9
name requested loan through org,659,0.05005,5
she hopes that this will,659,0.05005,21
she is taking out loan,659,0.05005,17
that he will have many,659,0.05005,5
that will allow him to,659,0.05005,24
this loan she intends to,659,0.05005,19
will invest in the purchase,659,0.05005,6
with the anticipated profits he,659,0.05005,3
